time,range_raw,copol_raw,time,range_raw,crosspol_raw,time,weather_inside_temperature,time,weather_outside_temperature,time,weather_inside_humidity,time,weather_outside_humidity,time,weather_wind_speed,time,weather_wind_direction,time,weather_barometric_pressure,time,weather_dew_point,time,weather_rain_rate,time,elevation_angle,time,azimuth_angle,time,copol_background,time,crosspol_background,time,telescope_temperature,time,detector_temperature,time,laser_temperature,time,date_yyyyMMdd,time,time_hhmmss,time,year,time,month,time,day,time,hour,time,minute,time,second,time,aod_age_secs,time,latitude,time,longitude,time,altitude,time,laser_energy,time,syncpulse,time,range_raw,copol_snr,time,range_raw,crosspol_snr,time,aeronet_aod,time,sda_aod_totals,time,sda_aod_fines,time,sda_aod_coarses,time,sda_ae_totals,time,sda_ae_fines,time,sda_dae_totals,time,sda_dae_fines,time,range_nrb,copol_nrb,time,range_nrb,crosspol_nrb,time,range_radiometer,radiometer_temperature,time,range_radiometer,radiometer_vaporDensity,time,range_radiometer,radiometer_liquid,time,range_radiometer,radiometer_relativeHumidity,time,number_of_clouds,number_of_cloud_outlines,clouds,time,number_of_clouds,pbls,time,range_vbp,extinction_coefficient,time,range_vbp,mass_concentration,time,range_vbp,VBP,time,range_nrb,depolarization_ratio,time,range_nrb,particle_type,time,number_of_particle_type,particle_type_mapping,time,lidar_ratio,time,aod
83.7125,0.029979246,27.204521,83.7125,0.029979246,18.384918,83.7125,29.734568,83.7125,22.691355,83.7125,33.666668,83.7125,61.0,83.7125,0.0,83.7125,305.0,83.7125,968.38617,83.7125,14.780175,83.7125,0.0,83.7125,0.0,83.7125,0.0,83.7125,0.00074637734,83.7125,0.0006958047,83.7125,27.966665,83.7125,28.296667,83.7125,27.691109,83.7125,20260324,83.7125,170600,83.7125,2026.0,83.7125,3.0,83.7125,24.0,83.7125,17.0,83.7125,6.0,83.7125,0.0,83.7125,-1.0,83.7125,-999.0,83.7125,-999.0,83.7125,-999.0,83.7125,4.0872226,83.7125,2500.0,83.7125,0.029979246,86128.555,83.7125,0.029979246,61025.203,83.7125,,83.7125,,83.7125,,83.7125,,83.7125,,83.7125,,83.7125,,83.7125,,83.7125,0.11991698,0.5334003,83.7125,0.11991698,0.029626736,,,,,,,,,,,,,83.7125,0.0,0.0,1.7987548,83.7125,0.0,0.2698132,83.7125,0.11991698,0.205151,83.7125,0.11991698,28.402664,83.7125,0.11991698,0.0068383673,83.7125,0.11991698,0.0526386,83.7125,0.11991698,6.0,83.7125,0.0,WaterCloud,83.7125,30.0,83.7125,
83.7125,0.05995849,19.922163,83.7125,0.05995849,1.9200058,,,,,,,,,,,,,,,,,,,,,,,,,,,,,,,,,,,,,,,,,,,,,,,,,,,,,,,,,,,,,83.7125,0.05995849,63092.582,83.7125,0.05995849,6366.5923,,,,,,,,,,,,,,,,,83.7125,0.14989623,0.4673039,83.7125,0.14989623,0.025844859,,,,,,,,,,,,,83.7125,0.0,1.0,2.068568,83.7125,1.0,,83.7125,0.14989623,0.1770378,83.7125,0.14989623,28.278965,83.7125,0.14989623,0.00590126,83.7125,0.14989623,0.05243131,83.7125,0.14989623,6.0,83.7125,1.0,MixedCloud,,,,
83.7125,0.08993774,19.963158,83.7125,0.08993774,1.4713819,,,,,,,,,,,,,,,,,,,,,,,,,,,,,,,,,,,,,,,,,,,,,,,,,,,,,,,,,,,,,83.7125,0.08993774,63213.777,83.7125,0.08993774,4879.566,,,,,,,,,,,,,,,,,83.7125,0.17987548,0.40457308,83.7125,0.17987548,0.022540545,,,,,,,,,,,,,83.7125,0.0,2.0,2.6381736,83.7125,2.0,,83.7125,0.17987548,0.14936097,83.7125,0.17987548,28.157188,83.7125,0.17987548,0.0049786996,83.7125,0.17987548,0.05278136,83.7125,0.17987548,6.0,83.7125,2.0,Ice/dust/ash,,,,
83.7125,0.11991698,18.943314,83.7125,0.11991698,1.2119441,,,,,,,,,,,,,,,,,,,,,,,,,,,,,,,,,,,,,,,,,,,,,,,,,,,,,,,,,,,,,83.7125,0.11991698,59968.457,83.7125,0.11991698,4020.134,,,,,,,,,,,,,,,,,83.7125,0.20985472,0.38803387,83.7125,0.20985472,0.02091536,,,,,,,,,,,,,83.7125,1.0,0.0,,83.7125,3.0,,83.7125,0.20985472,0.14329846,83.7125,0.20985472,28.130512,83.7125,0.20985472,0.004776616,83.7125,0.20985472,0.051155057,83.7125,0.20985472,6.0,83.7125,3.0,Rain/Dust,,,,
83.7125,0.14989623,15.982449,83.7125,0.14989623,0.98392093,,,,,,,,,,,,,,,,,,,,,,,,,,,,,,,,,,,,,,,,,,,,,,,,,,,,,,,,,,,,,83.7125,0.14989623,50560.348,83.7125,0.14989623,3265.5693,,,,,,,,,,,,,,,,,83.7125,0.23983397,0.37444913,83.7125,0.23983397,0.01941944,,,,,,,,,,,,,83.7125,1.0,1.0,,83.7125,4.0,,83.7125,0.23983397,0.13850865,83.7125,0.23983397,28.109438,83.7125,0.23983397,0.0046169553,83.7125,0.23983397,0.049306974,83.7125,0.23983397,6.0,83.7125,4.0,Molecular,,,,
83.7125,0.17987548,13.288694,83.7125,0.17987548,0.80571175,,,,,,,,,,,,,,,,,,,,,,,,,,,,,,,,,,,,,,,,,,,,,,,,,,,,,,,,,,,,,83.7125,0.17987548,42076.992,83.7125,0.17987548,2673.463,,,,,,,,,,,,,,,,,83.7125,0.2698132,0.36253232,83.7125,0.2698132,0.018190045,,,,,,,,,,,,,83.7125,1.0,2.0,,83.7125,5.0,,83.7125,0.2698132,0.1343785,83.7125,0.2698132,28.091269,83.7125,0.2698132,0.0044792835,83.7125,0.2698132,0.047774866,83.7125,0.2698132,6.0,83.7125,5.0,CleanAerosol,,,,
83.7125,0.20985472,12.184574,83.7125,0.20985472,0.70139813,,,,,,,,,,,,,,,,,,,,,,,,,,,,,,,,,,,,,,,,,,,,,,,,,,,,,,,,,,,,,83.7125,0.20985472,38582.85,83.7125,0.20985472,2326.659,,,,,,,,,,,,,,,,,83.7125,0.29979247,0.36501905,83.7125,0.29979247,0.017774412,,,,,,,,,,,,,83.7125,2.0,0.0,,83.7125,6.0,,83.7125,0.29979247,0.13734604,83.7125,0.29979247,28.104322,83.7125,0.29979247,0.004578201,83.7125,0.29979247,0.04642767,83.7125,0.29979247,6.0,83.7125,6.0,PollutedAerosol,,,,
83.7125,0.23983397,11.195835,83.7125,0.23983397,0.61164653,,,,,,,,,,,,,,,,,,,,,,,,,,,,,,,,,,,,,,,,,,,,,,,,,,,,,,,,,,,,,83.7125,0.23983397,35449.203,83.7125,0.23983397,2029.7838,,,,,,,,,,,,,,,,,83.7125,0.3297717,0.35999328,83.7125,0.3297717,0.0171391,,,,,,,,,,,,,83.7125,2.0,1.0,,83.7125,7.0,,83.7125,0.3297717,0.1366598,83.7125,0.3297717,28.101303,83.7125,0.3297717,0.0045553264,83.7125,0.3297717,0.045447946,83.7125,0.3297717,6.0,83.7125,7.0,Undetected,,,,
83.7125,0.2698132,10.118355,83.7125,0.2698132,0.53053695,,,,,,,,,,,,,,,,,,,,,,,,,,,,,,,,,,,,,,,,,,,,,,,,,,,,,,,,,,,,,83.7125,0.2698132,32031.514,83.7125,0.2698132,1759.7444,,,,,,,,,,,,,,,,,83.7125,0.35975096,0.3539993,83.7125,0.35975096,0.016513318,,,,,,,,,,,,,83.7125,2.0,2.0,,83.7125,8.0,,83.7125,0.35975096,0.1353901,83.7125,0.35975096,28.095716,83.7125,0.35975096,0.0045130034,83.7125,0.35975096,0.04455934,83.7125,0.35975096,6.0,,,,,,,
83.7125,0.29979247,9.462873,83.7125,0.29979247,0.4780753,,,,,,,,,,,,,,,,,,,,,,,,,,,,,,,,,,,,,,,,,,,,,,,,,,,,,,,,,,,,,83.7125,0.29979247,29964.389,83.7125,0.29979247,1584.7458,,,,,,,,,,,,,,,,,83.7125,0.3897302,0.33557042,83.7125,0.3897302,0.014997214,,,,,,,,,,,,,83.7125,3.0,0.0,,83.7125,9.0,,83.7125,0.3897302,0.12759593,83.7125,0.3897302,28.061422,83.7125,0.3897302,0.0042531975,83.7125,0.3897302,0.042783137,83.7125,0.3897302,6.0,,,,,,,
83.7125,0.3297717,8.556894,83.7125,0.3297717,0.42082405,,,,,,,,,,,,,,,,,,,,,,,,,,,,,,,,,,,,,,,,,,,,,,,,,,,,,,,,,,,,,83.7125,0.3297717,27092.668,83.7125,0.3297717,1395.1718,,,,,,,,,,,,,,,,,83.7125,0.41970944,0.32959887,83.7125,0.41970944,0.014187276,,,,,,,,,,,,,83.7125,3.0,1.0,,,,,83.7125,0.41970944,0.12606952,83.7125,0.41970944,28.054707,83.7125,0.41970944,0.004202318,83.7125,0.41970944,0.04126846,83.7125,0.41970944,6.0,,,,,,,
83.7125,0.35975096,7.590049,83.7125,0.35975096,0.3651346,,,,,,,,,,,,,,,,,,,,,,,,,,,,,,,,,,,,,,,,,,,,,,,,,,,,,,,,,,,,,83.7125,0.35975096,24034.998,83.7125,0.35975096,1211.013,,,,,,,,,,,,,,,,,83.7125,0.4496887,0.3270473,83.7125,0.4496887,0.013879049,,,,,,,,,,,,,83.7125,3.0,2.0,,,,,83.7125,0.4496887,0.12630783,83.7125,0.4496887,28.055756,83.7125,0.4496887,0.004210261,83.7125,0.4496887,0.040709242,83.7125,0.4496887,6.0,,,,,,,
83.7125,0.3897302,6.5074673,83.7125,0.3897302,0.29988104,,,,,,,,,,,,,,,,,,,,,,,,,,,,,,,,,,,,,,,,,,,,,,,,,,,,,,,,,,,,,83.7125,0.3897302,20607.432,83.7125,0.3897302,993.81805,,,,,,,,,,,,,,,,,83.7125,0.47966793,0.3260691,83.7125,0.47966793,0.013388386,,,,,,,,,,,,,83.7125,4.0,0.0,,,,,83.7125,0.47966793,0.12734012,83.7125,0.47966793,28.060297,83.7125,0.47966793,0.0042446703,83.7125,0.47966793,0.03943717,83.7125,0.47966793,6.0,,,,,,,
83.7125,0.41970944,5.766146,83.7125,0.41970944,0.25551093,,,,,,,,,,,,,,,,,,,,,,,,,,,,,,,,,,,,,,,,,,,,,,,,,,,,,,,,,,,,,83.7125,0.41970944,18254.992,83.7125,0.41970944,846.0832,,,,,,,,,,,,,,,,,83.7125,0.5096472,0.3161096,83.7125,0.5096472,0.012797329,,,,,,,,,,,,,83.7125,4.0,1.0,,,,,83.7125,0.5096472,0.123578824,83.7125,0.5096472,28.043745,83.7125,0.5096472,0.004119294,83.7125,0.5096472,0.03890471,83.7125,0.5096472,6.0,,,,,,,
83.7125,0.44968867,5.1288266,83.7125,0.44968867,0.22452776,,,,,,,,,,,,,,,,,,,,,,,,,,,,,,,,,,,,,,,,,,,,,,,,,,,,,,,,,,,,,83.7125,0.44968867,16232.469,83.7125,0.44968867,742.673,,,,,,,,,,,,,,,,,83.7125,0.5396264,0.3013354,83.7125,0.5396264,0.01205958,,,,,,,,,,,,,83.7125,4.0,2.0,,,,,83.7125,0.5396264,0.11708932,83.7125,0.5396264,28.015192,83.7125,0.5396264,0.003902977,83.7125,0.5396264,0.038477335,83.7125,0.5396264,6.0,,,,,,,
83.7125,0.47966793,4.6096387,83.7125,0.47966793,0.19562694,,,,,,,,,,,,,,,,,,,,,,,,,,,,,,,,,,,,,,,,,,,,,,,,,,,,,,,,,,,,,83.7125,0.47966793,14583.667,83.7125,0.47966793,646.70306,,,,,,,,,,,,,,,,,83.7125,0.56960565,0.29176217,83.7125,0.56960565,0.011464362,,,,,,,,,,,,,83.7125,5.0,0.0,,,,,83.7125,0.56960565,0.113347925,83.7125,0.56960565,27.998732,83.7125,0.56960565,0.0037782649,83.7125,0.56960565,0.037800506,83.7125,0.56960565,6.0,,,,,,,
83.7125,0.5096472,4.0060835,83.7125,0.5096472,0.16807972,,,,,,,,,,,,,,,,,,,,,,,,,,,,,,,,,,,,,,,,,,,,,,,,,,,,,,,,,,,,,83.7125,0.5096472,12677.13,83.7125,0.5096472,555.83167,,,,,,,,,,,,,,,,,83.7125,0.59958494,0.28223488,83.7125,0.59958494,0.010653026,,,,,,,,,,,,,83.7125,5.0,1.0,,,,,83.7125,0.59958494,0.109521784,83.7125,0.59958494,27.981895,83.7125,0.59958494,0.0036507265,83.7125,0.59958494,0.036359023,83.7125,0.59958494,6.0,,,,,,,
83.7125,0.5396264,3.4395955,83.7125,0.5396264,0.14283802,,,,,,,,,,,,,,,,,,,,,,,,,,,,,,,,,,,,,,,,,,,,,,,,,,,,,,,,,,,,,83.7125,0.5396264,10887.291,83.7125,0.5396264,471.56674,,,,,,,,,,,,,,,,,83.7125,0.62956417,0.27006295,83.7125,0.62956417,0.009713934,,,,,,,,,,,,,83.7125,5.0,2.0,,,,,83.7125,0.62956417,0.10419938,83.7125,0.62956417,27.958477,83.7125,0.62956417,0.0034733128,83.7125,0.62956417,0.034731165,83.7125,0.62956417,6.0,,,,,,,
83.7125,0.56960565,3.0236502,83.7125,0.56960565,0.12405177,,,,,,,,,,,,,,,,,,,,,,,,,,,,,,,,,,,,,,,,,,,,,,,,,,,,,,,,,,,,,83.7125,0.56960565,9569.973,83.7125,0.56960565,409.42963,,,,,,,,,,,,,,,,,83.7125,0.6595434,0.263144,83.7125,0.6595434,0.0093948785,,,,,,,,,,,,,83.7125,6.0,0.0,,,,,83.7125,0.6595434,0.10145379,83.7125,0.6595434,27.946396,83.7125,0.6595434,0.0033817932,83.7125,0.6595434,0.034453575,83.7125,0.6595434,6.0,,,,,,,
83.7125,0.59958494,2.659765,83.7125,0.59958494,0.10533987,,,,,,,,,,,,,,,,,,,,,,,,,,,,,,,,,,,,,,,,,,,,,,,,,,,,,,,,,,,,,83.7125,0.59958494,8414.027,83.7125,0.59958494,347.69095,,,,,,,,,,,,,,,,,83.7125,0.6895227,0.25743756,83.7125,0.6895227,0.009155799,,,,,,,,,,,,,83.7125,6.0,1.0,,,,,83.7125,0.6895227,0.09925192,83.7125,0.6895227,27.936707,83.7125,0.6895227,0.003308397,83.7125,0.6895227,0.034314822,83.7125,0.6895227,6.0,,,,,,,
83.7125,0.62956417,2.3216422,83.7125,0.62956417,0.08821955,,,,,,,,,,,,,,,,,,,,,,,,,,,,,,,,,,,,,,,,,,,,,,,,,,,,,,,,,,,,,83.7125,0.62956417,7342.796,83.7125,0.62956417,290.68213,,,,,,,,,,,,,,,,,83.7125,0.7195019,0.25511467,83.7125,0.7195019,0.008802175,,,,,,,,,,,,,83.7125,6.0,2.0,,,,,83.7125,0.7195019,0.09906901,83.7125,0.7195019,27.935904,83.7125,0.7195019,0.0033023,83.7125,0.7195019,0.033306822,83.7125,0.7195019,6.0,,,,,,,
83.7125,0.6595434,2.0827608,83.7125,0.6595434,0.07893798,,,,,,,,,,,,,,,,,,,,,,,,,,,,,,,,,,,,,,,,,,,,,,,,,,,,,,,,,,,,,83.7125,0.6595434,6588.8394,83.7125,0.6595434,260.05954,,,,,,,,,,,,,,,,,83.7125,0.74948114,0.24700244,83.7125,0.74948114,0.008339803,,,,,,,,,,,,,83.7125,7.0,0.0,,,,,83.7125,0.74948114,0.09554253,83.7125,0.74948114,27.920387,83.7125,0.74948114,0.003184751,83.7125,0.74948114,0.03262496,83.7125,0.74948114,6.0,,,,,,,
83.7125,0.6895226,1.8759185,83.7125,0.6895226,0.07120333,,,,,,,,,,,,,,,,,,,,,,,,,,,,,,,,,,,,,,,,,,,,,,,,,,,,,,,,,,,,,83.7125,0.6895226,5940.1895,83.7125,0.6895226,234.07878,,,,,,,,,,,,,,,,,83.7125,0.7794604,0.24111935,83.7125,0.7794604,0.008039176,,,,,,,,,,,,,83.7125,7.0,1.0,,,,,83.7125,0.7794604,0.0933287,83.7125,0.7794604,27.910646,83.7125,0.7794604,0.0031109566,83.7125,0.7794604,0.03225031,83.7125,0.7794604,6.0,,,,,,,
83.7125,0.7195019,1.7167186,83.7125,0.7195019,0.06342407,,,,,,,,,,,,,,,,,,,,,,,,,,,,,,,,,,,,,,,,,,,,,,,,,,,,,,,,,,,,,83.7125,0.7195019,5436.271,83.7125,0.7195019,208.18973,,,,,,,,,,,,,,,,,83.7125,0.80943966,0.23331088,83.7125,0.80943966,0.007367728,,,,,,,,,,,,,83.7125,7.0,2.0,,,,,83.7125,0.80943966,0.089909025,83.7125,0.80943966,27.8956,83.7125,0.80943966,0.0029969672,83.7125,0.80943966,0.030601539,83.7125,0.80943966,6.0,,,,,,,
83.7125,0.74948114,1.5349696,83.7125,0.74948114,0.055897668,,,,,,,,,,,,,,,,,,,,,,,,,,,,,,,,,,,,,,,,,,,,,,,,,,,,,,,,,,,,,83.7125,0.74948114,4859.7305,83.7125,0.74948114,182.88054,,,,,,,,,,,,,,,,,83.7125,0.8394189,0.2288757,83.7125,0.8394189,0.00761778,,,,,,,,,,,,,83.7125,8.0,0.0,,,,,83.7125,0.8394189,0.088279754,83.7125,0.8394189,27.888432,83.7125,0.8394189,0.0029426585,83.7125,0.8394189,0.03219853,83.7125,0.8394189,6.0,,,,,,,
83.7125,0.7794604,1.3995537,83.7125,0.7794604,0.050691653,,,,,,,,,,,,,,,,,,,,,,,,,,,,,,,,,,,,,,,,,,,,,,,,,,,,,,,,,,,,,83.7125,0.7794604,4429.635,83.7125,0.7794604,166.07365,,,,,,,,,,,,,,,,,83.7125,0.8693981,0.2245956,83.7125,0.8693981,0.0069193295,,,,,,,,,,,,,83.7125,8.0,1.0,,,,,83.7125,0.8693981,0.086771555,83.7125,0.8693981,27.881796,83.7125,0.8693981,0.0028923852,83.7125,0.8693981,0.02989233,83.7125,0.8693981,5.0,,,,,,,
83.7125,0.80943966,1.2715306,83.7125,0.80943966,0.04425108,,,,,,,,,,,,,,,,,,,,,,,,,,,,,,,,,,,,,,,,,,,,,,,,,,,,,,,,,,,,,83.7125,0.80943966,4023.5364,83.7125,0.80943966,144.47739,,,,,,,,,,,,,,,,,83.7125,0.8993774,0.22212905,83.7125,0.8993774,0.006923862,,,,,,,,,,,,,83.7125,8.0,2.0,,,,,83.7125,0.8993774,0.08624336,83.7125,0.8993774,27.87947,83.7125,0.8993774,0.002874779,83.7125,0.8993774,0.030219534,83.7125,0.8993774,6.0,,,,,,,
83.7125,0.8394189,1.166518,83.7125,0.8394189,0.042733897,,,,,,,,,,,,,,,,,,,,,,,,,,,,,,,,,,,,,,,,,,,,,,,,,,,,,,,,,,,,,83.7125,0.8394189,3692.552,83.7125,0.8394189,139.28824,,,,,,,,,,,,,,,,,83.7125,0.92935663,0.21693696,83.7125,0.92935663,0.0066900044,,,,,,,,,,,,,83.7125,9.0,0.0,,,,,83.7125,0.92935663,0.08407811,83.7125,0.92935663,27.869944,83.7125,0.92935663,0.0028026036,83.7125,0.92935663,0.029926628,83.7125,0.92935663,5.0,,,,,,,
83.7125,0.8693981,1.0770787,83.7125,0.8693981,0.036828797,,,,,,,,,,,,,,,,,,,,,,,,,,,,,,,,,,,,,,,,,,,,,,,,,,,,,,,,,,,,,83.7125,0.8693981,3407.9683,83.7125,0.8693981,120.03973,,,,,,,,,,,,,,,,,83.7125,0.95933586,0.21740323,83.7125,0.95933586,0.0066712513,,,,,,,,,,,,,83.7125,9.0,1.0,,,,,83.7125,0.95933586,0.085175835,83.7125,0.95933586,27.874775,83.7125,0.95933586,0.0028391941,83.7125,0.95933586,0.029754,83.7125,0.95933586,5.0,,,,,,,
83.7125,0.89937735,0.99546325,83.7125,0.89937735,0.034716647,,,,,,,,,,,,,,,,,,,,,,,,,,,,,,,,,,,,,,,,,,,,,,,,,,,,,,,,,,,,,83.7125,0.89937735,3150.3416,83.7125,0.89937735,112.75104,,,,,,,,,,,,,,,,,83.7125,0.98931515,0.2161597,83.7125,0.98931515,0.006897619,,,,,,,,,,,,,83.7125,9.0,2.0,,,,,83.7125,0.98931515,0.08530651,83.7125,0.98931515,27.875349,83.7125,0.98931515,0.0028435506,83.7125,0.98931515,0.030917207,83.7125,0.98931515,6.0,,,,,,,
83.7125,0.92935663,0.91529083,83.7125,0.92935663,0.031801276,,,,,,,,,,,,,,,,,,,,,,,,,,,,,,,,,,,,,,,,,,,,,,,,,,,,,,,,,,,,,83.7125,0.92935663,2896.001,83.7125,0.92935663,103.36523,,,,,,,,,,,,,,,,,83.7125,1.0192944,0.21269292,83.7125,1.0192944,0.0066788928,,,,,,,,,,,,,,,,,,,,83.7125,1.0192944,0.08412073,83.7125,1.0192944,27.870134,83.7125,1.0192944,0.0028040244,83.7125,1.0192944,0.03045648,83.7125,1.0192944,6.0,,,,,,,
83.7125,0.95933586,0.86723185,83.7125,0.95933586,0.030046113,,,,,,,,,,,,,,,,,,,,,,,,,,,,,,,,,,,,,,,,,,,,,,,,,,,,,,,,,,,,,83.7125,0.95933586,2743.908,83.7125,0.95933586,97.31274,,,,,,,,,,,,,,,,,83.7125,1.0492736,0.20851268,83.7125,1.0492736,0.006140446,,,,,,,,,,,,,,,,,,,,83.7125,1.0492736,0.082472,83.7125,1.0492736,27.862877,83.7125,1.0492736,0.0027490666,83.7125,1.0492736,0.028614001,83.7125,1.0492736,5.0,,,,,,,
83.7125,0.9893151,0.81148297,83.7125,0.9893151,0.029109031,,,,,,,,,,,,,,,,,,,,,,,,,,,,,,,,,,,,,,,,,,,,,,,,,,,,,,,,,,,,,83.7125,0.9893151,2567.2236,83.7125,0.9893151,94.3422,,,,,,,,,,,,,,,,,83.7125,1.0792528,0.20826207,83.7125,1.0792528,0.006503522,,,,,,,,,,,,,,,,,,,,83.7125,1.0792528,0.08313754,83.7125,1.0792528,27.865807,83.7125,1.0792528,0.0027712516,83.7125,1.0792528,0.03027257,83.7125,1.0792528,6.0,,,,,,,
83.7125,1.0192944,0.7614755,83.7125,1.0192944,0.027175367,,,,,,,,,,,,,,,,,,,,,,,,,,,,,,,,,,,,,,,,,,,,,,,,,,,,,,,,,,,,,83.7125,1.0192944,2410.1184,83.7125,1.0192944,87.98481,,,,,,,,,,,,,,,,,83.7125,1.1092321,0.20801641,83.7125,1.1092321,0.0063533485,,,,,,,,,,,,,,,,,,,,83.7125,1.1092321,0.083794504,83.7125,1.1092321,27.868694,83.7125,1.1092321,0.0027931503,83.7125,1.1092321,0.029634863,83.7125,1.1092321,5.0,,,,,,,
83.7125,1.0492736,0.70965344,83.7125,1.0492736,0.024200505,,,,,,,,,,,,,,,,,,,,,,,,,,,,,,,,,,,,,,,,,,,,,,,,,,,,,,,,,,,,,83.7125,1.0492736,2245.538,83.7125,1.0492736,78.18643,,,,,,,,,,,,,,,,,83.7125,1.1392113,0.20183219,83.7125,1.1392113,0.0065372903,,,,,,,,,,,,,,,,,,,,83.7125,1.1392113,0.08086806,83.7125,1.1392113,27.85582,83.7125,1.1392113,0.002695602,83.7125,1.1392113,0.031388063,83.7125,1.1392113,6.0,,,,,,,
83.7125,1.0792528,0.6695374,83.7125,1.0792528,0.024334375,,,,,,,,,,,,,,,,,,,,,,,,,,,,,,,,,,,,,,,,,,,,,,,,,,,,,,,,,,,,,83.7125,1.0792528,2117.9897,83.7125,1.0792528,78.64654,,,,,,,,,,,,,,,,,83.7125,1.1691906,0.20046715,83.7125,1.1691906,0.0063048913,,,,,,,,,,,,,,,,,,,,83.7125,1.1691906,0.0808554,83.7125,1.1691906,27.855762,83.7125,1.1691906,0.00269518,83.7125,1.1691906,0.030505402,83.7125,1.1691906,6.0,,,,,,,
83.7125,1.1092321,0.63760227,83.7125,1.1092321,0.022683326,,,,,,,,,,,,,,,,,,,,,,,,,,,,,,,,,,,,,,,,,,,,,,,,,,,,,,,,,,,,,83.7125,1.1092321,2017.2494,83.7125,1.1092321,72.95965,,,,,,,,,,,,,,,,,83.7125,1.1991699,0.19765231,83.7125,1.1991699,0.005970413,,,,,,,,,,,,,,,,,,,,83.7125,1.1991699,0.07989319,83.7125,1.1991699,27.851528,83.7125,1.1991699,0.0026631064,83.7125,1.1991699,0.029282829,83.7125,1.1991699,5.0,,,,,,,
83.7125,1.1392113,0.58826417,83.7125,1.1392113,0.022103228,,,,,,,,,,,,,,,,,,,,,,,,,,,,,,,,,,,,,,,,,,,,,,,,,,,,,,,,,,,,,83.7125,1.1392113,1861.2827,83.7125,1.1392113,71.171715,,,,,,,,,,,,,,,,,83.7125,1.2291491,0.19983505,83.7125,1.2291491,0.0060499627,,,,,,,,,,,,,,,,,,,,83.7125,1.2291491,0.08195996,83.7125,1.2291491,27.860622,83.7125,1.2291491,0.0027319987,83.7125,1.2291491,0.0293262,83.7125,1.2291491,5.0,,,,,,,
83.7125,1.1691905,0.5557787,83.7125,1.1691905,0.020452179,,,,,,,,,,,,,,,,,,,,,,,,,,,,,,,,,,,,,,,,,,,,,,,,,,,,,,,,,,,,,83.7125,1.1691905,1757.7136,83.7125,1.1691905,65.51989,,,,,,,,,,,,,,,,,83.7125,1.2591283,0.20108443,83.7125,1.2591283,0.0062856055,,,,,,,,,,,,,,,,,,,,83.7125,1.2591283,0.083535224,83.7125,1.2591283,27.867556,83.7125,1.2591283,0.002784507,83.7125,1.2591283,0.030352596,83.7125,1.2591283,6.0,,,,,,,
83.7125,1.1991699,0.5256582,83.7125,1.1991699,0.018756507,,,,,,,,,,,,,,,,,,,,,,,,,,,,,,,,,,,,,,,,,,,,,,,,,,,,,,,,,,,,,83.7125,1.1991699,1662.7593,83.7125,1.1991699,59.966812,,,,,,,,,,,,,,,,,83.7125,1.2891076,0.20549317,83.7125,1.2891076,0.006478265,,,,,,,,,,,,,,,,,,,,83.7125,1.2891076,0.08710539,83.7125,1.2891076,27.883263,83.7125,1.2891076,0.0029035127,83.7125,1.2891076,0.030575134,83.7125,1.2891076,6.0,,,,,,,
83.7125,1.2291491,0.50348055,83.7125,1.2291491,0.018206157,,,,,,,,,,,,,,,,,,,,,,,,,,,,,,,,,,,,,,,,,,,,,,,,,,,,,,,,,,,,,83.7125,1.2291491,1593.22,83.7125,1.2291491,58.10939,,,,,,,,,,,,,,,,,83.7125,1.3190868,0.20383419,83.7125,1.3190868,0.0060111634,,,,,,,,,,,,,,,,,,,,83.7125,1.3190868,0.086916596,83.7125,1.3190868,27.882433,83.7125,1.3190868,0.0028972195,83.7125,1.3190868,0.028579226,83.7125,1.3190868,5.0,,,,,,,
83.7125,1.2591283,0.48790714,83.7125,1.2591283,0.01814666,,,,,,,,,,,,,,,,,,,,,,,,,,,,,,,,,,,,,,,,,,,,,,,,,,,,,,,,,,,,,83.7125,1.2591283,1543.9344,83.7125,1.2591283,57.918625,,,,,,,,,,,,,,,,,83.7125,1.349066,0.19647247,83.7125,1.349066,0.005796549,,,,,,,,,,,,,,,,,,,,83.7125,1.349066,0.08308233,83.7125,1.349066,27.865562,83.7125,1.349066,0.002769411,83.7125,1.349066,0.02859417,83.7125,1.349066,5.0,,,,,,,
83.7125,1.2891076,0.47675145,83.7125,1.2891076,0.0178343,,,,,,,,,,,,,,,,,,,,,,,,,,,,,,,,,,,,,,,,,,,,,,,,,,,,,,,,,,,,,83.7125,1.2891076,1510.8099,83.7125,1.2891076,56.80173,,,,,,,,,,,,,,,,,83.7125,1.3790454,0.18600756,83.7125,1.3790454,0.0055650095,,,,,,,,,,,,,,,,,,,,83.7125,1.3790454,0.07728563,83.7125,1.3790454,27.840057,83.7125,1.3790454,0.0025761877,83.7125,1.3790454,0.028999915,83.7125,1.3790454,5.0,,,,,,,
83.7125,1.3190868,0.45238733,83.7125,1.3190868,0.016094007,,,,,,,,,,,,,,,,,,,,,,,,,,,,,,,,,,,,,,,,,,,,,,,,,,,,,,,,,,,,,83.7125,1.3190868,1434.4557,83.7125,1.3190868,51.030045,,,,,,,,,,,,,,,,,83.7125,1.4090246,0.1735184,83.7125,1.4090246,0.004600527,,,,,,,,,,,,,,,,,,,,83.7125,1.4090246,0.07004126,83.7125,1.4090246,27.80818,83.7125,1.4090246,0.0023347086,83.7125,1.4090246,0.025726326,83.7125,1.4090246,5.0,,,,,,,
83.7125,1.349066,0.41883087,83.7125,1.349066,0.015082553,,,,,,,,,,,,,,,,,,,,,,,,,,,,,,,,,,,,,,,,,,,,,,,,,,,,,,,,,,,,,83.7125,1.349066,1327.2137,83.7125,1.349066,47.60474,,,,,,,,,,,,,,,,,83.7125,1.4390038,0.16179901,83.7125,1.4390038,0.0038132938,,,,,,,,,,,,,,,,,,,,83.7125,1.4390038,0.06330343,83.7125,1.4390038,27.778536,83.7125,1.4390038,0.002110114,83.7125,1.4390038,0.022997892,83.7125,1.4390038,5.0,,,,,,,
83.7125,1.3790452,0.3819426,83.7125,1.3790452,0.014041351,,,,,,,,,,,,,,,,,,,,,,,,,,,,,,,,,,,,,,,,,,,,,,,,,,,,,,,,,,,,,83.7125,1.3790452,1208.727,83.7125,1.3790452,44.31208,,,,,,,,,,,,,,,,,83.7125,1.468983,0.15790802,83.7125,1.468983,0.003969146,,,,,,,,,,,,,,,,,,,,83.7125,1.468983,0.06158822,83.7125,1.468983,27.770988,83.7125,1.468983,0.0020529411,83.7125,1.468983,0.024544828,83.7125,1.468983,5.0,,,,,,,
83.7125,1.4090246,0.34224305,83.7125,1.4090246,0.011720959,,,,,,,,,,,,,,,,,,,,,,,,,,,,,,,,,,,,,,,,,,,,,,,,,,,,,,,,,,,,,83.7125,1.4090246,1081.7987,83.7125,1.4090246,36.553616,,,,,,,,,,,,,,,,,83.7125,1.4989623,0.15250072,83.7125,1.4989623,0.0044562425,,,,,,,,,,,,,,,,,,,,83.7125,1.4989623,0.058567975,83.7125,1.4989623,27.7577,83.7125,1.4989623,0.0019522661,83.7125,1.4989623,0.028346416,83.7125,1.4989623,5.0,,,,,,,
83.7125,1.4390038,0.30773464,83.7125,1.4390038,0.010129407,,,,,,,,,,,,,,,,,,,,,,,,,,,,,,,,,,,,,,,,,,,,,,,,,,,,,,,,,,,,,83.7125,1.4390038,972.90765,83.7125,1.4390038,31.30862,,,,,,,,,,,,,,,,,83.7125,1.5289415,0.1518346,83.7125,1.5289415,0.004088336,,,,,,,,,,,,,,,,,,,,83.7125,1.5289415,0.058616757,83.7125,1.5289415,27.757914,83.7125,1.5289415,0.0019538922,83.7125,1.5289415,0.026149532,83.7125,1.5289415,5.0,,,,,,,
83.7125,1.468983,0.28561655,83.7125,1.468983,0.009787297,,,,,,,,,,,,,,,,,,,,,,,,,,,,,,,,,,,,,,,,,,,,,,,,,,,,,,,,,,,,,83.7125,1.468983,901.9369,83.7125,1.468983,30.299004,,,,,,,,,,,,,,,,,83.7125,1.5589207,0.1480272,83.7125,1.5589207,0.003746477,,,,,,,,,,,,,,,,,,,,83.7125,1.5589207,0.05675985,83.7125,1.5589207,27.749743,83.7125,1.5589207,0.0018919953,83.7125,1.5589207,0.024815958,83.7125,1.5589207,5.0,,,,,,,
83.7125,1.4989623,0.267574,83.7125,1.4989623,0.010426893,,,,,,,,,,,,,,,,,,,,,,,,,,,,,,,,,,,,,,,,,,,,,,,,,,,,,,,,,,,,,83.7125,1.4989623,844.37537,83.7125,1.4989623,32.309963,,,,,,,,,,,,,,,,,83.7125,1.5889001,0.15198158,83.7125,1.5889001,0.00400779,,,,,,,,,,,,,,,,,,,,83.7125,1.5889001,0.05989751,83.7125,1.5889001,27.763548,83.7125,1.5889001,0.0019965835,83.7125,1.5889001,0.025662264,83.7125,1.5889001,5.0,,,,,,,
83.7125,1.5289415,0.25677526,83.7125,1.5289415,0.0094303135,,,,,,,,,,,,,,,,,,,,,,,,,,,,,,,,,,,,,,,,,,,,,,,,,,,,,,,,,,,,,83.7125,1.5289415,809.70154,83.7125,1.5289415,29.050697,,,,,,,,,,,,,,,,,83.7125,1.6188793,0.15954992,83.7125,1.6188793,0.00355908,,,,,,,,,,,,,,,,,,,,83.7125,1.6188793,0.06543383,83.7125,1.6188793,27.787909,83.7125,1.6188793,0.0021811277,83.7125,1.6188793,0.021856766,83.7125,1.6188793,5.0,,,,,,,
83.7125,1.5589207,0.24356689,83.7125,1.5589207,0.008835342,,,,,,,,,,,,,,,,,,,,,,,,,,,,,,,,,,,,,,,,,,,,,,,,,,,,,,,,,,,,,83.7125,1.5589207,767.8449,83.7125,1.5589207,27.020344,,,,,,,,,,,,,,,,,83.7125,1.6488585,0.16994572,83.7125,1.6488585,0.0041658157,,,,,,,,,,,,,,,,,,,,83.7125,1.6488585,0.07276115,83.7125,1.6488585,27.820148,83.7125,1.6488585,0.0024253717,83.7125,1.6488585,0.023958545,83.7125,1.6488585,5.0,,,,,,,
83.7125,1.5889,0.24121672,83.7125,1.5889,0.00886509,,,,,,,,,,,,,,,,,,,,,,,,,,,,,,,,,,,,,,,,,,,,,,,,,,,,,,,,,,,,,83.7125,1.5889,760.84186,83.7125,1.5889,27.17941,,,,,,,,,,,,,,,,,83.7125,1.6788378,0.17212641,83.7125,1.6788378,0.0041467375,,,,,,,,,,,,,,,,,,,,83.7125,1.6788378,0.074876875,83.7125,1.6788378,27.82946,83.7125,1.6788378,0.0024958956,83.7125,1.6788378,0.023425259,83.7125,1.6788378,5.0,,,,,,,
83.7125,1.6188793,0.24320987,83.7125,1.6188793,0.008047003,,,,,,,,,,,,,,,,,,,,,,,,,,,,,,,,,,,,,,,,,,,,,,,,,,,,,,,,,,,,,83.7125,1.6188793,767.3412,83.7125,1.6188793,24.439741,,,,,,,,,,,,,,,,,83.7125,1.708817,0.1732187,83.7125,1.708817,0.0043689664,,,,,,,,,,,,,,,,,,,,83.7125,1.708817,0.076275654,83.7125,1.708817,27.83561,83.7125,1.708817,0.0025425218,83.7125,1.708817,0.024568245,83.7125,1.708817,5.0,,,,,,,
83.7125,1.6488585,0.24924888,83.7125,1.6488585,0.008537855,,,,,,,,,,,,,,,,,,,,,,,,,,,,,,,,,,,,,,,,,,,,,,,,,,,,,,,,,,,,,83.7125,1.6488585,787.87994,83.7125,1.6488585,26.109636,,,,,,,,,,,,,,,,,83.7125,1.7387962,0.17483848,83.7125,1.7387962,0.00428514,,,,,,,,,,,,,,,,,,,,83.7125,1.7387962,0.078139715,83.7125,1.7387962,27.843815,83.7125,1.7387962,0.0026046569,83.7125,1.7387962,0.023961686,83.7125,1.7387962,5.0,,,,,,,
83.7125,1.6788378,0.24438494,83.7125,1.6788378,0.008299866,,,,,,,,,,,,,,,,,,,,,,,,,,,,,,,,,,,,,,,,,,,,,,,,,,,,,,,,,,,,,83.7125,1.6788378,772.00214,83.7125,1.6788378,25.190958,,,,,,,,,,,,,,,,,83.7125,1.7687756,0.16941027,83.7125,1.7687756,0.0040533193,,,,,,,,,,,,,,,,,,,,83.7125,1.7687756,0.07521728,83.7125,1.7687756,27.830956,83.7125,1.7687756,0.0025072426,83.7125,1.7687756,0.023481146,83.7125,1.7687756,5.0,,,,,,,
83.7125,1.708817,0.23907484,83.7125,1.708817,0.008389112,,,,,,,,,,,,,,,,,,,,,,,,,,,,,,,,,,,,,,,,,,,,,,,,,,,,,,,,,,,,,83.7125,1.708817,754.6776,83.7125,1.708817,25.471178,,,,,,,,,,,,,,,,,83.7125,1.7987548,0.16787569,83.7125,1.7987548,0.003912779,,,,,,,,,,,,,,,,,,,,83.7125,1.7987548,0.07488895,83.7125,1.7987548,27.829512,83.7125,1.7987548,0.0024962982,83.7125,1.7987548,0.02272769,83.7125,1.7987548,0.0,,,,,,,
83.7125,1.7387962,0.2302395,83.7125,1.7387962,0.007942882,,,,,,,,,,,,,,,,,,,,,,,,,,,,,,,,,,,,,,,,,,,,,,,,,,,,,,,,,,,,,83.7125,1.7387962,726.5286,83.7125,1.7387962,24.095211,,,,,,,,,,,,,,,,,83.7125,1.828734,0.18403597,83.7125,1.828734,0.004556332,,,,,,,,,,,,,,,,,,,,83.7125,1.828734,0.086856216,83.7125,1.828734,27.88217,83.7125,1.828734,0.0028952071,83.7125,1.828734,0.02421995,83.7125,1.828734,0.0,,,,,,,
83.7125,1.7687755,0.21944074,83.7125,1.7687755,0.007511528,,,,,,,,,,,,,,,,,,,,,,,,,,,,,,,,,,,,,,,,,,,,,,,,,,,,,,,,,,,,,83.7125,1.7687755,693.00055,83.7125,1.7687755,22.576817,,,,,,,,,,,,,,,,,83.7125,1.8587133,0.1857485,83.7125,1.8587133,0.0047834464,,,,,,,,,,,,,,,,,,,,83.7125,1.8587133,0.088922426,83.7125,1.8587133,27.891258,83.7125,1.8587133,0.002964081,83.7125,1.8587133,0.025206218,83.7125,1.8587133,0.0,,,,,,,
83.7125,1.7987547,0.2130745,83.7125,1.7987547,0.0073479097,,,,,,,,,,,,,,,,,,,,,,,,,,,,,,,,,,,,,,,,,,,,,,,,,,,,,,,,,,,,,83.7125,1.7987547,671.993,83.7125,1.7987547,21.957031,,,,,,,,,,,,,,,,,83.7125,1.8886925,0.19808334,83.7125,1.8886925,0.0041226977,,,,,,,,,,,,,,,,,,,,83.7125,1.8886925,0.09884345,83.7125,1.8886925,27.93491,83.7125,1.8886925,0.0032947818,83.7125,1.8886925,0.020334821,83.7125,1.8886925,0.0,,,,,,,
83.7125,1.828734,0.22104716,83.7125,1.828734,0.0076007727,,,,,,,,,,,,,,,,,,,,,,,,,,,,,,,,,,,,,,,,,,,,,,,,,,,,,,,,,,,,,83.7125,1.828734,695.40826,83.7125,1.828734,23.010084,,,,,,,,,,,,,,,,,83.7125,1.9186717,0.21673483,83.7125,1.9186717,0.005337797,,,,,,,,,,,,,,,,,,,,83.7125,1.9186717,0.11325998,83.7125,1.9186717,27.998344,83.7125,1.9186717,0.0037753321,83.7125,1.9186717,0.023868885,83.7125,1.9186717,0.0,,,,,,,
83.7125,1.8587133,0.2197977,83.7125,1.8587133,0.0077792653,,,,,,,,,,,,,,,,,,,,,,,,,,,,,,,,,,,,,,,,,,,,,,,,,,,,,,,,,,,,,83.7125,1.8587133,690.0603,83.7125,1.8587133,23.59879,,,,,,,,,,,,,,,,,83.7125,1.948651,0.25853363,83.7125,1.948651,0.0058590993,,,,,,,,,,,,,,,,,,,,83.7125,1.948651,0.14370081,83.7125,1.948651,28.132284,83.7125,1.948651,0.0047900267,83.7125,1.948651,0.02265266,83.7125,1.948651,0.0,,,,,,,
83.7125,1.8886925,0.22577718,83.7125,1.8886925,0.007005801,,,,,,,,,,,,,,,,,,,,,,,,,,,,,,,,,,,,,,,,,,,,,,,,,,,,,,,,,,,,,83.7125,1.8886925,708.0487,83.7125,1.8886925,21.052324,,,,,,,,,,,,,,,,,83.7125,1.9786303,0.29523718,83.7125,1.9786303,0.006074921,,,,,,,,,,,,,,,,,,,,83.7125,1.9786303,0.17092906,83.7125,1.9786303,28.252089,83.7125,1.9786303,0.005697636,83.7125,1.9786303,0.02027437,83.7125,1.9786303,0.0,,,,,,,
83.7125,1.9186717,0.23821211,83.7125,1.9186717,0.008032128,,,,,,,,,,,,,,,,,,,,,,,,,,,,,,,,,,,,,,,,,,,,,,,,,,,,,,,,,,,,,83.7125,1.9186717,745.64526,83.7125,1.9186717,24.532028,,,,,,,,,,,,,,,,,83.7125,2.0086095,0.32232407,83.7125,2.0086095,0.0070691044,,,,,,,,,,,,,,,,,,,,83.7125,2.0086095,0.19247523,83.7125,2.0086095,28.346891,83.7125,2.0086095,0.006415841,83.7125,2.0086095,0.021542212,83.7125,2.0086095,0.0,,,,,,,
83.7125,1.948651,0.27599284,83.7125,1.948651,0.008403986,,,,,,,,,,,,,,,,,,,,,,,,,,,,,,,,,,,,,,,,,,,,,,,,,,,,,,,,,,,,,83.7125,1.948651,866.50964,83.7125,1.948651,25.607313,,,,,,,,,,,,,,,,,83.7125,2.0385888,0.32621527,83.7125,2.0385888,0.007042608,,,,,,,,,,,,,,,,,,,,83.7125,2.0385888,0.19802612,83.7125,2.0385888,28.371315,83.7125,2.0385888,0.00660087,83.7125,2.0385888,0.021126373,83.7125,2.0385888,0.0,,,,,,,
83.7125,1.9786302,0.30630672,83.7125,1.9786302,0.008463483,,,,,,,,,,,,,,,,,,,,,,,,,,,,,,,,,,,,,,,,,,,,,,,,,,,,,,,,,,,,,83.7125,1.9786302,964.90234,83.7125,1.9786302,25.918507,,,,,,,,,,,,,,,,,83.7125,2.068568,0.33296344,83.7125,2.068568,0.0073217675,,,,,,,,,,,,,,,,,,,,83.7125,2.068568,0.20597132,83.7125,2.068568,28.406273,83.7125,2.068568,0.00686571,83.7125,2.068568,0.021519564,83.7125,2.068568,0.0,,,,,,,
83.7125,2.0086095,0.32504836,83.7125,2.0086095,0.009207199,,,,,,,,,,,,,,,,,,,,,,,,,,,,,,,,,,,,,,,,,,,,,,,,,,,,,,,,,,,,,83.7125,2.0086095,1025.4468,83.7125,2.0086095,28.258505,,,,,,,,,,,,,,,,,83.7125,2.0985472,0.32287246,83.7125,2.0985472,0.0068107885,,,,,,,,,,,,,,,,,,,,83.7125,2.0985472,0.20175037,83.7125,2.0985472,28.387701,83.7125,2.0985472,0.006725013,83.7125,2.0985472,0.020638477,83.7125,2.0985472,0.0,,,,,,,
83.7125,2.0385888,0.31890526,83.7125,2.0385888,0.009058456,,,,,,,,,,,,,,,,,,,,,,,,,,,,,,,,,,,,,,,,,,,,,,,,,,,,,,,,,,,,,83.7125,2.0385888,1007.5904,83.7125,2.0385888,27.728617,,,,,,,,,,,,,,,,,83.7125,2.1285264,0.31681412,83.7125,2.1285264,0.0076861093,,,,,,,,,,,,,,,,,,,,83.7125,2.1285264,0.20027764,83.7125,2.1285264,28.38122,83.7125,2.1285264,0.0066759223,83.7125,2.1285264,0.023735978,83.7125,2.1285264,0.0,,,,,,,
83.7125,2.068568,0.3129555,83.7125,2.068568,0.008850215,,,,,,,,,,,,,,,,,,,,,,,,,,,,,,,,,,,,,,,,,,,,,,,,,,,,,,,,,,,,,83.7125,2.068568,988.93176,83.7125,2.068568,27.011147,,,,,,,,,,,,,,,,,83.7125,2.1585057,0.30935827,83.7125,2.1585057,0.0067697098,,,,,,,,,,,,,,,,,,,,83.7125,2.1585057,0.19787858,83.7125,2.1585057,28.370665,83.7125,2.1585057,0.006595953,83.7125,2.1585057,0.021384068,83.7125,2.1585057,0.0,,,,,,,
83.7125,2.0985472,0.2962368,83.7125,2.0985472,0.008299867,,,,,,,,,,,,,,,,,,,,,,,,,,,,,,,,,,,,,,,,,,,,,,,,,,,,,,,,,,,,,83.7125,2.0985472,935.731,83.7125,2.0985472,25.24073,,,,,,,,,,,,,,,,,83.7125,2.188485,0.30576146,83.7125,2.188485,0.0062090307,,,,,,,,,,,,,,,,,,,,83.7125,2.188485,0.19808716,83.7125,2.188485,28.371582,83.7125,2.188485,0.0066029048,83.7125,2.188485,0.019829733,83.7125,2.188485,0.0,,,,,,,
83.7125,2.1285264,0.2818682,83.7125,2.1285264,0.008835341,,,,,,,,,,,,,,,,,,,,,,,,,,,,,,,,,,,,,,,,,,,,,,,,,,,,,,,,,,,,,83.7125,2.1285264,889.8102,83.7125,2.1285264,26.947632,,,,,,,,,,,,,,,,,83.7125,2.2184641,0.29876706,83.7125,2.2184641,0.0065561365,,,,,,,,,,,,,,,,,,,,83.7125,2.2184641,0.1957441,83.7125,2.2184641,28.361273,83.7125,2.2184641,0.006524803,83.7125,2.2184641,0.021324197,83.7125,2.2184641,0.0,,,,,,,
83.7125,2.1585057,0.26849622,83.7125,2.1585057,0.007883386,,,,,,,,,,,,,,,,,,,,,,,,,,,,,,,,,,,,,,,,,,,,,,,,,,,,,,,,,,,,,83.7125,2.1585057,848.01135,83.7125,2.1585057,23.821861,,,,,,,,,,,,,,,,,83.7125,2.2484434,0.29021576,83.7125,2.2484434,0.005747928,,,,,,,,,,,,,,,,,,,,83.7125,2.2484434,0.19213255,83.7125,2.2484434,28.34538,83.7125,2.2484434,0.006404418,83.7125,2.2484434,0.019319298,83.7125,2.2484434,0.0,,,,,,,
83.7125,2.188485,0.25946748,83.7125,2.188485,0.0071396697,,,,,,,,,,,,,,,,,,,,,,,,,,,,,,,,,,,,,,,,,,,,,,,,,,,,,,,,,,,,,83.7125,2.188485,819.3129,83.7125,2.188485,21.309612,,,,,,,,,,,,,,,,,83.7125,2.2784226,0.27553588,83.7125,2.2784226,0.005732135,,,,,,,,,,,,,,,,,,,,83.7125,2.2784226,0.18300554,83.7125,2.2784226,28.305223,83.7125,2.2784226,0.006100185,83.7125,2.2784226,0.020436812,83.7125,2.2784226,0.0,,,,,,,
83.7125,2.2184641,0.24532205,83.7125,2.2184641,0.00745203,,,,,,,,,,,,,,,,,,,,,,,,,,,,,,,,,,,,,,,,,,,,,,,,,,,,,,,,,,,,,83.7125,2.2184641,774.9642,83.7125,2.2184641,22.340902,,,,,,,,,,,,,,,,,83.7125,2.308402,0.26903585,83.7125,2.308402,0.0059538325,,,,,,,,,,,,,,,,,,,,83.7125,2.308402,0.18041365,83.7125,2.308402,28.293821,83.7125,2.308402,0.0060137883,83.7125,2.308402,0.02165898,83.7125,2.308402,0.0,,,,,,,
83.7125,2.2484434,0.23327385,83.7125,2.2484434,0.006633943,,,,,,,,,,,,,,,,,,,,,,,,,,,,,,,,,,,,,,,,,,,,,,,,,,,,,,,,,,,,,83.7125,2.2484434,736.29315,83.7125,2.2484434,19.563393,,,,,,,,,,,,,,,,,83.7125,2.3383813,0.2622284,83.7125,2.3383813,0.0054496545,,,,,,,,,,,,,,,,,,,,83.7125,2.3383813,0.17753184,83.7125,2.3383813,28.28114,83.7125,2.3383813,0.0059177284,83.7125,2.3383813,0.020298496,83.7125,2.3383813,0.0,,,,,,,
83.7125,2.2784226,0.21738808,83.7125,2.2784226,0.006470325,,,,,,,,,,,,,,,,,,,,,,,,,,,,,,,,,,,,,,,,,,,,,,,,,,,,,,,,,,,,,83.7125,2.2784226,686.29224,83.7125,2.2784226,19.229567,,,,,,,,,,,,,,,,,83.7125,2.3683605,0.24404709,83.7125,2.3683605,0.0044562416,,,,,,,,,,,,,,,,,,,,83.7125,2.3683605,0.16484703,83.7125,2.3683605,28.225328,83.7125,2.3683605,0.0054949014,83.7125,2.3683605,0.016679289,83.7125,2.3683605,0.0,,,,,,,
83.7125,2.3084018,0.20821063,83.7125,2.3084018,0.0066041946,,,,,,,,,,,,,,,,,,,,,,,,,,,,,,,,,,,,,,,,,,,,,,,,,,,,,,,,,,,,,83.7125,2.3084018,657.1351,83.7125,2.3084018,19.65927,,,,,,,,,,,,,,,,,83.7125,2.3983397,0.224142,83.7125,2.3983397,0.0044295616,,,,,,,,,,,,,,,,,,,,83.7125,2.3983397,0.1505262,83.7125,2.3983397,28.162317,83.7125,2.3983397,0.00501754,83.7125,2.3983397,0.019411083,83.7125,2.3983397,0.0,,,,,,,
83.7125,2.338381,0.1957162,83.7125,2.338381,0.0059051015,,,,,,,,,,,,,,,,,,,,,,,,,,,,,,,,,,,,,,,,,,,,,,,,,,,,,,,,,,,,,83.7125,2.338381,617.52924,83.7125,2.338381,17.28622,,,,,,,,,,,,,,,,,83.7125,2.428319,0.20228034,83.7125,2.428319,0.0037003127,,,,,,,,,,,,,,,,,,,,83.7125,2.428319,0.1339601,83.7125,2.428319,28.089424,83.7125,2.428319,0.004465336,83.7125,2.428319,0.017202822,83.7125,2.428319,0.0,,,,,,,
83.7125,2.3683605,0.17875949,83.7125,2.3683605,0.0051316377,,,,,,,,,,,,,,,,,,,,,,,,,,,,,,,,,,,,,,,,,,,,,,,,,,,,,,,,,,,,,83.7125,2.3683605,563.72046,83.7125,2.3683605,14.777135,,,,,,,,,,,,,,,,,83.7125,2.4582982,0.19412997,83.7125,2.4582982,0.004263038,,,,,,,,,,,,,,,,,,,,83.7125,2.4582982,0.12853977,83.7125,2.4582982,28.065575,83.7125,2.4582982,0.0042846594,83.7125,2.4582982,0.02167725,83.7125,2.4582982,0.0,,,,,,,
83.7125,2.3983397,0.16154988,83.7125,2.3983397,0.0050423914,,,,,,,,,,,,,,,,,,,,,,,,,,,,,,,,,,,,,,,,,,,,,,,,,,,,,,,,,,,,,83.7125,2.3983397,509.42682,83.7125,2.3983397,14.4207115,,,,,,,,,,,,,,,,,83.7125,2.4882774,0.17508918,83.7125,2.4882774,0.0037871774,,,,,,,,,,,,,,,,,,,,83.7125,2.4882774,0.11341736,83.7125,2.4882774,27.999035,83.7125,2.4882774,0.0037805785,83.7125,2.4882774,0.019982474,83.7125,2.4882774,0.0,,,,,,,
83.7125,2.428319,0.142838,83.7125,2.428319,0.0044920426,,,,,,,,,,,,,,,,,,,,,,,,,,,,,,,,,,,,,,,,,,,,,,,,,,,,,,,,,,,,,83.7125,2.428319,449.4682,83.7125,2.428319,12.626301,,,,,,,,,,,,,,,,,83.7125,2.5182567,0.15544242,83.7125,2.5182567,0.0027734134,,,,,,,,,,,,,,,,,,,,83.7125,2.5182567,0.09775092,83.7125,2.5182567,27.930105,83.7125,2.5182567,0.0032583638,83.7125,2.5182567,0.016605558,83.7125,2.5182567,0.0,,,,,,,
83.7125,2.4582982,0.12951064,83.7125,2.4582982,0.004640785,,,,,,,,,,,,,,,,,,,,,,,,,,,,,,,,,,,,,,,,,,,,,,,,,,,,,,,,,,,,,83.7125,2.4582982,408.03925,83.7125,2.4582982,13.083949,,,,,,,,,,,,,,,,,83.7125,2.548236,0.13964976,83.7125,2.548236,0.0033141633,,,,,,,,,,,,,,,,,,,,83.7125,2.548236,0.085115165,83.7125,2.548236,27.874508,83.7125,2.548236,0.002837172,83.7125,2.548236,0.020333283,83.7125,2.548236,0.0,,,,,,,
83.7125,2.4882774,0.11521641,83.7125,2.4882774,0.004343299,,,,,,,,,,,,,,,,,,,,,,,,,,,,,,,,,,,,,,,,,,,,,,,,,,,,,,,,,,,,,83.7125,2.4882774,363.02234,83.7125,2.4882774,12.096601,,,,,,,,,,,,,,,,,83.7125,2.5782151,0.1279431,83.7125,2.5782151,0.0029957495,,,,,,,,,,,,,,,,,,,,83.7125,2.5782151,0.07585056,83.7125,2.5782151,27.833744,83.7125,2.5782151,0.0025283517,83.7125,2.5782151,0.018135633,83.7125,2.5782151,0.0,,,,,,,
83.7125,2.5182567,0.101517186,83.7125,2.5182567,0.003614458,,,,,,,,,,,,,,,,,,,,,,,,,,,,,,,,,,,,,,,,,,,,,,,,,,,,,,,,,,,,,83.7125,2.5182567,319.39078,83.7125,2.5182567,9.680171,,,,,,,,,,,,,,,,,83.7125,2.6081944,0.11841401,83.7125,2.6081944,0.0029740317,,,,,,,,,,,,,,,,,,,,83.7125,2.6081944,0.0682649,83.7125,2.6081944,27.800364,83.7125,2.6081944,0.002275497,83.7125,2.6081944,0.021445744,83.7125,2.6081944,0.0,,,,,,,
83.7125,2.548236,0.09021271,83.7125,2.548236,0.0038524468,,,,,,,,,,,,,,,,,,,,,,,,,,,,,,,,,,,,,,,,,,,,,,,,,,,,,,,,,,,,,83.7125,2.548236,283.38147,83.7125,2.548236,10.542722,,,,,,,,,,,,,,,,,83.7125,2.6381736,0.109938756,83.7125,2.6381736,0.0024861707,,,,,,,,,,,,,,,,,,,,83.7125,2.6381736,0.061128657,83.7125,2.6381736,27.768965,83.7125,2.6381736,0.0020376216,83.7125,2.6381736,0.006441669,83.7125,2.6381736,0.0,,,,,,,
83.7125,2.5782151,0.080990635,83.7125,2.5782151,0.0035103378,,,,,,,,,,,,,,,,,,,,,,,,,,,,,,,,,,,,,,,,,,,,,,,,,,,,,,,,,,,,,83.7125,2.5782151,254.00955,83.7125,2.5782151,9.451494,,,,,,,,,,,,,,,,,83.7125,2.6681528,0.099267595,83.7125,2.6681528,0.002574234,,,,,,,,,,,,,,,,,,,,83.7125,2.6681528,0.052114803,83.7125,2.6681528,27.729307,83.7125,2.6681528,0.0017371601,83.7125,2.6681528,0.016551014,83.7125,2.6681528,5.0,,,,,,,
83.7125,2.6081944,0.073151864,83.7125,2.6081944,0.0036739549,,,,,,,,,,,,,,,,,,,,,,,,,,,,,,,,,,,,,,,,,,,,,,,,,,,,,,,,,,,,,83.7125,2.6081944,229.4445,83.7125,2.6081944,9.8667555,,,,,,,,,,,,,,,,,83.7125,2.698132,0.09478318,83.7125,2.698132,0.002136902,,,,,,,,,,,,,,,,,,,,83.7125,2.698132,0.048693277,83.7125,2.698132,27.714249,83.7125,2.698132,0.0016231092,83.7125,2.698132,0.015204072,83.7125,2.698132,5.0,,,,,,,
83.7125,2.6381736,0.06534285,83.7125,2.6381736,0.0032426,,,,,,,,,,,,,,,,,,,,,,,,,,,,,,,,,,,,,,,,,,,,,,,,,,,,,,,,,,,,,83.7125,2.6381736,204.95605,83.7125,2.6381736,8.480503,,,,,,,,,,,,,,,,,83.7125,2.7281115,0.0911168,83.7125,2.7281115,0.0020436633,,,,,,,,,,,,,,,,,,,,83.7125,2.7281115,0.045766756,83.7125,2.7281115,27.701376,83.7125,2.7281115,0.0015255586,83.7125,2.7281115,0.009277793,83.7125,2.7281115,4.0,,,,,,,
83.7125,2.6681528,0.058827903,83.7125,2.6681528,0.0033169715,,,,,,,,,,,,,,,,,,,,,,,,,,,,,,,,,,,,,,,,,,,,,,,,,,,,,,,,,,,,,83.7125,2.6681528,184.36217,83.7125,2.6681528,8.665066,,,,,,,,,,,,,,,,,83.7125,2.7580907,0.08919309,83.7125,2.7580907,0.0017706377,,,,,,,,,,,,,,,,,,,,83.7125,2.7580907,0.04440422,83.7125,2.7580907,27.695381,83.7125,2.7580907,0.0014801405,83.7125,2.7580907,0.0032605908,83.7125,2.7580907,4.0,,,,,,,
83.7125,2.698132,0.05637364,83.7125,2.698132,0.0030938569,,,,,,,,,,,,,,,,,,,,,,,,,,,,,,,,,,,,,,,,,,,,,,,,,,,,,,,,,,,,,83.7125,2.698132,176.43022,83.7125,2.698132,8.018617,,,,,,,,,,,,,,,,,83.7125,2.78807,0.08378274,83.7125,2.78807,0.0017459558,,,,,,,,,,,,,,,,,,,,83.7125,2.78807,0.03991073,83.7125,2.78807,27.675608,83.7125,2.78807,0.0013303576,83.7125,2.78807,0.008675289,83.7125,2.78807,4.0,,,,,,,
83.7125,2.7281113,0.052417073,83.7125,2.7281113,0.0029897364,,,,,,,,,,,,,,,,,,,,,,,,,,,,,,,,,,,,,,,,,,,,,,,,,,,,,,,,,,,,,83.7125,2.7281113,163.85616,83.7125,2.7281113,7.588419,,,,,,,,,,,,,,,,,83.7125,2.8180492,0.08298875,83.7125,2.8180492,0.0019379237,,,,,,,,,,,,,,,,,,,,83.7125,2.8180492,0.039632358,83.7125,2.8180492,27.674383,83.7125,2.8180492,0.0013210785,83.7125,2.8180492,0.004331012,83.7125,2.8180492,4.0,,,,,,,
83.7125,2.7580905,0.049382716,83.7125,2.7580905,0.0027517478,,,,,,,,,,,,,,,,,,,,,,,,,,,,,,,,,,,,,,,,,,,,,,,,,,,,,,,,,,,,,83.7125,2.7580905,153.9989,83.7125,2.7580905,6.844172,,,,,,,,,,,,,,,,,83.7125,2.8480284,0.08494835,83.7125,2.8480284,0.002296995,,,,,,,,,,,,,,,,,,,,83.7125,2.8480284,0.04190996,83.7125,2.8480284,27.684404,83.7125,2.8480284,0.0013969988,83.7125,2.8480284,0.012195064,83.7125,2.8480284,5.0,,,,,,,
83.7125,2.78807,0.04553027,83.7125,2.78807,0.002662502,,,,,,,,,,,,,,,,,,,,,,,,,,,,,,,,,,,,,,,,,,,,,,,,,,,,,,,,,,,,,83.7125,2.78807,141.82114,83.7125,2.78807,6.5541954,,,,,,,,,,,,,,,,,83.7125,2.8780077,0.08169916,83.7125,2.8780077,0.0022846642,,,,,,,,,,,,,,,,,,,,83.7125,2.8780077,0.039283697,83.7125,2.8780077,27.672846,83.7125,2.8780077,0.0013094564,83.7125,2.8780077,0.0103132585,83.7125,2.8780077,5.0,,,,,,,
83.7125,2.8180492,0.043730475,83.7125,2.8180492,0.0027071247,,,,,,,,,,,,,,,,,,,,,,,,,,,,,,,,,,,,,,,,,,,,,,,,,,,,,,,,,,,,,83.7125,2.8180492,136.45738,83.7125,2.8180492,6.713258,,,,,,,,,,,,,,,,,83.7125,2.9079869,0.07141455,83.7125,2.9079869,0.0021315464,,,,,,,,,,,,,,,,,,,,83.7125,2.9079869,0.03024482,83.7125,2.9079869,27.63308,83.7125,2.9079869,0.0010081608,83.7125,2.9079869,0.011866112,83.7125,2.9079869,5.0,,,,,,,
83.7125,2.8480284,0.0443552,83.7125,2.8480284,0.002751748,,,,,,,,,,,,,,,,,,,,,,,,,,,,,,,,,,,,,,,,,,,,,,,,,,,,,,,,,,,,,83.7125,2.8480284,138.16357,83.7125,2.8480284,6.8016734,,,,,,,,,,,,,,,,,83.7125,2.937966,0.0710015,83.7125,2.937966,0.0020313333,,,,,,,,,,,,,,,,,,,,83.7125,2.937966,0.030234389,83.7125,2.937966,27.633032,83.7125,2.937966,0.0010078129,83.7125,2.937966,0.011370767,83.7125,2.937966,5.0,,,,,,,
83.7125,2.8780077,0.04262978,83.7125,2.8780077,0.002707125,,,,,,,,,,,,,,,,,,,,,,,,,,,,,,,,,,,,,,,,,,,,,,,,,,,,,,,,,,,,,83.7125,2.8780077,132.49345,83.7125,2.8780077,6.749289,,,,,,,,,,,,,,,,,83.7125,2.9679453,0.066368684,83.7125,2.9679453,0.0015980843,,,,,,,,,,,,,,,,,,,,83.7125,2.9679453,0.025919555,83.7125,2.9679453,27.614046,83.7125,2.9679453,0.0008639851,83.7125,2.9679453,1.0000001e-07,83.7125,2.9679453,7.0,,,,,,,
83.7125,2.9079869,0.03672467,83.7125,2.9079869,0.0027517478,,,,,,,,,,,,,,,,,,,,,,,,,,,,,,,,,,,,,,,,,,,,,,,,,,,,,,,,,,,,,83.7125,2.9079869,113.683174,83.7125,2.9079869,6.7579794,,,,,,,,,,,,,,,,,83.7125,2.9979246,0.067592174,83.7125,2.9979246,0.002217545,,,,,,,,,,,,,,,,,,,,83.7125,2.9979246,0.027452163,83.7125,2.9979246,27.620792,83.7125,2.9979246,0.00091507204,83.7125,2.9979246,0.008194056,83.7125,2.9979246,4.0,,,,,,,
83.7125,2.937966,0.035073623,83.7125,2.937966,0.0026476276,,,,,,,,,,,,,,,,,,,,,,,,,,,,,,,,,,,,,,,,,,,,,,,,,,,,,,,,,,,,,83.7125,2.937966,108.59701,83.7125,2.937966,6.4894114,,,,,,,,,,,,,,,,,83.7125,3.0279038,0.05965866,83.7125,3.0279038,0.0016390976,,,,,,,,,,,,,,,,,,,,83.7125,3.0279038,0.020330613,83.7125,3.0279038,27.589455,83.7125,3.0279038,0.0006776871,83.7125,3.0279038,1.0000001e-07,83.7125,3.0279038,7.0,,,,,,,
83.7125,2.9679453,0.03230701,83.7125,2.9679453,0.00237989,,,,,,,,,,,,,,,,,,,,,,,,,,,,,,,,,,,,,,,,,,,,,,,,,,,,,,,,,,,,,83.7125,2.9679453,99.97513,83.7125,2.9679453,5.6028094,,,,,,,,,,,,,,,,,83.7125,3.057883,0.05895643,83.7125,3.057883,0.0012866788,,,,,,,,,,,,,,,,,,,,83.7125,3.057883,0.019793235,83.7125,3.057883,27.58709,83.7125,3.057883,0.0006597745,83.7125,3.057883,0.006973357,83.7125,3.057883,4.0,,,,,,,
83.7125,2.9979246,0.032069013,83.7125,2.9979246,0.0025732561,,,,,,,,,,,,,,,,,,,,,,,,,,,,,,,,,,,,,,,,,,,,,,,,,,,,,,,,,,,,,83.7125,2.9979246,99.2955,83.7125,2.9979246,6.2588024,,,,,,,,,,,,,,,,,83.7125,3.0878623,0.05135818,83.7125,3.0878623,0.0008967345,,,,,,,,,,,,,,,,,,,,83.7125,3.0878623,0.013023452,83.7125,3.0878623,27.557304,83.7125,3.0878623,0.00043411506,83.7125,3.0878623,1.0000001e-07,83.7125,3.0878623,7.0,,,,,,,
83.7125,3.0279038,0.02876692,83.7125,3.0279038,0.0023947645,,,,,,,,,,,,,,,,,,,,,,,,,,,,,,,,,,,,,,,,,,,,,,,,,,,,,,,,,,,,,83.7125,3.0279038,88.69147,83.7125,3.0279038,5.654711,,,,,,,,,,,,,,,,,83.7125,3.1178415,0.045586485,83.7125,3.1178415,0.0010896577,,,,,,,,,,,,,,,,,,,,83.7125,3.1178415,0.007996816,83.7125,3.1178415,27.535185,83.7125,3.1178415,0.00026656056,83.7125,3.1178415,1.0000001e-07,83.7125,3.1178415,7.0,,,,,,,
83.7125,3.057883,0.02735386,83.7125,3.057883,0.0022608954,,,,,,,,,,,,,,,,,,,,,,,,,,,,,,,,,,,,,,,,,,,,,,,,,,,,,,,,,,,,,83.7125,3.057883,84.25959,83.7125,3.057883,5.2398815,,,,,,,,,,,,,,,,,83.7125,3.147821,0.045340102,83.7125,3.147821,0.0016266654,,,,,,,,,,,,,,,,,,,,83.7125,3.147821,0.007979613,83.7125,3.147821,27.53511,83.7125,3.147821,0.00026598707,83.7125,3.147821,0.009010454,83.7125,3.147821,4.0,,,,,,,
83.7125,3.0878623,0.023382418,83.7125,3.0878623,0.0020377808,,,,,,,,,,,,,,,,,,,,,,,,,,,,,,,,,,,,,,,,,,,,,,,,,,,,,,,,,,,,,83.7125,3.0878623,71.72914,83.7125,3.0878623,4.459078,,,,,,,,,,,,,,,,,83.7125,3.1778002,0.041898787,83.7125,3.1778002,0.0012308718,,,,,,,,,,,,,,,,,,,,83.7125,3.1778002,0.0050370004,83.7125,3.1778002,27.522163,83.7125,3.1778002,0.00016790003,83.7125,3.1778002,1.0000001e-07,83.7125,3.1778002,7.0,,,,,,,
83.7125,3.1178415,0.020883536,83.7125,3.1178415,0.0020675296,,,,,,,,,,,,,,,,,,,,,,,,,,,,,,,,,,,,,,,,,,,,,,,,,,,,,,,,,,,,,83.7125,3.1178415,63.803223,83.7125,3.1178415,4.5836296,,,,,,,,,,,,,,,,,83.7125,3.2077794,0.035739746,83.7125,3.2077794,0.0015428016,,,,,,,,,,,,,,,,,,,,83.7125,3.2077794,-0.00041626254,83.7125,3.2077794,27.498169,83.7125,3.2077794,-1.3875418e-05,83.7125,3.2077794,1.0000001e-07,83.7125,3.2077794,7.0,,,,,,,
83.7125,3.1478207,0.020139819,83.7125,3.1478207,0.0022608952,,,,,,,,,,,,,,,,,,,,,,,,,,,,,,,,,,,,,,,,,,,,,,,,,,,,,,,,,,,,,83.7125,3.1478207,61.365826,83.7125,3.1478207,5.1862044,,,,,,,,,,,,,,,,,83.7125,3.2377586,0.03497493,83.7125,3.2377586,0.0011601218,,,,,,,,,,,,,,,,,,,,83.7125,3.2377586,-0.0011673259,83.7125,3.2377586,27.494865,83.7125,3.2377586,-3.8910865e-05,83.7125,3.2377586,1.0000001e-07,83.7125,3.2377586,7.0,,,,,,,
83.7125,3.1778,0.018726759,83.7125,3.1778,0.002008032,,,,,,,,,,,,,,,,,,,,,,,,,,,,,,,,,,,,,,,,,,,,,,,,,,,,,,,,,,,,,83.7125,3.1778,57.048077,83.7125,3.1778,4.383111,,,,,,,,,,,,,,,,,83.7125,3.2677379,0.037182905,83.7125,3.2677379,0.0009395307,,,,,,,,,,,,,,,,,,,,83.7125,3.2677379,0.0010588553,83.7125,3.2677379,27.50466,83.7125,3.2677379,3.5295176e-05,83.7125,3.2677379,1.0000001e-07,83.7125,3.2677379,7.0,,,,,,,
83.7125,3.2077794,0.016257623,83.7125,3.2077794,0.0021419008,,,,,,,,,,,,,,,,,,,,,,,,,,,,,,,,,,,,,,,,,,,,,,,,,,,,,,,,,,,,,83.7125,3.2077794,49.217907,83.7125,3.2077794,4.796893,,,,,,,,,,,,,,,,,83.7125,3.297717,0.034766242,83.7125,3.297717,0.0009301603,,,,,,,,,,,,,,,,,,,,83.7125,3.297717,-0.0009036861,83.7125,3.297717,27.496023,83.7125,3.297717,-3.0122876e-05,83.7125,3.297717,1.0000001e-07,83.7125,3.297717,7.0,,,,,,,
83.7125,3.2377586,0.015335415,83.7125,3.2377586,0.0021270267,,,,,,,,,,,,,,,,,,,,,,,,,,,,,,,,,,,,,,,,,,,,,,,,,,,,,,,,,,,,,83.7125,3.2377586,46.144527,83.7125,3.2377586,4.7636395,,,,,,,,,,,,,,,,,83.7125,3.3276963,0.033871327,83.7125,3.3276963,0.0016296539,,,,,,,,,,,,,,,,,,,,83.7125,3.3276963,-0.0018685992,83.7125,3.3276963,27.49178,83.7125,3.3276963,-6.228664e-05,83.7125,3.3276963,0.013369365,83.7125,3.3276963,5.0,,,,,,,
83.7125,3.2677379,0.01587089,83.7125,3.2677379,0.0019634091,,,,,,,,,,,,,,,,,,,,,,,,,,,,,,,,,,,,,,,,,,,,,,,,,,,,,,,,,,,,,83.7125,3.2677379,47.969963,83.7125,3.2677379,4.2114015,,,,,,,,,,,,,,,,,83.7125,3.3576756,0.034487966,83.7125,3.3576756,0.0010752914,,,,,,,,,,,,,,,,,,,,83.7125,3.3576756,-0.0009150023,83.7125,3.3576756,27.495977,83.7125,3.3576756,-3.0500078e-05,83.7125,3.3576756,1.0000001e-07,83.7125,3.3576756,7.0,,,,,,,
83.7125,3.297717,0.014874313,83.7125,3.297717,0.0019634094,,,,,,,,,,,,,,,,,,,,,,,,,,,,,,,,,,,,,,,,,,,,,,,,,,,,,,,,,,,,,83.7125,3.297717,44.62793,83.7125,3.297717,4.1797967,,,,,,,,,,,,,,,,,83.7125,3.3876548,0.036892526,83.7125,3.3876548,0.0003186472,,,,,,,,,,,,,,,,,,,,83.7125,3.3876548,0.0012013218,83.7125,3.3876548,27.505287,83.7125,3.3876548,4.0044062e-05,83.7125,3.3876548,1.0000001e-07,83.7125,3.3876548,7.0,,,,,,,
83.7125,3.3276963,0.014428083,83.7125,3.3276963,0.0021865238,,,,,,,,,,,,,,,,,,,,,,,,,,,,,,,,,,,,,,,,,,,,,,,,,,,,,,,,,,,,,83.7125,3.3276963,43.39481,83.7125,3.3276963,4.993808,,,,,,,,,,,,,,,,,83.7125,3.417634,0.03307183,83.7125,3.417634,0.0012318993,,,,,,,,,,,,,,,,,,,,83.7125,3.417634,-0.0020857484,83.7125,3.417634,27.490824,83.7125,3.417634,-6.952495e-05,83.7125,3.417634,0.014949492,83.7125,3.417634,5.0,,,,,,,
83.7125,3.3576756,0.014442957,83.7125,3.3576756,0.0019336606,,,,,,,,,,,,,,,,,,,,,,,,,,,,,,,,,,,,,,,,,,,,,,,,,,,,,,,,,,,,,83.7125,3.3576756,43.409134,83.7125,3.3576756,4.0678267,,,,,,,,,,,,,,,,,83.7125,3.4476132,0.03373516,83.7125,3.4476132,0.00085390086,,,,,,,,,,,,,,,,,,,,83.7125,3.4476132,-0.0012642288,83.7125,3.4476132,27.494438,83.7125,3.4476132,-4.2140964e-05,83.7125,3.4476132,1.0000001e-07,83.7125,3.4476132,7.0,,,,,,,
83.7125,3.3876548,0.014651198,83.7125,3.3876548,0.0016510485,,,,,,,,,,,,,,,,,,,,,,,,,,,,,,,,,,,,,,,,,,,,,,,,,,,,,,,,,,,,,83.7125,3.3876548,44.00173,83.7125,3.3876548,3.1759114,,,,,,,,,,,,,,,,,83.7125,3.4775925,0.03718338,83.7125,3.4775925,0.0004227486,,,,,,,,,,,,,,,,,,,,83.7125,3.4775925,0.0018854075,83.7125,3.4775925,27.508293,83.7125,3.4775925,6.284691e-05,83.7125,3.4775925,1.0000001e-07,83.7125,3.4775925,7.0,,,,,,,
83.7125,3.417634,0.013208389,83.7125,3.417634,0.0019931577,,,,,,,,,,,,,,,,,,,,,,,,,,,,,,,,,,,,,,,,,,,,,,,,,,,,,,,,,,,,,83.7125,3.417634,39.33206,83.7125,3.417634,4.2802906,,,,,,,,,,,,,,,,,83.7125,3.5075717,0.036969014,83.7125,3.5075717,0.0011959843,,,,,,,,,,,,,,,,,,,,83.7125,3.5075717,0.0018646291,83.7125,3.5075717,27.508202,83.7125,3.5075717,6.21543e-05,83.7125,3.5075717,1.0000001e-07,83.7125,3.5075717,7.0,,,,,,,
83.7125,3.4476132,0.01362487,83.7125,3.4476132,0.0017997918,,,,,,,,,,,,,,,,,,,,,,,,,,,,,,,,,,,,,,,,,,,,,,,,,,,,,,,,,,,,,83.7125,3.4476132,40.846016,83.7125,3.4476132,3.6644418,,,,,,,,,,,,,,,,,83.7125,3.5375512,0.037154578,83.7125,3.5375512,0.0018502554,,,,,,,,,,,,,,,,,,,,83.7125,3.5375512,0.002132503,83.7125,3.5375512,27.509382,83.7125,3.5375512,7.108345e-05,83.7125,3.5375512,0.013921421,83.7125,3.5375512,5.0,,,,,,,
83.7125,3.4775925,0.014249591,83.7125,3.4775925,0.0017551689,,,,,,,,,,,,,,,,,,,,,,,,,,,,,,,,,,,,,,,,,,,,,,,,,,,,,,,,,,,,,83.7125,3.4775925,42.730564,83.7125,3.4775925,3.5681038,,,,,,,,,,,,,,,,,83.7125,3.5675304,0.035766557,83.7125,3.5675304,0.00078969967,,,,,,,,,,,,,,,,,,,,83.7125,3.5675304,0.0008500877,83.7125,3.5675304,27.50374,83.7125,3.5675304,2.8336259e-05,83.7125,3.5675304,1.0000001e-07,83.7125,3.5675304,7.0,,,,,,,
83.7125,3.5075717,0.013847983,83.7125,3.5075717,0.0018890376,,,,,,,,,,,,,,,,,,,,,,,,,,,,,,,,,,,,,,,,,,,,,,,,,,,,,,,,,,,,,83.7125,3.5075717,41.394638,83.7125,3.5075717,3.9742618,,,,,,,,,,,,,,,,,83.7125,3.5975096,0.032652054,83.7125,3.5975096,0.0012633721,,,,,,,,,,,,,,,,,,,,83.7125,3.5975096,-0.0019122517,83.7125,3.5975096,27.491585,83.7125,3.5975096,-6.3741725e-05,83.7125,3.5975096,1.0000001e-07,83.7125,3.5975096,7.0,,,,,,,
83.7125,3.537551,0.013907482,83.7125,3.537551,0.0020824037,,,,,,,,,,,,,,,,,,,,,,,,,,,,,,,,,,,,,,,,,,,,,,,,,,,,,,,,,,,,,83.7125,3.537551,41.73347,83.7125,3.537551,4.5604916,,,,,,,,,,,,,,,,,83.7125,3.6274889,0.034441054,83.7125,3.6274889,0.000472845,,,,,,,,,,,,,,,,,,,,83.7125,3.6274889,1.9714082e-05,83.7125,3.6274889,27.500088,83.7125,3.6274889,6.571402e-07,83.7125,3.6274889,1.0000001e-07,83.7125,3.6274889,7.0,,,,,,,
83.7125,3.5675302,0.013178642,83.7125,3.5675302,0.0016807972,,,,,,,,,,,,,,,,,,,,,,,,,,,,,,,,,,,,,,,,,,,,,,,,,,,,,,,,,,,,,83.7125,3.5675302,39.30496,83.7125,3.5675302,3.2386055,,,,,,,,,,,,,,,,,83.7125,3.657468,0.033389125,83.7125,3.657468,0.00013505567,,,,,,,,,,,,,,,,,,,,83.7125,3.657468,-0.0008633503,83.7125,3.657468,27.4962,83.7125,3.657468,-2.8778346e-05,83.7125,3.657468,1.0000001e-07,83.7125,3.657468,7.0,,,,,,,
83.7125,3.5975094,0.012003569,83.7125,3.5975094,0.0018890376,,,,,,,,,,,,,,,,,,,,,,,,,,,,,,,,,,,,,,,,,,,,,,,,,,,,,,,,,,,,,83.7125,3.5975094,35.602776,83.7125,3.5975094,3.9529212,,,,,,,,,,,,,,,,,83.7125,3.6874473,0.034931958,83.7125,3.6874473,0.00020838881,,,,,,,,,,,,,,,,,,,,83.7125,3.6874473,0.0006309344,83.7125,3.6874473,27.502777,83.7125,3.6874473,2.1031145e-05,83.7125,3.6874473,1.0000001e-07,83.7125,3.6874473,7.0,,,,,,,
83.7125,3.6274889,0.012553919,83.7125,3.6274889,0.0015618026,,,,,,,,,,,,,,,,,,,,,,,,,,,,,,,,,,,,,,,,,,,,,,,,,,,,,,,,,,,,,83.7125,3.6274889,37.383327,83.7125,3.6274889,2.8865995,,,,,,,,,,,,,,,,,83.7125,3.7174265,0.033975694,83.7125,3.7174265,0.0017713258,,,,,,,,,,,,,,,,,,,,83.7125,3.7174265,-3.6845708e-05,83.7125,3.7174265,27.499838,83.7125,3.7174265,-1.2281913e-06,83.7125,3.7174265,0.01443904,83.7125,3.7174265,5.0,,,,,,,
83.7125,3.657468,0.011423472,83.7125,3.657468,0.0015320542,,,,,,,,,,,,,,,,,,,,,,,,,,,,,,,,,,,,,,,,,,,,,,,,,,,,,,,,,,,,,83.7125,3.657468,33.89247,83.7125,3.657468,2.773637,,,,,,,,,,,,,,,,,83.7125,3.7474058,0.03239332,83.7125,3.7474058,0.0012507277,,,,,,,,,,,,,,,,,,,,83.7125,3.7474058,-0.0014383404,83.7125,3.7474058,27.493673,83.7125,3.7474058,-4.7944675e-05,83.7125,3.7474058,1.0000001e-07,83.7125,3.7474058,7.0,,,,,,,
83.7125,3.6874473,0.011884576,83.7125,3.6874473,0.0016213,,,,,,,,,,,,,,,,,,,,,,,,,,,,,,,,,,,,,,,,,,,,,,,,,,,,,,,,,,,,,83.7125,3.6874473,35.314503,83.7125,3.6874473,3.0901825,,,,,,,,,,,,,,,,,83.7125,3.777385,0.03275399,83.7125,3.777385,0.0014817967,,,,,,,,,,,,,,,,,,,,83.7125,3.777385,-0.0010636598,83.7125,3.777385,27.495321,83.7125,3.777385,-3.545532e-05,83.7125,3.777385,1.0000001e-07,83.7125,3.777385,7.0,,,,,,,
83.7125,3.7174265,0.012018445,83.7125,3.7174265,0.0018890376,,,,,,,,,,,,,,,,,,,,,,,,,,,,,,,,,,,,,,,,,,,,,,,,,,,,,,,,,,,,,83.7125,3.7174265,35.717815,83.7125,3.7174265,3.9881504,,,,,,,,,,,,,,,,,83.7125,3.8073642,0.03310034,83.7125,3.8073642,0.001793035,,,,,,,,,,,,,,,,,,,,83.7125,3.8073642,-0.00066283514,83.7125,3.8073642,27.497084,83.7125,3.8073642,-2.2094504e-05,83.7125,3.8073642,1.0000001e-07,83.7125,3.8073642,7.0,,,,,,,
83.7125,3.7474058,0.011215231,83.7125,3.7474058,0.0017402946,,,,,,,,,,,,,,,,,,,,,,,,,,,,,,,,,,,,,,,,,,,,,,,,,,,,,,,,,,,,,83.7125,3.7474058,33.109344,83.7125,3.7474058,3.4874296,,,,,,,,,,,,,,,,,83.7125,3.8373435,0.03496798,83.7125,3.8373435,0.0013149417,,,,,,,,,,,,,,,,,,,,83.7125,3.8373435,0.0012818085,83.7125,3.8373435,27.50564,83.7125,3.8373435,4.2726944e-05,83.7125,3.8373435,1.0000001e-07,83.7125,3.8373435,7.0,,,,,,,
83.7125,3.777385,0.010828499,83.7125,3.777385,0.0018146661,,,,,,,,,,,,,,,,,,,,,,,,,,,,,,,,,,,,,,,,,,,,,,,,,,,,,,,,,,,,,83.7125,3.777385,31.864658,83.7125,3.777385,3.7495813,,,,,,,,,,,,,,,,,83.7125,3.8673227,0.03159973,83.7125,3.8673227,0.0018733384,,,,,,,,,,,,,,,,,,,,83.7125,3.8673227,-0.0017720903,83.7125,3.8673227,27.4922,83.7125,3.8673227,-5.906969e-05,83.7125,3.8673227,1.0000001e-07,83.7125,3.8673227,7.0,,,,,,,
83.7125,3.8073642,0.011051614,83.7125,3.8073642,0.0019782833,,,,,,,,,,,,,,,,,,,,,,,,,,,,,,,,,,,,,,,,,,,,,,,,,,,,,,,,,,,,,83.7125,3.8073642,32.642326,83.7125,3.8073642,4.2544637,,,,,,,,,,,,,,,,,83.7125,3.897302,0.03462111,83.7125,3.897302,0.0015920036,,,,,,,,,,,,,,,,,,,,83.7125,3.897302,0.001099519,83.7125,3.897302,27.504837,83.7125,3.897302,3.6650632e-05,83.7125,3.897302,1.0000001e-07,83.7125,3.897302,7.0,,,,,,,
83.7125,3.8373435,0.011096237,83.7125,3.8373435,0.0016956716,,,,,,,,,,,,,,,,,,,,,,,,,,,,,,,,,,,,,,,,,,,,,,,,,,,,,,,,,,,,,83.7125,3.8373435,32.829346,83.7125,3.8373435,3.329078,,,,,,,,,,,,,,,,,83.7125,3.9272811,0.03329682,83.7125,3.9272811,0.00029465088,,,,,,,,,,,,,,,,,,,,83.7125,3.9272811,0.000100255325,83.7125,3.9272811,27.500443,83.7125,3.9272811,3.3418473e-06,83.7125,3.9272811,1.0000001e-07,83.7125,3.9272811,7.0,,,,,,,
83.7125,3.8673227,0.010293024,83.7125,3.8673227,0.0018741633,,,,,,,,,,,,,,,,,,,,,,,,,,,,,,,,,,,,,,,,,,,,,,,,,,,,,,,,,,,,,83.7125,3.8673227,30.2488,83.7125,3.8673227,3.902674,,,,,,,,,,,,,,,,,83.7125,3.9572606,0.032349363,83.7125,3.9572606,0.0011329895,,,,,,,,,,,,,,,,,,,,83.7125,3.9572606,-0.0008124276,83.7125,3.9572606,27.496426,83.7125,3.9572606,-2.7080923e-05,83.7125,3.9572606,1.0000001e-07,83.7125,3.9572606,7.0,,,,,,,
83.7125,3.897302,0.010441768,83.7125,3.897302,0.0017700432,,,,,,,,,,,,,,,,,,,,,,,,,,,,,,,,,,,,,,,,,,,,,,,,,,,,,,,,,,,,,83.7125,3.897302,30.76722,83.7125,3.897302,3.5986836,,,,,,,,,,,,,,,,,83.7125,3.9872398,0.032329485,83.7125,3.9872398,0.0018696785,,,,,,,,,,,,,,,,,,,,83.7125,3.9872398,-0.00051056274,83.7125,3.9872398,27.497751,83.7125,3.9872398,-1.701876e-05,83.7125,3.9872398,1.0000001e-07,83.7125,3.9872398,7.0,,,,,,,
83.7125,3.9272811,0.010144281,83.7125,3.9272811,0.0015023055,,,,,,,,,,,,,,,,,,,,,,,,,,,,,,,,,,,,,,,,,,,,,,,,,,,,,,,,,,,,,83.7125,3.9272811,29.719978,83.7125,3.9272811,2.702932,,,,,,,,,,,,,,,,,83.7125,4.017219,0.030123863,83.7125,4.017219,0.0008707712,,,,,,,,,,,,,,,,,,,,83.7125,4.017219,-0.0024784182,83.7125,4.017219,27.489096,83.7125,4.017219,-8.261394e-05,83.7125,4.017219,1.0000001e-07,83.7125,4.017219,7.0,,,,,,,
83.7125,3.9572604,0.009965789,83.7125,3.9572604,0.0016510487,,,,,,,,,,,,,,,,,,,,,,,,,,,,,,,,,,,,,,,,,,,,,,,,,,,,,,,,,,,,,83.7125,3.9572604,29.18011,83.7125,3.9572604,3.176716,,,,,,,,,,,,,,,,,83.7125,4.0471983,0.030564288,83.7125,4.0471983,-0.0008157357,,,,,,,,,,,,,,,,,,,,83.7125,4.0471983,-0.0019211338,83.7125,4.0471983,27.491547,83.7125,4.0471983,-6.4037784e-05,83.7125,4.0471983,1.0000001e-07,83.7125,4.0471983,7.0,,,,,,,
83.7125,3.9872396,0.0097426735,83.7125,3.9872396,0.0017849174,,,,,,,,,,,,,,,,,,,,,,,,,,,,,,,,,,,,,,,,,,,,,,,,,,,,,,,,,,,,,83.7125,3.9872396,28.470533,83.7125,3.9872396,3.6379683,,,,,,,,,,,,,,,,,83.7125,4.0771775,0.033354636,83.7125,4.0771775,0.0012028296,,,,,,,,,,,,,,,,,,,,83.7125,4.0771775,0.0005130246,83.7125,4.0771775,27.50226,83.7125,4.0771775,1.7100818e-05,83.7125,4.0771775,1.0000001e-07,83.7125,4.0771775,7.0,,,,,,,
83.7125,4.017219,0.009385691,83.7125,4.017219,0.0015171798,,,,,,,,,,,,,,,,,,,,,,,,,,,,,,,,,,,,,,,,,,,,,,,,,,,,,,,,,,,,,83.7125,4.017219,27.221104,83.7125,4.017219,2.7525492,,,,,,,,,,,,,,,,,83.7125,4.1071568,0.028638342,83.7125,4.1071568,0.0013922789,,,,,,,,,,,,,,,,,,,,83.7125,4.1071568,-0.003632951,83.7125,4.1071568,27.484016,83.7125,4.1071568,-0.00012109836,83.7125,4.1071568,1.0000001e-07,83.7125,4.1071568,7.0,,,,,,,
83.7125,4.0471983,0.008984085,83.7125,4.0471983,0.0013386882,,,,,,,,,,,,,,,,,,,,,,,,,,,,,,,,,,,,,,,,,,,,,,,,,,,,,,,,,,,,,83.7125,4.0471983,26.107723,83.7125,4.0471983,2.1215065,,,,,,,,,,,,,,,,,83.7125,4.137136,0.03427179,83.7125,4.137136,-0.0004737091,,,,,,,,,,,,,,,,,,,,83.7125,4.137136,0.0016700304,83.7125,4.137136,27.507349,83.7125,4.137136,5.566768e-05,83.7125,4.137136,1.0000001e-07,83.7125,4.137136,7.0,,,,,,,
83.7125,4.0771775,0.009668303,83.7125,4.0771775,0.0017105457,,,,,,,,,,,,,,,,,,,,,,,,,,,,,,,,,,,,,,,,,,,,,,,,,,,,,,,,,,,,,83.7125,4.0771775,28.263048,83.7125,4.0771775,3.3630707,,,,,,,,,,,,,,,,,83.7125,4.167115,0.034203477,83.7125,4.167115,0.0014092191,,,,,,,,,,,,,,,,,,,,83.7125,4.167115,0.001725038,83.7125,4.167115,27.50759,83.7125,4.167115,5.7501267e-05,83.7125,4.167115,1.0000001e-07,83.7125,4.167115,7.0,,,,,,,
83.7125,4.1071568,0.008418861,83.7125,4.1071568,0.0016807973,,,,,,,,,,,,,,,,,,,,,,,,,,,,,,,,,,,,,,,,,,,,,,,,,,,,,,,,,,,,,83.7125,4.1071568,24.254368,83.7125,4.1071568,3.2968743,,,,,,,,,,,,,,,,,83.7125,4.1970944,0.031066967,83.7125,4.1970944,0.00074361626,,,,,,,,,,,,,,,,,,,,83.7125,4.1970944,-0.0011784231,83.7125,4.1970944,27.494818,83.7125,4.1970944,-3.9280767e-05,83.7125,4.1970944,1.0000001e-07,83.7125,4.1970944,7.0,,,,,,,
83.7125,4.137136,0.009579058,83.7125,4.137136,0.0013535623,,,,,,,,,,,,,,,,,,,,,,,,,,,,,,,,,,,,,,,,,,,,,,,,,,,,,,,,,,,,,83.7125,4.137136,27.986668,83.7125,4.137136,2.2079523,,,,,,,,,,,,,,,,,83.7125,4.2270737,0.029386155,83.7125,4.2270737,0.00095289893,,,,,,,,,,,,,,,,,,,,83.7125,4.2270737,-0.002439012,83.7125,4.2270737,27.489267,83.7125,4.2270737,-8.130041e-05,83.7125,4.2270737,1.0000001e-07,83.7125,4.2270737,7.0,,,,,,,
83.7125,4.167115,0.009445189,83.7125,4.167115,0.0016510487,,,,,,,,,,,,,,,,,,,,,,,,,,,,,,,,,,,,,,,,,,,,,,,,,,,,,,,,,,,,,83.7125,4.167115,27.611925,83.7125,4.167115,3.125798,,,,,,,,,,,,,,,,,83.7125,4.257053,0.031883925,83.7125,4.257053,0.0027807793,,,,,,,,,,,,,,,,,,,,83.7125,4.257053,-0.00014301637,83.7125,4.257053,27.499372,83.7125,4.257053,-4.7672106e-06,83.7125,4.257053,0.022154324,83.7125,4.257053,5.0,,,,,,,
83.7125,4.1970944,0.008567603,83.7125,4.1970944,0.0014428082,,,,,,,,,,,,,,,,,,,,,,,,,,,,,,,,,,,,,,,,,,,,,,,,,,,,,,,,,,,,,83.7125,4.1970944,24.765512,83.7125,4.1970944,2.475853,,,,,,,,,,,,,,,,,83.7125,4.287032,0.03129723,83.7125,4.287032,0.0022857122,,,,,,,,,,,,,,,,,,,,83.7125,4.287032,-0.0004736419,83.7125,4.287032,27.497917,83.7125,4.287032,-1.5788068e-05,83.7125,4.287032,1.0000001e-07,83.7125,4.287032,7.0,,,,,,,
83.7125,4.2270737,0.008076752,83.7125,4.2270737,0.0016064257,,,,,,,,,,,,,,,,,,,,,,,,,,,,,,,,,,,,,,,,,,,,,,,,,,,,,,,,,,,,,83.7125,4.2270737,23.208883,83.7125,4.2270737,2.986003,,,,,,,,,,,,,,,,,83.7125,4.3170114,0.03104207,83.7125,4.3170114,0.0009904626,,,,,,,,,,,,,,,,,,,,83.7125,4.3170114,-0.00058910117,83.7125,4.3170114,27.497408,83.7125,4.3170114,-1.9636704e-05,83.7125,4.3170114,1.0000001e-07,83.7125,4.3170114,7.0,,,,,,,
83.7125,4.257053,0.008686598,83.7125,4.257053,0.0019634094,,,,,,,,,,,,,,,,,,,,,,,,,,,,,,,,,,,,,,,,,,,,,,,,,,,,,,,,,,,,,83.7125,4.257053,25.128607,83.7125,4.257053,4.180409,,,,,,,,,,,,,,,,,83.7125,4.3469906,0.031147696,83.7125,4.3469906,0.0006857074,,,,,,,,,,,,,,,,,,,,83.7125,4.3469906,-0.0005432253,83.7125,4.3469906,27.497612,83.7125,4.3469906,-1.8107508e-05,83.7125,4.3469906,1.0000001e-07,83.7125,4.3469906,7.0,,,,,,,
83.7125,4.287032,0.008255243,83.7125,4.287032,0.0018295404,,,,,,,,,,,,,,,,,,,,,,,,,,,,,,,,,,,,,,,,,,,,,,,,,,,,,,,,,,,,,83.7125,4.287032,23.81379,83.7125,4.287032,3.682615,,,,,,,,,,,,,,,,,83.7125,4.37697,0.031647623,83.7125,4.37697,0.001250202,,,,,,,,,,,,,,,,,,,,83.7125,4.37697,8.596521e-06,83.7125,4.37697,27.500038,83.7125,4.37697,2.8655145e-07,83.7125,4.37697,1.0000001e-07,83.7125,4.37697,7.0,,,,,,,
83.7125,4.3170114,0.008359363,83.7125,4.3170114,0.0015171799,,,,,,,,,,,,,,,,,,,,,,,,,,,,,,,,,,,,,,,,,,,,,,,,,,,,,,,,,,,,,83.7125,4.3170114,24.152397,83.7125,4.3170114,2.7316442,,,,,,,,,,,,,,,,,83.7125,4.406949,0.03208348,83.7125,4.406949,-0.00047464503,,,,,,,,,,,,,,,,,,,,83.7125,4.406949,0.00068282563,83.7125,4.406949,27.503004,83.7125,4.406949,2.2760854e-05,83.7125,4.406949,1.0000001e-07,83.7125,4.406949,7.0,,,,,,,
83.7125,4.3469906,0.0081659965,83.7125,4.3469906,0.001427934,,,,,,,,,,,,,,,,,,,,,,,,,,,,,,,,,,,,,,,,,,,,,,,,,,,,,,,,,,,,,83.7125,4.3469906,23.447115,83.7125,4.3469906,2.4279654,,,,,,,,,,,,,,,,,83.7125,4.4369283,0.031518232,83.7125,4.4369283,-0.0005929385,,,,,,,,,,,,,,,,,,,,83.7125,4.4369283,0.00023500538,83.7125,4.4369283,27.501034,83.7125,4.4369283,7.833511e-06,83.7125,4.4369283,1.0000001e-07,83.7125,4.4369283,7.0,,,,,,,
83.7125,4.37697,0.008091625,83.7125,4.37697,0.0014874312,,,,,,,,,,,,,,,,,,,,,,,,,,,,,,,,,,,,,,,,,,,,,,,,,,,,,,,,,,,,,83.7125,4.37697,23.349745,83.7125,4.37697,2.6283565,,,,,,,,,,,,,,,,,83.7125,4.4669075,0.030753987,83.7125,4.4669075,0.0016999387,,,,,,,,,,,,,,,,,,,,83.7125,4.4669075,-0.00027021908,83.7125,4.4669075,27.498812,83.7125,4.4669075,-9.007303e-06,83.7125,4.4669075,1.0000001e-07,83.7125,4.4669075,7.0,,,,,,,
83.7125,4.406949,0.008240369,83.7125,4.406949,0.0012196936,,,,,,,,,,,,,,,,,,,,,,,,,,,,,,,,,,,,,,,,,,,,,,,,,,,,,,,,,,,,,83.7125,4.406949,23.675673,83.7125,4.406949,1.7518249,,,,,,,,,,,,,,,,,83.7125,4.4968867,0.031551108,83.7125,4.4968867,0.0013523458,,,,,,,,,,,,,,,,,,,,83.7125,4.4968867,0.0004753756,83.7125,4.4968867,27.502092,83.7125,4.4968867,1.584585e-05,83.7125,4.4968867,1.0000001e-07,83.7125,4.4968867,7.0,,,,,,,
83.7125,4.4369283,0.00800238,83.7125,4.4369283,0.0012494422,,,,,,,,,,,,,,,,,,,,,,,,,,,,,,,,,,,,,,,,,,,,,,,,,,,,,,,,,,,,,83.7125,4.4369283,23.003805,83.7125,4.4369283,1.845079,,,,,,,,,,,,,,,,,83.7125,4.526866,0.030691825,83.7125,4.526866,-8.0914906e-05,,,,,,,,,,,,,,,,,,,,83.7125,4.526866,-0.00025271025,83.7125,4.526866,27.498884,83.7125,4.526866,-8.4236735e-06,83.7125,4.526866,1.0000001e-07,83.7125,4.526866,7.0,,,,,,,
83.7125,4.4669075,0.0076453965,83.7125,4.4669075,0.001487431,,,,,,,,,,,,,,,,,,,,,,,,,,,,,,,,,,,,,,,,,,,,,,,,,,,,,,,,,,,,,83.7125,4.4669075,21.838322,83.7125,4.4669075,2.624836,,,,,,,,,,,,,,,,,83.7125,4.556845,0.031104615,83.7125,4.556845,0.0010737668,,,,,,,,,,,,,,,,,,,,83.7125,4.556845,0.00024317272,83.7125,4.556845,27.50107,83.7125,4.556845,8.105758e-06,83.7125,4.556845,1.0000001e-07,83.7125,4.556845,7.0,,,,,,,
83.7125,4.4968867,0.007630522,83.7125,4.4968867,0.0014725568,,,,,,,,,,,,,,,,,,,,,,,,,,,,,,,,,,,,,,,,,,,,,,,,,,,,,,,,,,,,,83.7125,4.4968867,21.805624,83.7125,4.4968867,2.5998898,,,,,,,,,,,,,,,,,83.7125,4.586825,0.029162675,83.7125,4.586825,0.0010934363,,,,,,,,,,,,,,,,,,,,83.7125,4.586825,-0.001525004,83.7125,4.586825,27.49329,83.7125,4.586825,-5.0833467e-05,83.7125,4.586825,1.0000001e-07,83.7125,4.586825,7.0,,,,,,,
83.7125,4.526866,0.007452031,83.7125,4.526866,0.0013535623,,,,,,,,,,,,,,,,,,,,,,,,,,,,,,,,,,,,,,,,,,,,,,,,,,,,,,,,,,,,,83.7125,4.526866,21.234045,83.7125,4.526866,2.1896873,,,,,,,,,,,,,,,,,83.7125,4.616804,0.030892104,83.7125,4.616804,0.0012967672,,,,,,,,,,,,,,,,,,,,83.7125,4.616804,0.00018844448,83.7125,4.616804,27.50083,83.7125,4.616804,6.281485e-06,83.7125,4.616804,1.0000001e-07,83.7125,4.616804,7.0,,,,,,,
83.7125,4.556845,0.0074371556,83.7125,4.556845,0.0013833109,,,,,,,,,,,,,,,,,,,,,,,,,,,,,,,,,,,,,,,,,,,,,,,,,,,,,,,,,,,,,83.7125,4.556845,21.199673,83.7125,4.556845,2.2639818,,,,,,,,,,,,,,,,,83.7125,4.6467834,0.030964471,83.7125,4.6467834,0.0013281854,,,,,,,,,,,,,,,,,,,,83.7125,4.6467834,0.00036940444,83.7125,4.6467834,27.501627,83.7125,4.6467834,1.23134905e-05,83.7125,4.6467834,1.0000001e-07,83.7125,4.6467834,7.0,,,,,,,
83.7125,4.5868244,0.006886807,83.7125,4.5868244,0.0014428082,,,,,,,,,,,,,,,,,,,,,,,,,,,,,,,,,,,,,,,,,,,,,,,,,,,,,,,,,,,,,83.7125,4.5868244,19.484995,83.7125,4.5868244,2.4946444,,,,,,,,,,,,,,,,,83.7125,4.6767626,0.03003639,83.7125,4.6767626,0.0010587352,,,,,,,,,,,,,,,,,,,,83.7125,4.6767626,-0.0005164484,83.7125,4.6767626,27.497728,83.7125,4.6767626,-1.721495e-05,83.7125,4.6767626,1.0000001e-07,83.7125,4.6767626,7.0,,,,,,,
83.7125,4.6168036,0.007362785,83.7125,4.6168036,0.0014130595,,,,,,,,,,,,,,,,,,,,,,,,,,,,,,,,,,,,,,,,,,,,,,,,,,,,,,,,,,,,,83.7125,4.6168036,20.975487,83.7125,4.6168036,2.3970146,,,,,,,,,,,,,,,,,83.7125,4.706742,0.03044761,83.7125,4.706742,-1.9651554e-05,,,,,,,,,,,,,,,,,,,,83.7125,4.706742,0.00023645163,83.7125,4.706742,27.50104,83.7125,4.706742,7.88172e-06,83.7125,4.706742,1.0000001e-07,83.7125,4.706742,7.0,,,,,,,
83.7125,4.646783,0.007228915,83.7125,4.646783,0.0014725568,,,,,,,,,,,,,,,,,,,,,,,,,,,,,,,,,,,,,,,,,,,,,,,,,,,,,,,,,,,,,83.7125,4.646783,20.46496,83.7125,4.646783,2.5689852,,,,,,,,,,,,,,,,,83.7125,4.736721,0.03184511,83.7125,4.736721,0.000139264,,,,,,,,,,,,,,,,,,,,83.7125,4.736721,0.0016283026,83.7125,4.736721,27.507164,83.7125,4.736721,5.427674e-05,83.7125,4.736721,1.0000001e-07,83.7125,4.736721,7.0,,,,,,,
83.7125,4.676762,0.006857058,83.7125,4.676762,0.0014576826,,,,,,,,,,,,,,,,,,,,,,,,,,,,,,,,,,,,,,,,,,,,,,,,,,,,,,,,,,,,,83.7125,4.676762,19.447344,83.7125,4.676762,2.5495286,,,,,,,,,,,,,,,,,83.7125,4.7667003,0.029117323,83.7125,4.7667003,0.0014235649,,,,,,,,,,,,,,,,,,,,83.7125,4.7667003,-0.0010441374,83.7125,4.7667003,27.495405,83.7125,4.7667003,-3.4804587e-05,83.7125,4.7667003,1.0000001e-07,83.7125,4.7667003,7.0,,,,,,,
83.7125,4.706742,0.0069314293,83.7125,4.706742,0.0012791908,,,,,,,,,,,,,,,,,,,,,,,,,,,,,,,,,,,,,,,,,,,,,,,,,,,,,,,,,,,,,83.7125,4.706742,19.576479,83.7125,4.706742,1.9322867,,,,,,,,,,,,,,,,,83.7125,4.7966795,0.029789481,83.7125,4.7966795,0.0013635757,,,,,,,,,,,,,,,,,,,,83.7125,4.7966795,-0.00024509226,83.7125,4.7966795,27.498922,83.7125,4.7966795,-8.169741e-06,83.7125,4.7966795,1.0000001e-07,83.7125,4.7966795,7.0,,,,,,,
83.7125,4.736721,0.00703555,83.7125,4.736721,0.0012643165,,,,,,,,,,,,,,,,,,,,,,,,,,,,,,,,,,,,,,,,,,,,,,,,,,,,,,,,,,,,,83.7125,4.736721,19.96796,83.7125,4.736721,1.8926822,,,,,,,,,,,,,,,,,83.7125,4.8266587,0.029762365,83.7125,4.8266587,0.00068154576,,,,,,,,,,,,,,,,,,,,83.7125,4.8266587,-6.0574253e-05,83.7125,4.8266587,27.499735,83.7125,4.8266587,-2.0191396e-06,83.7125,4.8266587,1.0000001e-07,83.7125,4.8266587,7.0,,,,,,,
83.7125,4.7667003,0.0065595713,83.7125,4.7667003,0.0014576827,,,,,,,,,,,,,,,,,,,,,,,,,,,,,,,,,,,,,,,,,,,,,,,,,,,,,,,,,,,,,83.7125,4.7667003,18.396498,83.7125,4.7667003,2.5255938,,,,,,,,,,,,,,,,,83.7125,4.856638,0.028718315,83.7125,4.856638,0.0003737252,,,,,,,,,,,,,,,,,,,,83.7125,4.856638,-0.0007507494,83.7125,4.856638,27.496696,83.7125,4.856638,-2.5024974e-05,83.7125,4.856638,1.0000001e-07,83.7125,4.856638,7.0,,,,,,,
83.7125,4.7966795,0.006619068,83.7125,4.7966795,0.001472557,,,,,,,,,,,,,,,,,,,,,,,,,,,,,,,,,,,,,,,,,,,,,,,,,,,,,,,,,,,,,83.7125,4.7966795,18.614574,83.7125,4.7966795,2.6100578,,,,,,,,,,,,,,,,,83.7125,4.886617,0.028136171,83.7125,4.886617,-0.00026425824,,,,,,,,,,,,,,,,,,,,83.7125,4.886617,-0.0013790202,83.7125,4.886617,27.493933,83.7125,4.886617,-4.596734e-05,83.7125,4.886617,1.0000001e-07,83.7125,4.886617,7.0,,,,,,,
83.7125,4.8266587,0.006514949,83.7125,4.8266587,0.0013386881,,,,,,,,,,,,,,,,,,,,,,,,,,,,,,,,,,,,,,,,,,,,,,,,,,,,,,,,,,,,,83.7125,4.8266587,18.237677,83.7125,4.8266587,2.1346588,,,,,,,,,,,,,,,,,83.7125,4.9165964,0.030185418,83.7125,4.9165964,0.0009942645,,,,,,,,,,,,,,,,,,,,83.7125,4.9165964,0.00059422717,83.7125,4.9165964,27.502615,83.7125,4.9165964,1.980757e-05,83.7125,4.9165964,1.0000001e-07,83.7125,4.9165964,7.0,,,,,,,
83.7125,4.856638,0.00638108,83.7125,4.856638,0.0013535623,,,,,,,,,,,,,,,,,,,,,,,,,,,,,,,,,,,,,,,,,,,,,,,,,,,,,,,,,,,,,83.7125,4.856638,17.812788,83.7125,4.856638,2.225474,,,,,,,,,,,,,,,,,83.7125,4.9465756,0.02850164,83.7125,4.9465756,-0.0007400497,,,,,,,,,,,,,,,,,,,,83.7125,4.9465756,-0.000832374,83.7125,4.9465756,27.496336,83.7125,4.9465756,-2.7745797e-05,83.7125,4.9465756,1.0000001e-07,83.7125,4.9465756,7.0,,,,,,,
83.7125,4.886617,0.0061430912,83.7125,4.886617,0.0012643165,,,,,,,,,,,,,,,,,,,,,,,,,,,,,,,,,,,,,,,,,,,,,,,,,,,,,,,,,,,,,83.7125,4.886617,17.103165,83.7125,4.886617,1.9001865,,,,,,,,,,,,,,,,,83.7125,4.976555,0.027518272,83.7125,4.976555,-0.00071145926,,,,,,,,,,,,,,,,,,,,83.7125,4.976555,-0.0016085807,83.7125,4.976555,27.492922,83.7125,4.976555,-5.3619362e-05,83.7125,4.976555,1.0000001e-07,83.7125,4.976555,7.0,,,,,,,
83.7125,4.9165964,0.006410828,83.7125,4.9165964,0.0013684366,,,,,,,,,,,,,,,,,,,,,,,,,,,,,,,,,,,,,,,,,,,,,,,,,,,,,,,,,,,,,83.7125,4.9165964,17.90306,83.7125,4.9165964,2.2189271,,,,,,,,,,,,,,,,,83.7125,5.006534,0.028545955,83.7125,5.006534,0.0005457329,,,,,,,,,,,,,,,,,,,,83.7125,5.006534,-0.00045780942,83.7125,5.006534,27.497986,83.7125,5.006534,-1.5260312e-05,83.7125,5.006534,1.0000001e-07,83.7125,5.006534,7.0,,,,,,,
83.7125,4.9465756,0.006053845,83.7125,4.9465756,0.0011155733,,,,,,,,,,,,,,,,,,,,,,,,,,,,,,,,,,,,,,,,,,,,,,,,,,,,,,,,,,,,,83.7125,4.9465756,16.824501,83.7125,4.9465756,1.4162135,,,,,,,,,,,,,,,,,83.7125,5.0365133,0.029486487,83.7125,5.0365133,0.000615773,,,,,,,,,,,,,,,,,,,,83.7125,5.0365133,0.0003813981,83.7125,5.0365133,27.501678,83.7125,5.0365133,1.2713272e-05,83.7125,5.0365133,1.0000001e-07,83.7125,5.0365133,7.0,,,,,,,
83.7125,4.976555,0.005786108,83.7125,4.976555,0.0010858248,,,,,,,,,,,,,,,,,,,,,,,,,,,,,,,,,,,,,,,,,,,,,,,,,,,,,,,,,,,,,83.7125,4.976555,15.918191,83.7125,4.976555,1.2737223,,,,,,,,,,,,,,,,,83.7125,5.0664926,0.028073711,83.7125,5.0664926,-0.00030220265,,,,,,,,,,,,,,,,,,,,83.7125,5.0664926,-0.0008475787,83.7125,5.0664926,27.496271,83.7125,5.0664926,-2.8252623e-05,83.7125,5.0664926,1.0000001e-07,83.7125,5.0664926,7.0,,,,,,,
83.7125,5.006534,0.0058902274,83.7125,5.006534,0.0012494422,,,,,,,,,,,,,,,,,,,,,,,,,,,,,,,,,,,,,,,,,,,,,,,,,,,,,,,,,,,,,83.7125,5.006534,16.208267,83.7125,5.006534,1.8793836,,,,,,,,,,,,,,,,,83.7125,5.096472,0.02675773,83.7125,5.096472,0.0017032871,,,,,,,,,,,,,,,,,,,,83.7125,5.096472,-0.0021996673,83.7125,5.096472,27.49032,83.7125,5.096472,-7.332223e-05,83.7125,5.096472,1.0000001e-07,83.7125,5.096472,7.0,,,,,,,
83.7125,5.0365133,0.005964599,83.7125,5.0365133,0.0012791906,,,,,,,,,,,,,,,,,,,,,,,,,,,,,,,,,,,,,,,,,,,,,,,,,,,,,,,,,,,,,83.7125,5.0365133,16.554007,83.7125,5.0365133,1.9540397,,,,,,,,,,,,,,,,,83.7125,5.126451,0.027004331,83.7125,5.126451,0.0013438965,,,,,,,,,,,,,,,,,,,,83.7125,5.126451,-0.0019204587,83.7125,5.126451,27.49155,83.7125,5.126451,-6.4015294e-05,83.7125,5.126451,1.0000001e-07,83.7125,5.126451,7.0,,,,,,,
83.7125,5.0664926,0.0057414845,83.7125,5.0664926,0.0010263275,,,,,,,,,,,,,,,,,,,,,,,,,,,,,,,,,,,,,,,,,,,,,,,,,,,,,,,,,,,,,83.7125,5.0664926,15.860831,83.7125,5.0664926,1.0649384,,,,,,,,,,,,,,,,,83.7125,5.1564302,0.030152563,83.7125,5.1564302,-0.00025678807,,,,,,,,,,,,,,,,,,,,83.7125,5.1564302,0.001222429,83.7125,5.1564302,27.505379,83.7125,5.1564302,4.0747633e-05,83.7125,5.1564302,1.0000001e-07,83.7125,5.1564302,7.0,,,,,,,
83.7125,5.096472,0.0054588728,83.7125,5.096472,0.0014428083,,,,,,,,,,,,,,,,,,,,,,,,,,,,,,,,,,,,,,,,,,,,,,,,,,,,,,,,,,,,,83.7125,5.096472,14.872349,83.7125,5.096472,2.4881532,,,,,,,,,,,,,,,,,83.7125,5.1864095,0.025750687,83.7125,5.1864095,-0.0013744547,,,,,,,,,,,,,,,,,,,,83.7125,5.1864095,-0.0026852232,83.7125,5.1864095,27.488186,83.7125,5.1864095,-8.950743e-05,83.7125,5.1864095,1.0000001e-07,83.7125,5.1864095,7.0,,,,,,,
83.7125,5.126451,0.0054291245,83.7125,5.126451,0.0013684367,,,,,,,,,,,,,,,,,,,,,,,,,,,,,,,,,,,,,,,,,,,,,,,,,,,,,,,,,,,,,83.7125,5.126451,14.847012,83.7125,5.126451,2.2195523,,,,,,,,,,,,,,,,,83.7125,5.2163887,0.025985528,83.7125,5.2163887,-0.00052322703,,,,,,,,,,,,,,,,,,,,83.7125,5.2163887,-0.0023432039,83.7125,5.2163887,27.489689,83.7125,5.2163887,-7.8106794e-05,83.7125,5.2163887,1.0000001e-07,83.7125,5.2163887,7.0,,,,,,,
83.7125,5.1564302,0.005905102,83.7125,5.1564302,0.001145322,,,,,,,,,,,,,,,,,,,,,,,,,,,,,,,,,,,,,,,,,,,,,,,,,,,,,,,,,,,,,83.7125,5.1564302,16.35151,83.7125,5.1564302,1.5332732,,,,,,,,,,,,,,,,,83.7125,5.246368,0.028190859,83.7125,5.246368,0.0019571276,,,,,,,,,,,,,,,,,,,,83.7125,5.246368,-0.00024476222,83.7125,5.246368,27.498922,83.7125,5.246368,-8.158737e-06,83.7125,5.246368,1.0000001e-07,83.7125,5.246368,7.0,,,,,,,
83.7125,5.1864095,0.0051018894,83.7125,5.1864095,0.0011601964,,,,,,,,,,,,,,,,,,,,,,,,,,,,,,,,,,,,,,,,,,,,,,,,,,,,,,,,,,,,,83.7125,5.1864095,13.742545,83.7125,5.1864095,1.517167,,,,,,,,,,,,,,,,,83.7125,5.276347,0.027619148,83.7125,5.276347,0.0032077515,,,,,,,,,,,,,,,,,,,,83.7125,5.276347,-0.00071137014,83.7125,5.276347,27.49687,83.7125,5.276347,-2.3712344e-05,83.7125,5.276347,0.030014565,83.7125,5.276347,6.0,,,,,,,
83.7125,5.2163887,0.0052655065,83.7125,5.2163887,0.0011453219,,,,,,,,,,,,,,,,,,,,,,,,,,,,,,,,,,,,,,,,,,,,,,,,,,,,,,,,,,,,,83.7125,5.2163887,14.331624,83.7125,5.2163887,1.5096245,,,,,,,,,,,,,,,,,83.7125,5.3063264,0.025036966,83.7125,5.3063264,0.000482716,,,,,,,,,,,,,,,,,,,,83.7125,5.3063264,-0.0029672708,83.7125,5.3063264,27.486944,83.7125,5.3063264,-9.8909026e-05,83.7125,5.3063264,1.0000001e-07,83.7125,5.3063264,7.0,,,,,,,
83.7125,5.246368,0.0054588728,83.7125,5.246368,0.0015023055,,,,,,,,,,,,,,,,,,,,,,,,,,,,,,,,,,,,,,,,,,,,,,,,,,,,,,,,,,,,,83.7125,5.246368,14.871689,83.7125,5.246368,2.6899354,,,,,,,,,,,,,,,,,83.7125,5.3363056,0.0281861,83.7125,5.3363056,-0.00013592032,,,,,,,,,,,,,,,,,,,,83.7125,5.3363056,0.00029168683,83.7125,5.3363056,27.501284,83.7125,5.3363056,9.722896e-06,83.7125,5.3363056,1.0000001e-07,83.7125,5.3363056,7.0,,,,,,,
83.7125,5.276347,0.0053547523,83.7125,5.276347,0.0016064257,,,,,,,,,,,,,,,,,,,,,,,,,,,,,,,,,,,,,,,,,,,,,,,,,,,,,,,,,,,,,83.7125,5.276347,14.576294,83.7125,5.276347,3.0266788,,,,,,,,,,,,,,,,,83.7125,5.366285,0.026837103,83.7125,5.366285,0.0022145691,,,,,,,,,,,,,,,,,,,,83.7125,5.366285,-0.0011132131,83.7125,5.366285,27.495104,83.7125,5.366285,-3.7107107e-05,83.7125,5.366285,1.0000001e-07,83.7125,5.366285,7.0,,,,,,,
83.7125,5.3063264,0.0049085226,83.7125,5.3063264,0.001383311,,,,,,,,,,,,,,,,,,,,,,,,,,,,,,,,,,,,,,,,,,,,,,,,,,,,,,,,,,,,,83.7125,5.3063264,13.211354,83.7125,5.3063264,2.3036478,,,,,,,,,,,,,,,,,83.7125,5.396264,0.024961058,83.7125,5.396264,-0.00023771836,,,,,,,,,,,,,,,,,,,,83.7125,5.396264,-0.0026912994,83.7125,5.396264,27.488155,83.7125,5.396264,-8.9709974e-05,83.7125,5.396264,1.0000001e-07,83.7125,5.396264,7.0,,,,,,,
83.7125,5.3363056,0.0052952548,83.7125,5.3363056,0.0011155733,,,,,,,,,,,,,,,,,,,,,,,,,,,,,,,,,,,,,,,,,,,,,,,,,,,,,,,,,,,,,83.7125,5.3363056,14.460798,83.7125,5.3363056,1.4463712,,,,,,,,,,,,,,,,,83.7125,5.426244,0.026409425,83.7125,5.426244,-0.00019511027,,,,,,,,,,,,,,,,,,,,83.7125,5.426244,-0.0012160875,83.7125,5.426244,27.494646,83.7125,5.426244,-4.0536255e-05,83.7125,5.426244,1.0000001e-07,83.7125,5.426244,7.0,,,,,,,
83.7125,5.366285,0.004997769,83.7125,5.366285,0.001383311,,,,,,,,,,,,,,,,,,,,,,,,,,,,,,,,,,,,,,,,,,,,,,,,,,,,,,,,,,,,,83.7125,5.366285,13.485531,83.7125,5.366285,2.3100362,,,,,,,,,,,,,,,,,83.7125,5.456223,0.028032664,83.7125,5.456223,0.0014440144,,,,,,,,,,,,,,,,,,,,83.7125,5.456223,0.00022913392,83.7125,5.456223,27.501007,83.7125,5.456223,7.6377955e-06,83.7125,5.456223,1.0000001e-07,83.7125,5.456223,7.0,,,,,,,
83.7125,5.396264,0.00475978,83.7125,5.396264,0.001234568,,,,,,,,,,,,,,,,,,,,,,,,,,,,,,,,,,,,,,,,,,,,,,,,,,,,,,,,,,,,,83.7125,5.396264,12.7213745,83.7125,5.396264,1.8190793,,,,,,,,,,,,,,,,,83.7125,5.4862022,0.025458321,83.7125,5.4862022,0.0014041397,,,,,,,,,,,,,,,,,,,,83.7125,5.4862022,-0.0021394996,83.7125,5.4862022,27.490587,83.7125,5.4862022,-7.1316645e-05,83.7125,5.4862022,1.0000001e-07,83.7125,5.4862022,7.0,,,,,,,
83.7125,5.4262433,0.0049233977,83.7125,5.4262433,0.0011601964,,,,,,,,,,,,,,,,,,,,,,,,,,,,,,,,,,,,,,,,,,,,,,,,,,,,,,,,,,,,,83.7125,5.4262433,13.181656,83.7125,5.4262433,1.5454731,,,,,,,,,,,,,,,,,83.7125,5.5161815,0.030624755,83.7125,5.5161815,8.162266e-05,,,,,,,,,,,,,,,,,,,,83.7125,5.5161815,0.0029219694,83.7125,5.5161815,27.512857,83.7125,5.5161815,9.7398966e-05,83.7125,5.5161815,1.0000001e-07,83.7125,5.5161815,7.0,,,,,,,
83.7125,5.4562225,0.004997769,83.7125,5.4562225,0.0013386881,,,,,,,,,,,,,,,,,,,,,,,,,,,,,,,,,,,,,,,,,,,,,,,,,,,,,,,,,,,,,83.7125,5.4562225,13.470041,83.7125,5.4562225,2.1753376,,,,,,,,,,,,,,,,,83.7125,5.5461607,0.028755507,83.7125,5.5461607,0.0031810182,,,,,,,,,,,,,,,,,,,,83.7125,5.5461607,0.0012331062,83.7125,5.5461607,27.505424,83.7125,5.5461607,4.1103543e-05,83.7125,5.5461607,1.0000001e-07,83.7125,5.5461607,7.0,,,,,,,
83.7125,5.486202,0.0047895284,83.7125,5.486202,0.0013535623,,,,,,,,,,,,,,,,,,,,,,,,,,,,,,,,,,,,,,,,,,,,,,,,,,,,,,,,,,,,,83.7125,5.486202,12.8412285,83.7125,5.486202,2.19256,,,,,,,,,,,,,,,,,83.7125,5.57614,0.028007153,83.7125,5.57614,0.00037017313,,,,,,,,,,,,,,,,,,,,83.7125,5.57614,0.0006435519,83.7125,5.57614,27.50283,83.7125,5.57614,2.1451728e-05,83.7125,5.57614,1.0000001e-07,83.7125,5.57614,7.0,,,,,,,
83.7125,5.516181,0.0054291235,83.7125,5.516181,0.0011304476,,,,,,,,,,,,,,,,,,,,,,,,,,,,,,,,,,,,,,,,,,,,,,,,,,,,,,,,,,,,,83.7125,5.516181,14.842457,83.7125,5.516181,1.4675025,,,,,,,,,,,,,,,,,83.7125,5.606119,0.027003286,83.7125,5.606119,0.0003332539,,,,,,,,,,,,,,,,,,,,83.7125,5.606119,-0.0002101771,83.7125,5.606119,27.499077,83.7125,5.606119,-7.005897e-06,83.7125,5.606119,1.0000001e-07,83.7125,5.606119,7.0,,,,,,,
83.7125,5.5461607,0.0049680206,83.7125,5.5461607,0.0016213,,,,,,,,,,,,,,,,,,,,,,,,,,,,,,,,,,,,,,,,,,,,,,,,,,,,,,,,,,,,,83.7125,5.5461607,13.419494,83.7125,5.5461607,3.101041,,,,,,,,,,,,,,,,,83.7125,5.6360984,0.030809743,83.7125,5.6360984,0.00088060007,,,,,,,,,,,,,,,,,,,,83.7125,5.6360984,0.0037505506,83.7125,5.6360984,27.516504,83.7125,5.6360984,0.00012501836,83.7125,5.6360984,0.02235265,83.7125,5.6360984,5.0,,,,,,,
83.7125,5.57614,0.0049382714,83.7125,5.57614,0.0011899449,,,,,,,,,,,,,,,,,,,,,,,,,,,,,,,,,,,,,,,,,,,,,,,,,,,,,,,,,,,,,83.7125,5.57614,13.209482,83.7125,5.57614,1.6537602,,,,,,,,,,,,,,,,,83.7125,5.6660776,0.029270057,83.7125,5.6660776,0.0006562602,,,,,,,,,,,,,,,,,,,,83.7125,5.6660776,0.0023612652,83.7125,5.6660776,27.510393,83.7125,5.6660776,7.870885e-05,83.7125,5.6660776,1.0000001e-07,83.7125,5.6660776,7.0,,,,,,,
83.7125,5.606119,0.004819277,83.7125,5.606119,0.001145322,,,,,,,,,,,,,,,,,,,,,,,,,,,,,,,,,,,,,,,,,,,,,,,,,,,,,,,,,,,,,83.7125,5.606119,12.87036,83.7125,5.606119,1.5102267,,,,,,,,,,,,,,,,,83.7125,5.696057,0.02602203,83.7125,5.696057,0.0015139333,,,,,,,,,,,,,,,,,,,,83.7125,5.696057,-0.0009126512,83.7125,5.696057,27.495985,83.7125,5.696057,-3.0421703e-05,83.7125,5.696057,1.0000001e-07,83.7125,5.696057,7.0,,,,,,,
83.7125,5.6360984,0.0052655065,83.7125,5.6360984,0.0011453221,,,,,,,,,,,,,,,,,,,,,,,,,,,,,,,,,,,,,,,,,,,,,,,,,,,,,,,,,,,,,83.7125,5.6360984,14.275186,83.7125,5.6360984,1.5569525,,,,,,,,,,,,,,,,,83.7125,5.726036,0.025747703,83.7125,5.726036,0.0010302551,,,,,,,,,,,,,,,,,,,,83.7125,5.726036,-0.0008227576,83.7125,5.726036,27.49638,83.7125,5.726036,-2.7425254e-05,83.7125,5.726036,1.0000001e-07,83.7125,5.726036,7.0,,,,,,,
83.7125,5.6660776,0.00496802,83.7125,5.6660776,0.0011601963,,,,,,,,,,,,,,,,,,,,,,,,,,,,,,,,,,,,,,,,,,,,,,,,,,,,,,,,,,,,,83.7125,5.6660776,13.3865,83.7125,5.6660776,1.5370865,,,,,,,,,,,,,,,,,83.7125,5.7560153,0.0246229,83.7125,5.7560153,0.00032405736,,,,,,,,,,,,,,,,,,,,83.7125,5.7560153,-0.001912576,83.7125,5.7560153,27.491585,83.7125,5.7560153,-6.375254e-05,83.7125,5.7560153,1.0000001e-07,83.7125,5.7560153,7.0,,,,,,,
83.7125,5.696057,0.004536665,83.7125,5.696057,0.0012940652,,,,,,,,,,,,,,,,,,,,,,,,,,,,,,,,,,,,,,,,,,,,,,,,,,,,,,,,,,,,,83.7125,5.696057,11.980507,83.7125,5.696057,1.9639536,,,,,,,,,,,,,,,,,83.7125,5.7859945,0.030210422,83.7125,5.7859945,0.0013302804,,,,,,,,,,,,,,,,,,,,83.7125,5.7859945,0.0034374744,83.7125,5.7859945,27.515123,83.7125,5.7859945,0.000114582464,83.7125,5.7859945,1.0000001e-07,83.7125,5.7859945,7.0,,,,,,,
83.7125,5.726036,0.0043730475,83.7125,5.726036,0.0012494423,,,,,,,,,,,,,,,,,,,,,,,,,,,,,,,,,,,,,,,,,,,,,,,,,,,,,,,,,,,,,83.7125,5.726036,11.552,83.7125,5.726036,1.8412353,,,,,,,,,,,,,,,,,83.7125,5.8159738,0.027487852,83.7125,5.8159738,0.0012302686,,,,,,,,,,,,,,,,,,,,83.7125,5.8159738,0.0010127354,83.7125,5.8159738,27.50446,83.7125,5.8159738,3.3757846e-05,83.7125,5.8159738,1.0000001e-07,83.7125,5.8159738,7.0,,,,,,,
83.7125,5.7560153,0.0042094304,83.7125,5.7560153,0.0012196936,,,,,,,,,,,,,,,,,,,,,,,,,,,,,,,,,,,,,,,,,,,,,,,,,,,,,,,,,,,,,83.7125,5.7560153,10.913117,83.7125,5.7560153,1.7430706,,,,,,,,,,,,,,,,,83.7125,5.845953,0.027846612,83.7125,5.845953,0.0025975413,,,,,,,,,,,,,,,,,,,,83.7125,5.845953,0.0015025358,83.7125,5.845953,27.506613,83.7125,5.845953,5.0084527e-05,83.7125,5.845953,1.0000001e-07,83.7125,5.845953,7.0,,,,,,,
83.7125,5.7859945,0.004908523,83.7125,5.7859945,0.0011750706,,,,,,,,,,,,,,,,,,,,,,,,,,,,,,,,,,,,,,,,,,,,,,,,,,,,,,,,,,,,,83.7125,5.7859945,13.1479,83.7125,5.7859945,1.6003032,,,,,,,,,,,,,,,,,83.7125,5.875932,0.025592059,83.7125,5.875932,8.125807e-05,,,,,,,,,,,,,,,,,,,,83.7125,5.875932,-0.00089531974,83.7125,5.875932,27.49606,83.7125,5.875932,-2.9843992e-05,83.7125,5.875932,1.0000001e-07,83.7125,5.875932,7.0,,,,,,,
83.7125,5.8159738,0.0044771675,83.7125,5.8159738,0.0012345678,,,,,,,,,,,,,,,,,,,,,,,,,,,,,,,,,,,,,,,,,,,,,,,,,,,,,,,,,,,,,83.7125,5.8159738,11.786399,83.7125,5.8159738,1.7957873,,,,,,,,,,,,,,,,,83.7125,5.9059114,0.02642636,83.7125,5.9059114,0.0022340843,,,,,,,,,,,,,,,,,,,,83.7125,5.9059114,0.00011407278,83.7125,5.9059114,27.5005,83.7125,5.9059114,3.8024268e-06,83.7125,5.9059114,1.0000001e-07,83.7125,5.9059114,7.0,,,,,,,
83.7125,5.845953,0.004536665,83.7125,5.845953,0.0013238138,,,,,,,,,,,,,,,,,,,,,,,,,,,,,,,,,,,,,,,,,,,,,,,,,,,,,,,,,,,,,83.7125,5.845953,12.038567,83.7125,5.845953,2.078834,,,,,,,,,,,,,,,,,83.7125,5.9358907,0.022250459,83.7125,5.9358907,0.00047354389,,,,,,,,,,,,,,,,,,,,83.7125,5.9358907,-0.0038396295,83.7125,5.9358907,27.483105,83.7125,5.9358907,-0.00012798765,83.7125,5.9358907,1.0000001e-07,83.7125,5.9358907,7.0,,,,,,,
83.7125,5.875932,0.0042243046,83.7125,5.875932,0.0010858248,,,,,,,,,,,,,,,,,,,,,,,,,,,,,,,,,,,,,,,,,,,,,,,,,,,,,,,,,,,,,83.7125,5.875932,10.996444,83.7125,5.875932,1.2850938,,,,,,,,,,,,,,,,,83.7125,5.96587,0.026905347,83.7125,5.96587,-0.0007560888,,,,,,,,,,,,,,,,,,,,83.7125,5.96587,0.00082032493,83.7125,5.96587,27.503609,83.7125,5.96587,2.7344162e-05,83.7125,5.96587,1.0000001e-07,83.7125,5.96587,7.0,,,,,,,
83.7125,5.9059114,0.004283802,83.7125,5.9059114,0.001294065,,,,,,,,,,,,,,,,,,,,,,,,,,,,,,,,,,,,,,,,,,,,,,,,,,,,,,,,,,,,,83.7125,5.9059114,11.19598,83.7125,5.9059114,1.9795532,,,,,,,,,,,,,,,,,83.7125,5.995849,0.027824674,83.7125,5.995849,0.0007828388,,,,,,,,,,,,,,,,,,,,83.7125,5.995849,0.0,83.7125,5.995849,27.5,83.7125,5.995849,0.0,83.7125,5.995849,1.0000001e-07,83.7125,5.995849,7.0,,,,,,,
83.7125,5.9358907,0.0037929495,83.7125,5.9358907,0.0011453221,,,,,,,,,,,,,,,,,,,,,,,,,,,,,,,,,,,,,,,,,,,,,,,,,,,,,,,,,,,,,83.7125,5.9358907,9.67861,83.7125,5.9358907,1.5273299,,,,,,,,,,,,,,,,,83.7125,6.0258284,0.027331168,83.7125,6.0258284,0.0013631105,,,,,,,,,,,,,,,,,,,,,,,,,,,,,83.7125,6.0258284,1.0000001e-07,83.7125,6.0258284,7.0,,,,,,,
83.7125,5.96587,0.0042689275,83.7125,5.96587,0.0010709505,,,,,,,,,,,,,,,,,,,,,,,,,,,,,,,,,,,,,,,,,,,,,,,,,,,,,,,,,,,,,83.7125,5.96587,11.121542,83.7125,5.96587,1.2408092,,,,,,,,,,,,,,,,,83.7125,6.0558076,0.025167013,83.7125,6.0558076,-7.179504e-05,,,,,,,,,,,,,,,,,,,,,,,,,,,,,83.7125,6.0558076,1.0000001e-07,83.7125,6.0558076,7.0,,,,,,,
83.7125,5.995849,0.0043730475,83.7125,5.995849,0.0011006991,,,,,,,,,,,,,,,,,,,,,,,,,,,,,,,,,,,,,,,,,,,,,,,,,,,,,,,,,,,,,83.7125,5.995849,11.484458,83.7125,5.995849,1.3618156,,,,,,,,,,,,,,,,,83.7125,6.085787,0.024678385,83.7125,6.085787,0.0024788768,,,,,,,,,,,,,,,,,,,,,,,,,,,,,83.7125,6.085787,1.0000001e-07,83.7125,6.085787,7.0,,,,,,,
83.7125,6.0258284,0.004239179,83.7125,6.0258284,0.0011750705,,,,,,,,,,,,,,,,,,,,,,,,,,,,,,,,,,,,,,,,,,,,,,,,,,,,,,,,,,,,,83.7125,6.0258284,11.052403,83.7125,6.0258284,1.5533575,,,,,,,,,,,,,,,,,83.7125,6.115766,0.026273437,83.7125,6.115766,-0.001954517,,,,,,,,,,,,,,,,,,,,,,,,,,,,,83.7125,6.115766,1.0000001e-07,83.7125,6.115766,7.0,,,,,,,
83.7125,6.0558076,0.0039268187,83.7125,6.0558076,0.0010412018,,,,,,,,,,,,,,,,,,,,,,,,,,,,,,,,,,,,,,,,,,,,,,,,,,,,,,,,,,,,,83.7125,6.0558076,10.019887,83.7125,6.0558076,1.1457382,,,,,,,,,,,,,,,,,83.7125,6.1457453,0.025899535,83.7125,6.1457453,0.0017410022,,,,,,,,,,,,,,,,,,,,,,,,,,,,,83.7125,6.1457453,1.0000001e-07,83.7125,6.1457453,7.0,,,,,,,
83.7125,6.085787,0.003911944,83.7125,6.085787,0.0013386881,,,,,,,,,,,,,,,,,,,,,,,,,,,,,,,,,,,,,,,,,,,,,,,,,,,,,,,,,,,,,83.7125,6.085787,10.035785,83.7125,6.085787,2.157534,,,,,,,,,,,,,,,,,83.7125,6.1757245,0.028452555,83.7125,6.1757245,0.00020989607,,,,,,,,,,,,,,,,,,,,,,,,,,,,,83.7125,6.1757245,1.0000001e-07,83.7125,6.1757245,7.0,,,,,,,
83.7125,6.115766,0.003971441,83.7125,6.115766,0.0009222073,,,,,,,,,,,,,,,,,,,,,,,,,,,,,,,,,,,,,,,,,,,,,,,,,,,,,,,,,,,,,83.7125,6.115766,10.211365,83.7125,6.115766,0.75350827,,,,,,,,,,,,,,,,,83.7125,6.2057037,0.0264364,83.7125,6.2057037,-0.0024394416,,,,,,,,,,,,,,,,,,,,,,,,,,,,,83.7125,6.2057037,1.0000001e-07,83.7125,6.2057037,7.0,,,,,,,
83.7125,6.1457453,0.0039416924,83.7125,6.1457453,0.0012791908,,,,,,,,,,,,,,,,,,,,,,,,,,,,,,,,,,,,,,,,,,,,,,,,,,,,,,,,,,,,,83.7125,6.1457453,10.147023,83.7125,6.1457453,1.9466476,,,,,,,,,,,,,,,,,83.7125,6.235683,0.028220424,83.7125,6.235683,0.0014198339,,,,,,,,,,,,,,,,,,,,,,,,,,,,,83.7125,6.235683,1.0000001e-07,83.7125,6.235683,7.0,,,,,,,
83.7125,6.1757245,0.004179681,83.7125,6.1757245,0.0011155733,,,,,,,,,,,,,,,,,,,,,,,,,,,,,,,,,,,,,,,,,,,,,,,,,,,,,,,,,,,,,83.7125,6.1757245,10.875912,83.7125,6.1757245,1.3996075,,,,,,,,,,,,,,,,,83.7125,6.2656627,0.02163703,83.7125,6.2656627,0.00024076714,,,,,,,,,,,,,,,,,,,,,,,,,,,,,83.7125,6.2656627,1.0000001e-07,83.7125,6.2656627,7.0,,,,,,,
83.7125,6.2057037,0.0038673216,83.7125,6.2057037,0.00087758433,,,,,,,,,,,,,,,,,,,,,,,,,,,,,,,,,,,,,,,,,,,,,,,,,,,,,,,,,,,,,83.7125,6.2057037,9.856279,83.7125,6.2057037,0.59898144,,,,,,,,,,,,,,,,,83.7125,6.295642,0.026124993,83.7125,6.295642,-0.0021451144,,,,,,,,,,,,,,,,,,,,,,,,,,,,,83.7125,6.295642,1.0000001e-07,83.7125,6.295642,7.0,,,,,,,
83.7125,6.235683,0.0040755617,83.7125,6.235683,0.001189945,,,,,,,,,,,,,,,,,,,,,,,,,,,,,,,,,,,,,,,,,,,,,,,,,,,,,,,,,,,,,83.7125,6.235683,10.50914,83.7125,6.235683,1.6168936,,,,,,,,,,,,,,,,,83.7125,6.325621,0.026413098,83.7125,6.325621,0.000909521,,,,,,,,,,,,,,,,,,,,,,,,,,,,,83.7125,6.325621,1.0000001e-07,83.7125,6.325621,7.0,,,,,,,
83.7125,6.265662,0.003525212,83.7125,6.265662,0.001189945,,,,,,,,,,,,,,,,,,,,,,,,,,,,,,,,,,,,,,,,,,,,,,,,,,,,,,,,,,,,,83.7125,6.265662,8.772686,83.7125,6.265662,1.6552638,,,,,,,,,,,,,,,,,83.7125,6.3556004,0.026542412,83.7125,6.3556004,0.0009227057,,,,,,,,,,,,,,,,,,,,,,,,,,,,,83.7125,6.3556004,1.0000001e-07,83.7125,6.3556004,7.0,,,,,,,
83.7125,6.2956414,0.00379295,83.7125,6.2956414,0.00086270995,,,,,,,,,,,,,,,,,,,,,,,,,,,,,,,,,,,,,,,,,,,,,,,,,,,,,,,,,,,,,83.7125,6.2956414,9.674123,83.7125,6.2956414,0.5382282,,,,,,,,,,,,,,,,,83.7125,6.3855796,0.022490196,83.7125,6.3855796,-8.353485e-05,,,,,,,,,,,,,,,,,,,,,,,,,,,,,83.7125,6.3855796,1.0000001e-07,83.7125,6.3855796,7.0,,,,,,,
83.7125,6.3256207,0.0038970697,83.7125,6.3256207,0.0011601963,,,,,,,,,,,,,,,,,,,,,,,,,,,,,,,,,,,,,,,,,,,,,,,,,,,,,,,,,,,,,83.7125,6.3256207,9.902416,83.7125,6.3256207,1.5243924,,,,,,,,,,,,,,,,,83.7125,6.415559,0.026127584,83.7125,6.415559,0.00019454514,,,,,,,,,,,,,,,,,,,,,,,,,,,,,83.7125,6.415559,1.0000001e-07,83.7125,6.415559,7.0,,,,,,,
83.7125,6.3556,0.003807824,83.7125,6.3556,0.0011304478,,,,,,,,,,,,,,,,,,,,,,,,,,,,,,,,,,,,,,,,,,,,,,,,,,,,,,,,,,,,,83.7125,6.3556,9.750905,83.7125,6.3556,1.402986,,,,,,,,,,,,,,,,,83.7125,6.445538,0.026209496,83.7125,6.445538,0.00062793476,,,,,,,,,,,,,,,,,,,,,,,,,,,,,83.7125,6.445538,1.0000001e-07,83.7125,6.445538,7.0,,,,,,,
83.7125,6.385579,0.0033913432,83.7125,6.385579,0.0011155733,,,,,,,,,,,,,,,,,,,,,,,,,,,,,,,,,,,,,,,,,,,,,,,,,,,,,,,,,,,,,83.7125,6.385579,8.400832,83.7125,6.385579,1.3700974,,,,,,,,,,,,,,,,,83.7125,6.4755173,0.026631473,83.7125,6.4755173,0.00070731214,,,,,,,,,,,,,,,,,,,,,,,,,,,,,83.7125,6.4755173,1.0000001e-07,83.7125,6.4755173,7.0,,,,,,,
83.7125,6.415559,0.0038970697,83.7125,6.415559,0.0010709504,,,,,,,,,,,,,,,,,,,,,,,,,,,,,,,,,,,,,,,,,,,,,,,,,,,,,,,,,,,,,83.7125,6.415559,9.986768,83.7125,6.415559,1.2767516,,,,,,,,,,,,,,,,,83.7125,6.5054965,0.027203675,83.7125,6.5054965,0.0013989127,,,,,,,,,,,,,,,,,,,,,,,,,,,,,83.7125,6.5054965,1.0000001e-07,83.7125,6.5054965,7.0,,,,,,,
83.7125,6.445538,0.0036442066,83.7125,6.445538,0.0010709504,,,,,,,,,,,,,,,,,,,,,,,,,,,,,,,,,,,,,,,,,,,,,,,,,,,,,,,,,,,,,83.7125,6.445538,9.200344,83.7125,6.445538,1.221862,,,,,,,,,,,,,,,,,83.7125,6.5354757,0.023826214,83.7125,6.5354757,0.0012456682,,,,,,,,,,,,,,,,,,,,,,,,,,,,,83.7125,6.5354757,1.0000001e-07,83.7125,6.5354757,7.0,,,,,,,
83.7125,6.4755173,0.0036293322,83.7125,6.4755173,0.0010709505,,,,,,,,,,,,,,,,,,,,,,,,,,,,,,,,,,,,,,,,,,,,,,,,,,,,,,,,,,,,,83.7125,6.4755173,9.161159,83.7125,6.4755173,1.2409207,,,,,,,,,,,,,,,,,83.7125,6.565455,0.023814851,83.7125,6.565455,-0.0013893493,,,,,,,,,,,,,,,,,,,,,,,,,,,,,83.7125,6.565455,1.0000001e-07,83.7125,6.565455,7.0,,,,,,,
83.7125,6.5054965,0.0035549605,83.7125,6.5054965,0.0012196936,,,,,,,,,,,,,,,,,,,,,,,,,,,,,,,,,,,,,,,,,,,,,,,,,,,,,,,,,,,,,83.7125,6.5054965,8.943731,83.7125,6.5054965,1.755552,,,,,,,,,,,,,,,,,83.7125,6.595434,0.024492837,83.7125,6.595434,-0.0007036242,,,,,,,,,,,,,,,,,,,,,,,,,,,,,83.7125,6.595434,1.0000001e-07,83.7125,6.595434,7.0,,,,,,,
83.7125,6.5354757,0.0033020969,83.7125,6.5354757,0.0012048192,,,,,,,,,,,,,,,,,,,,,,,,,,,,,,,,,,,,,,,,,,,,,,,,,,,,,,,,,,,,,83.7125,6.5354757,8.112375,83.7125,6.5354757,1.694629,,,,,,,,,,,,,,,,,83.7125,6.6254134,0.021963255,83.7125,6.6254134,-0.00069573085,,,,,,,,,,,,,,,,,,,,,,,,,,,,,83.7125,6.6254134,1.0000001e-07,83.7125,6.6254134,7.0,,,,,,,
83.7125,6.565455,0.0033764688,83.7125,6.565455,0.00093708164,,,,,,,,,,,,,,,,,,,,,,,,,,,,,,,,,,,,,,,,,,,,,,,,,,,,,,,,,,,,,83.7125,6.565455,8.342633,83.7125,6.565455,0.80874306,,,,,,,,,,,,,,,,,83.7125,6.6553926,0.024411632,83.7125,6.6553926,0.0025246886,,,,,,,,,,,,,,,,,,,,,,,,,,,,,83.7125,6.6553926,1.0000001e-07,83.7125,6.6553926,7.0,,,,,,,
83.7125,6.595434,0.0034508402,83.7125,6.595434,0.00093708164,,,,,,,,,,,,,,,,,,,,,,,,,,,,,,,,,,,,,,,,,,,,,,,,,,,,,,,,,,,,,83.7125,6.595434,8.490945,83.7125,6.595434,0.8313043,,,,,,,,,,,,,,,,,83.7125,6.685372,0.025258616,83.7125,6.685372,-0.0005811935,,,,,,,,,,,,,,,,,,,,,,,,,,,,,83.7125,6.685372,1.0000001e-07,83.7125,6.685372,7.0,,,,,,,
83.7125,6.6254134,0.0031236054,83.7125,6.6254134,0.0011006991,,,,,,,,,,,,,,,,,,,,,,,,,,,,,,,,,,,,,,,,,,,,,,,,,,,,,,,,,,,,,83.7125,6.6254134,7.537311,83.7125,6.6254134,1.4024765,,,,,,,,,,,,,,,,,83.7125,6.715351,0.02618945,83.7125,6.715351,0.0013908448,,,,,,,,,,,,,,,,,,,,,,,,,,,,,83.7125,6.715351,1.0000001e-07,83.7125,6.715351,7.0,,,,,,,
83.7125,6.6553926,0.0033913432,83.7125,6.6553926,0.0011899449,,,,,,,,,,,,,,,,,,,,,,,,,,,,,,,,,,,,,,,,,,,,,,,,,,,,,,,,,,,,,83.7125,6.6553926,8.354782,83.7125,6.6553926,1.6555176,,,,,,,,,,,,,,,,,83.7125,6.7453303,0.027630396,83.7125,6.7453303,-0.00084216625,,,,,,,,,,,,,,,,,,,,,,,,,,,,,83.7125,6.7453303,1.0000001e-07,83.7125,6.7453303,7.0,,,,,,,
83.7125,6.685372,0.0034657146,83.7125,6.685372,0.0009370816,,,,,,,,,,,,,,,,,,,,,,,,,,,,,,,,,,,,,,,,,,,,,,,,,,,,,,,,,,,,,83.7125,6.685372,8.585827,83.7125,6.685372,0.79239947,,,,,,,,,,,,,,,,,83.7125,6.7753096,0.026971573,83.7125,6.7753096,-0.0011158312,,,,,,,,,,,,,,,,,,,,,,,,,,,,,83.7125,6.7753096,1.0000001e-07,83.7125,6.7753096,7.0,,,,,,,
83.7125,6.715351,0.0034657146,83.7125,6.715351,0.0011899448,,,,,,,,,,,,,,,,,,,,,,,,,,,,,,,,,,,,,,,,,,,,,,,,,,,,,,,,,,,,,83.7125,6.715351,8.635171,83.7125,6.715351,1.6672314,,,,,,,,,,,,,,,,,83.7125,6.805289,0.025727794,83.7125,6.805289,0.0032347073,,,,,,,,,,,,,,,,,,,,,,,,,,,,,83.7125,6.805289,1.0000001e-07,83.7125,6.805289,7.0,,,,,,,
83.7125,6.7453303,0.0035549605,83.7125,6.7453303,0.0009370816,,,,,,,,,,,,,,,,,,,,,,,,,,,,,,,,,,,,,,,,,,,,,,,,,,,,,,,,,,,,,83.7125,6.7453303,8.916618,83.7125,6.7453303,0.7879434,,,,,,,,,,,,,,,,,83.7125,6.835268,0.02073835,83.7125,6.835268,0.00032239134,,,,,,,,,,,,,,,,,,,,,,,,,,,,,83.7125,6.835268,1.0000001e-07,83.7125,6.835268,7.0,,,,,,,
83.7125,6.7753096,0.003435966,83.7125,6.7753096,0.0009817046,,,,,,,,,,,,,,,,,,,,,,,,,,,,,,,,,,,,,,,,,,,,,,,,,,,,,,,,,,,,,83.7125,6.7753096,8.553526,83.7125,6.7753096,0.9539559,,,,,,,,,,,,,,,,,83.7125,6.8652472,0.028017912,83.7125,6.8652472,0.00089216634,,,,,,,,,,,,,,,,,,,,,,,,,,,,,83.7125,6.8652472,1.0000001e-07,83.7125,6.8652472,7.0,,,,,,,
83.7125,6.805289,0.0033913432,83.7125,6.805289,0.0013238136,,,,,,,,,,,,,,,,,,,,,,,,,,,,,,,,,,,,,,,,,,,,,,,,,,,,,,,,,,,,,83.7125,6.805289,8.447352,83.7125,6.805289,2.0625408,,,,,,,,,,,,,,,,,83.7125,6.8952265,0.022789875,83.7125,6.8952265,0.002370138,,,,,,,,,,,,,,,,,,,,,,,,,,,,,83.7125,6.8952265,1.0000001e-07,83.7125,6.8952265,7.0,,,,,,,
83.7125,6.835268,0.002900491,83.7125,6.835268,0.0010709505,,,,,,,,,,,,,,,,,,,,,,,,,,,,,,,,,,,,,,,,,,,,,,,,,,,,,,,,,,,,,83.7125,6.835268,6.826747,83.7125,6.835268,1.2383616,,,,,,,,,,,,,,,,,83.7125,6.9252057,0.022715015,83.7125,6.9252057,-0.001818232,,,,,,,,,,,,,,,,,,,,,,,,,,,,,83.7125,6.9252057,1.0000001e-07,83.7125,6.9252057,7.0,,,,,,,
83.7125,6.8652472,0.0035400863,83.7125,6.8652472,0.0011750706,,,,,,,,,,,,,,,,,,,,,,,,,,,,,,,,,,,,,,,,,,,,,,,,,,,,,,,,,,,,,83.7125,6.8652472,8.909827,83.7125,6.8652472,1.5663438,,,,,,,,,,,,,,,,,83.7125,6.955185,0.018925538,83.7125,6.955185,0.0025852672,,,,,,,,,,,,,,,,,,,,,,,,,,,,,83.7125,6.955185,1.0000001e-07,83.7125,6.955185,7.0,,,,,,,
83.7125,6.8952265,0.0029897366,83.7125,6.8952265,0.0012048193,,,,,,,,,,,,,,,,,,,,,,,,,,,,,,,,,,,,,,,,,,,,,,,,,,,,,,,,,,,,,83.7125,6.8952265,7.1173706,83.7125,6.8952265,1.716769,,,,,,,,,,,,,,,,,83.7125,6.985164,0.025078394,83.7125,6.985164,-0.00086481485,,,,,,,,,,,,,,,,,,,,,,,,,,,,,83.7125,6.985164,1.0000001e-07,83.7125,6.985164,7.0,,,,,,,
83.7125,6.9252057,0.0029748625,83.7125,6.9252057,0.00081808714,,,,,,,,,,,,,,,,,,,,,,,,,,,,,,,,,,,,,,,,,,,,,,,,,,,,,,,,,,,,,83.7125,6.9252057,7.046608,83.7125,6.9252057,0.44533014,,,,,,,,,,,,,,,,,83.7125,7.0151434,0.020995984,83.7125,7.0151434,0.0009360803,,,,,,,,,,,,,,,,,,,,,,,,,,,,,83.7125,7.0151434,1.0000001e-07,83.7125,7.0151434,7.0,,,,,,,
83.7125,6.955185,0.0027071247,83.7125,6.955185,0.0012048192,,,,,,,,,,,,,,,,,,,,,,,,,,,,,,,,,,,,,,,,,,,,,,,,,,,,,,,,,,,,,83.7125,6.955185,6.203468,83.7125,6.955185,1.6735898,,,,,,,,,,,,,,,,,83.7125,7.0451226,0.020099305,83.7125,7.0451226,0.0036778774,,,,,,,,,,,,,,,,,,,,,,,,,,,,,83.7125,7.0451226,1.0000001e-07,83.7125,7.0451226,7.0,,,,,,,
83.7125,6.985164,0.0032574744,83.7125,6.985164,0.0009222072,,,,,,,,,,,,,,,,,,,,,,,,,,,,,,,,,,,,,,,,,,,,,,,,,,,,,,,,,,,,,83.7125,6.985164,7.92138,83.7125,6.985164,0.7447968,,,,,,,,,,,,,,,,,83.7125,7.0751023,0.023684442,83.7125,7.0751023,-0.0014511185,,,,,,,,,,,,,,,,,,,,,,,,,,,,,83.7125,7.0751023,1.0000001e-07,83.7125,7.0751023,7.0,,,,,,,
83.7125,7.0151434,0.0028707422,83.7125,7.0151434,0.0010858248,,,,,,,,,,,,,,,,,,,,,,,,,,,,,,,,,,,,,,,,,,,,,,,,,,,,,,,,,,,,,83.7125,7.0151434,6.69493,83.7125,7.0151434,1.2863275,,,,,,,,,,,,,,,,,83.7125,7.1050816,0.022349058,83.7125,7.1050816,0.00068951445,,,,,,,,,,,,,,,,,,,,,,,,,,,,,83.7125,7.1050816,1.0000001e-07,83.7125,7.1050816,7.0,,,,,,,
83.7125,7.0451226,0.0027071247,83.7125,7.0451226,0.0012940653,,,,,,,,,,,,,,,,,,,,,,,,,,,,,,,,,,,,,,,,,,,,,,,,,,,,,,,,,,,,,83.7125,7.0451226,6.23454,83.7125,7.0451226,1.9558634,,,,,,,,,,,,,,,,,83.7125,7.135061,0.022945939,83.7125,7.135061,0.00072393875,,,,,,,,,,,,,,,,,,,,,,,,,,,,,83.7125,7.135061,1.0000001e-07,83.7125,7.135061,7.0,,,,,,,
83.7125,7.075102,0.002959988,83.7125,7.075102,0.0009519559,,,,,,,,,,,,,,,,,,,,,,,,,,,,,,,,,,,,,,,,,,,,,,,,,,,,,,,,,,,,,83.7125,7.075102,7.0046,83.7125,7.075102,0.8427368,,,,,,,,,,,,,,,,,83.7125,7.16504,0.027415058,83.7125,7.16504,0.0011935419,,,,,,,,,,,,,,,,,,,,,,,,,,,,,83.7125,7.16504,1.0000001e-07,83.7125,7.16504,7.0,,,,,,,
83.7125,7.105081,0.0029302395,83.7125,7.105081,0.0009222073,,,,,,,,,,,,,,,,,,,,,,,,,,,,,,,,,,,,,,,,,,,,,,,,,,,,,,,,,,,,,83.7125,7.105081,6.9359035,83.7125,7.105081,0.7635093,,,,,,,,,,,,,,,,,83.7125,7.1950192,0.02124133,83.7125,7.1950192,0.0008390478,,,,,,,,,,,,,,,,,,,,,,,,,,,,,83.7125,7.1950192,1.0000001e-07,83.7125,7.1950192,7.0,,,,,,,
83.7125,7.1350603,0.002959988,83.7125,7.1350603,0.0010114532,,,,,,,,,,,,,,,,,,,,,,,,,,,,,,,,,,,,,,,,,,,,,,,,,,,,,,,,,,,,,83.7125,7.1350603,7.060755,83.7125,7.1350603,1.0276289,,,,,,,,,,,,,,,,,83.7125,7.2249985,0.019748453,83.7125,7.2249985,-0.0020223316,,,,,,,,,,,,,,,,,,,,,,,,,,,,,83.7125,7.2249985,1.0000001e-07,83.7125,7.2249985,7.0,,,,,,,
83.7125,7.1650395,0.003183103,83.7125,7.1650395,0.001056076,,,,,,,,,,,,,,,,,,,,,,,,,,,,,,,,,,,,,,,,,,,,,,,,,,,,,,,,,,,,,83.7125,7.1650395,7.7699823,83.7125,7.1650395,1.1996942,,,,,,,,,,,,,,,,,83.7125,7.2549777,0.02347525,83.7125,7.2549777,0.0015592604,,,,,,,,,,,,,,,,,,,,,,,,,,,,,83.7125,7.2549777,1.0000001e-07,83.7125,7.2549777,7.0,,,,,,,
83.7125,7.195019,0.0027368732,83.7125,7.195019,0.0011155735,,,,,,,,,,,,,,,,,,,,,,,,,,,,,,,,,,,,,,,,,,,,,,,,,,,,,,,,,,,,,83.7125,7.195019,6.324255,83.7125,7.195019,1.3903842,,,,,,,,,,,,,,,,,83.7125,7.284957,0.022009578,83.7125,7.284957,0.001526547,,,,,,,,,,,,,,,,,,,,,,,,,,,,,83.7125,7.284957,1.0000001e-07,83.7125,7.284957,7.0,,,,,,,
83.7125,7.224998,0.00258813,83.7125,7.224998,0.00083296146,,,,,,,,,,,,,,,,,,,,,,,,,,,,,,,,,,,,,,,,,,,,,,,,,,,,,,,,,,,,,83.7125,7.224998,5.780125,83.7125,7.224998,0.46377134,,,,,,,,,,,,,,,,,83.7125,7.314936,0.02050827,83.7125,7.314936,-0.000475836,,,,,,,,,,,,,,,,,,,,,,,,,,,,,83.7125,7.314936,1.0000001e-07,83.7125,7.314936,7.0,,,,,,,
83.7125,7.2549777,0.0030046112,83.7125,7.2549777,0.001100699,,,,,,,,,,,,,,,,,,,,,,,,,,,,,,,,,,,,,,,,,,,,,,,,,,,,,,,,,,,,,83.7125,7.2549777,7.144829,83.7125,7.2549777,1.3276817,,,,,,,,,,,,,,,,,83.7125,7.3449154,0.020298554,83.7125,7.3449154,0.0009525769,,,,,,,,,,,,,,,,,,,,,,,,,,,,,83.7125,7.3449154,1.0000001e-07,83.7125,7.3449154,7.0,,,,,,,
83.7125,7.284957,0.0028261193,83.7125,7.284957,0.0010560761,,,,,,,,,,,,,,,,,,,,,,,,,,,,,,,,,,,,,,,,,,,,,,,,,,,,,,,,,,,,,83.7125,7.284957,6.627064,83.7125,7.284957,1.2030841,,,,,,,,,,,,,,,,,83.7125,7.3748946,0.02493011,83.7125,7.3748946,0.0009120334,,,,,,,,,,,,,,,,,,,,,,,,,,,,,83.7125,7.3748946,1.0000001e-07,83.7125,7.3748946,7.0,,,,,,,
83.7125,7.314936,0.0026178788,83.7125,7.314936,0.0008924587,,,,,,,,,,,,,,,,,,,,,,,,,,,,,,,,,,,,,,,,,,,,,,,,,,,,,,,,,,,,,83.7125,7.314936,5.954838,83.7125,7.314936,0.64377403,,,,,,,,,,,,,,,,,83.7125,7.404874,0.025552096,83.7125,7.404874,-0.001374626,,,,,,,,,,,,,,,,,,,,,,,,,,,,,83.7125,7.404874,1.0000001e-07,83.7125,7.404874,7.0,,,,,,,
83.7125,7.3449154,0.0026625018,83.7125,7.3449154,0.0010709505,,,,,,,,,,,,,,,,,,,,,,,,,,,,,,,,,,,,,,,,,,,,,,,,,,,,,,,,,,,,,83.7125,7.3449154,6.06833,83.7125,7.3449154,1.2486944,,,,,,,,,,,,,,,,,83.7125,7.434853,0.024454901,83.7125,7.434853,0.0018940462,,,,,,,,,,,,,,,,,,,,,,,,,,,,,83.7125,7.434853,1.0000001e-07,83.7125,7.434853,7.0,,,,,,,
83.7125,7.3748946,0.0029302395,83.7125,7.3748946,0.0010263276,,,,,,,,,,,,,,,,,,,,,,,,,,,,,,,,,,,,,,,,,,,,,,,,,,,,,,,,,,,,,83.7125,7.3748946,6.9295955,83.7125,7.3748946,1.099427,,,,,,,,,,,,,,,,,83.7125,7.4648323,0.020154372,83.7125,7.4648323,0.004940659,,,,,,,,,,,,,,,,,,,,,,,,,,,,,83.7125,7.4648323,1.0000001e-07,83.7125,7.4648323,7.0,,,,,,,
83.7125,7.404874,0.002959988,83.7125,7.404874,0.00087758445,,,,,,,,,,,,,,,,,,,,,,,,,,,,,,,,,,,,,,,,,,,,,,,,,,,,,,,,,,,,,83.7125,7.404874,7.052682,83.7125,7.404874,0.6125845,,,,,,,,,,,,,,,,,83.7125,7.4948115,0.021669144,83.7125,7.4948115,-0.0013509052,,,,,,,,,,,,,,,,,,,,,,,,,,,,,83.7125,7.4948115,1.0000001e-07,83.7125,7.4948115,7.0,,,,,,,
83.7125,7.434853,0.0029302398,83.7125,7.434853,0.001100699,,,,,,,,,,,,,,,,,,,,,,,,,,,,,,,,,,,,,,,,,,,,,,,,,,,,,,,,,,,,,83.7125,7.434853,6.926799,83.7125,7.434853,1.3475723,,,,,,,,,,,,,,,,,83.7125,7.524791,0.019822052,83.7125,7.524791,0.0038255395,,,,,,,,,,,,,,,,,,,,,,,,,,,,,83.7125,7.524791,1.0000001e-07,83.7125,7.524791,7.0,,,,,,,
83.7125,7.4648323,0.0025881303,83.7125,7.4648323,0.0013238138,,,,,,,,,,,,,,,,,,,,,,,,,,,,,,,,,,,,,,,,,,,,,,,,,,,,,,,,,,,,,83.7125,7.4648323,5.853545,83.7125,7.4648323,2.07662,,,,,,,,,,,,,,,,,83.7125,7.55477,0.025366634,83.7125,7.55477,0.00028625515,,,,,,,,,,,,,,,,,,,,,,,,,,,,,83.7125,7.55477,1.0000001e-07,83.7125,7.55477,7.0,,,,,,,
83.7125,7.4948115,0.0025435074,83.7125,7.4948115,0.0008180872,,,,,,,,,,,,,,,,,,,,,,,,,,,,,,,,,,,,,,,,,,,,,,,,,,,,,,,,,,,,,83.7125,7.4948115,5.6876507,83.7125,7.4948115,0.39336103,,,,,,,,,,,,,,,,,83.7125,7.584749,0.02303034,83.7125,7.584749,-0.0013920544,,,,,,,,,,,,,,,,,,,,,,,,,,,,,83.7125,7.584749,1.0000001e-07,83.7125,7.584749,7.0,,,,,,,
83.7125,7.524791,0.002469136,83.7125,7.524791,0.0012345678,,,,,,,,,,,,,,,,,,,,,,,,,,,,,,,,,,,,,,,,,,,,,,,,,,,,,,,,,,,,,83.7125,7.524791,5.499091,83.7125,7.524791,1.77144,,,,,,,,,,,,,,,,,83.7125,7.6147285,0.022511298,83.7125,7.6147285,0.0027309181,,,,,,,,,,,,,,,,,,,,,,,,,,,,,83.7125,7.6147285,1.0000001e-07,83.7125,7.6147285,7.0,,,,,,,
83.7125,7.55477,0.0028856164,83.7125,7.55477,0.0009817047,,,,,,,,,,,,,,,,,,,,,,,,,,,,,,,,,,,,,,,,,,,,,,,,,,,,,,,,,,,,,83.7125,7.55477,6.738053,83.7125,7.55477,0.96429145,,,,,,,,,,,,,,,,,83.7125,7.6447077,0.02313147,83.7125,7.6447077,0.0040806886,,,,,,,,,,,,,,,,,,,,,,,,,,,,,83.7125,7.6447077,1.0000001e-07,83.7125,7.6447077,7.0,,,,,,,
83.7125,7.584749,0.0026178788,83.7125,7.584749,0.00090733304,,,,,,,,,,,,,,,,,,,,,,,,,,,,,,,,,,,,,,,,,,,,,,,,,,,,,,,,,,,,,83.7125,7.584749,5.9269233,83.7125,7.584749,0.66204816,,,,,,,,,,,,,,,,,83.7125,7.674687,0.022092525,83.7125,7.674687,0.004223109,,,,,,,,,,,,,,,,,,,,,,,,,,,,,83.7125,7.674687,1.0000001e-07,83.7125,7.674687,7.0,,,,,,,
83.7125,7.6147285,0.0027517478,83.7125,7.6147285,0.0011006991,,,,,,,,,,,,,,,,,,,,,,,,,,,,,,,,,,,,,,,,,,,,,,,,,,,,,,,,,,,,,83.7125,7.6147285,6.363825,83.7125,7.6147285,1.359699,,,,,,,,,,,,,,,,,83.7125,7.704666,0.02454076,83.7125,7.704666,0.001801646,,,,,,,,,,,,,,,,,,,,,,,,,,,,,83.7125,7.704666,1.0000001e-07,83.7125,7.704666,7.0,,,,,,,
83.7125,7.6447077,0.002617879,83.7125,7.6447077,0.001189945,,,,,,,,,,,,,,,,,,,,,,,,,,,,,,,,,,,,,,,,,,,,,,,,,,,,,,,,,,,,,83.7125,7.6447077,5.9325795,83.7125,7.6447077,1.6783042,,,,,,,,,,,,,,,,,83.7125,7.7346454,0.018982612,83.7125,7.7346454,-0.0029716238,,,,,,,,,,,,,,,,,,,,,,,,,,,,,83.7125,7.7346454,1.0000001e-07,83.7125,7.7346454,7.0,,,,,,,
83.7125,7.674687,0.002573256,83.7125,7.674687,0.0011750706,,,,,,,,,,,,,,,,,,,,,,,,,,,,,,,,,,,,,,,,,,,,,,,,,,,,,,,,,,,,,83.7125,7.674687,5.821603,83.7125,7.674687,1.6014758,,,,,,,,,,,,,,,,,83.7125,7.7646246,0.024096508,83.7125,7.7646246,0.0010447172,,,,,,,,,,,,,,,,,,,,,,,,,,,,,83.7125,7.7646246,1.0000001e-07,83.7125,7.7646246,7.0,,,,,,,
83.7125,7.704666,0.002707125,83.7125,7.704666,0.0011304478,,,,,,,,,,,,,,,,,,,,,,,,,,,,,,,,,,,,,,,,,,,,,,,,,,,,,,,,,,,,,83.7125,7.704666,6.1708612,83.7125,7.704666,1.433105,,,,,,,,,,,,,,,,,83.7125,7.794604,0.02301097,83.7125,7.794604,0.0013893732,,,,,,,,,,,,,,,,,,,,,,,,,,,,,83.7125,7.794604,1.0000001e-07,83.7125,7.794604,7.0,,,,,,,
83.7125,7.7346454,0.002335267,83.7125,7.7346454,0.00083296135,,,,,,,,,,,,,,,,,,,,,,,,,,,,,,,,,,,,,,,,,,,,,,,,,,,,,,,,,,,,,83.7125,7.7346454,5.019802,83.7125,7.7346454,0.4096177,,,,,,,,,,,,,,,,,83.7125,7.824583,0.01589285,83.7125,7.824583,0.0024328707,,,,,,,,,,,,,,,,,,,,,,,,,,,,,83.7125,7.824583,1.0000001e-07,83.7125,7.824583,7.0,,,,,,,
83.7125,7.7646246,0.0026922503,83.7125,7.7646246,0.0009817046,,,,,,,,,,,,,,,,,,,,,,,,,,,,,,,,,,,,,,,,,,,,,,,,,,,,,,,,,,,,,83.7125,7.7646246,6.1949625,83.7125,7.7646246,0.9232344,,,,,,,,,,,,,,,,,83.7125,7.8545623,0.02209067,83.7125,7.8545623,-2.217686e-05,,,,,,,,,,,,,,,,,,,,,,,,,,,,,83.7125,7.8545623,1.0000001e-07,83.7125,7.8545623,7.0,,,,,,,
83.7125,7.794604,0.0025137588,83.7125,7.794604,0.0009668303,,,,,,,,,,,,,,,,,,,,,,,,,,,,,,,,,,,,,,,,,,,,,,,,,,,,,,,,,,,,,83.7125,7.794604,5.609236,83.7125,7.794604,0.95121735,,,,,,,,,,,,,,,,,83.7125,7.8845415,0.023928005,83.7125,7.8845415,-0.001077393,,,,,,,,,,,,,,,,,,,,,,,,,,,,,83.7125,7.8845415,1.0000001e-07,83.7125,7.8845415,7.0,,,,,,,
83.7125,7.824583,0.0021270267,83.7125,7.824583,0.0011453221,,,,,,,,,,,,,,,,,,,,,,,,,,,,,,,,,,,,,,,,,,,,,,,,,,,,,,,,,,,,,83.7125,7.824583,4.3797293,83.7125,7.824583,1.4931822,,,,,,,,,,,,,,,,,83.7125,7.914521,0.026725436,83.7125,7.914521,-0.0023461075,,,,,,,,,,,,,,,,,,,,,,,,,,,,,83.7125,7.914521,1.0000001e-07,83.7125,7.914521,7.0,,,,,,,
83.7125,7.8545623,0.0024542615,83.7125,7.8545623,0.0009370816,,,,,,,,,,,,,,,,,,,,,,,,,,,,,,,,,,,,,,,,,,,,,,,,,,,,,,,,,,,,,83.7125,7.8545623,5.4091473,83.7125,7.8545623,0.79841876,,,,,,,,,,,,,,,,,83.7125,7.9445004,0.01741015,83.7125,7.9445004,-0.0017467828,,,,,,,,,,,,,,,,,,,,,,,,,,,,,83.7125,7.9445004,1.0000001e-07,83.7125,7.9445004,7.0,,,,,,,
83.7125,7.8845415,0.0025583815,83.7125,7.8845415,0.00080321275,,,,,,,,,,,,,,,,,,,,,,,,,,,,,,,,,,,,,,,,,,,,,,,,,,,,,,,,,,,,,83.7125,7.8845415,5.7712545,83.7125,7.8845415,0.36950812,,,,,,,,,,,,,,,,,83.7125,7.9744797,0.021222021,83.7125,7.9744797,0.0017706563,,,,,,,,,,,,,,,,,,,,,,,,,,,,,83.7125,7.9744797,1.0000001e-07,83.7125,7.9744797,7.0,,,,,,,
83.7125,7.9145207,0.002751748,83.7125,7.9145207,0.00078833854,,,,,,,,,,,,,,,,,,,,,,,,,,,,,,,,,,,,,,,,,,,,,,,,,,,,,,,,,,,,,83.7125,7.9145207,6.338485,83.7125,7.9145207,0.29202923,,,,,,,,,,,,,,,,,83.7125,8.004458,0.022125235,83.7125,8.004458,-0.00073322124,,,,,,,,,,,,,,,,,,,,,,,,,,,,,83.7125,8.004458,1.0000001e-07,83.7125,8.004458,7.0,,,,,,,
83.7125,7.9445,0.0021419008,83.7125,7.9445,0.0008032128,,,,,,,,,,,,,,,,,,,,,,,,,,,,,,,,,,,,,,,,,,,,,,,,,,,,,,,,,,,,,83.7125,7.9445,4.383982,83.7125,7.9445,0.37834737,,,,,,,,,,,,,,,,,83.7125,8.034438,0.028659036,83.7125,8.034438,-0.0031000958,,,,,,,,,,,,,,,,,,,,,,,,,,,,,83.7125,8.034438,1.0000001e-07,83.7125,8.034438,7.0,,,,,,,
83.7125,7.974479,0.0023798898,83.7125,7.974479,0.0010709505,,,,,,,,,,,,,,,,,,,,,,,,,,,,,,,,,,,,,,,,,,,,,,,,,,,,,,,,,,,,,83.7125,7.974479,5.1800547,83.7125,7.974479,1.2136525,,,,,,,,,,,,,,,,,83.7125,8.064417,0.021243257,83.7125,8.064417,-0.00094933703,,,,,,,,,,,,,,,,,,,,,,,,,,,,,83.7125,8.064417,1.0000001e-07,83.7125,8.064417,7.0,,,,,,,
83.7125,8.004458,0.00248401,83.7125,8.004458,0.0008478358,,,,,,,,,,,,,,,,,,,,,,,,,,,,,,,,,,,,,,,,,,,,,,,,,,,,,,,,,,,,,83.7125,8.004458,5.505168,83.7125,8.004458,0.49792755,,,,,,,,,,,,,,,,,83.7125,8.094397,0.02275773,83.7125,8.094397,0.0005775286,,,,,,,,,,,,,,,,,,,,,,,,,,,,,83.7125,8.094397,1.0000001e-07,83.7125,8.094397,7.0,,,,,,,
83.7125,8.034438,0.0028112454,83.7125,8.034438,0.0007883385,,,,,,,,,,,,,,,,,,,,,,,,,,,,,,,,,,,,,,,,,,,,,,,,,,,,,,,,,,,,,83.7125,8.034438,6.566739,83.7125,8.034438,0.30499223,,,,,,,,,,,,,,,,,83.7125,8.124375,0.023482064,83.7125,8.124375,0.0055144597,,,,,,,,,,,,,,,,,,,,,,,,,,,,,83.7125,8.124375,1.0000001e-07,83.7125,8.124375,7.0,,,,,,,
83.7125,8.064417,0.0023650154,83.7125,8.064417,0.0007883385,,,,,,,,,,,,,,,,,,,,,,,,,,,,,,,,,,,,,,,,,,,,,,,,,,,,,,,,,,,,,83.7125,8.064417,5.18244,83.7125,8.064417,0.30553997,,,,,,,,,,,,,,,,,83.7125,8.154355,0.018276056,83.7125,8.154355,-0.0010144308,,,,,,,,,,,,,,,,,,,,,,,,,,,,,83.7125,8.154355,1.0000001e-07,83.7125,8.154355,7.0,,,,,,,
83.7125,8.094397,0.0023501413,83.7125,8.094397,0.0010560761,,,,,,,,,,,,,,,,,,,,,,,,,,,,,,,,,,,,,,,,,,,,,,,,,,,,,,,,,,,,,83.7125,8.094397,5.0935583,83.7125,8.094397,1.1966101,,,,,,,,,,,,,,,,,83.7125,8.184334,0.019363128,83.7125,8.184334,-0.0008795059,,,,,,,,,,,,,,,,,,,,,,,,,,,,,83.7125,8.184334,1.0000001e-07,83.7125,8.184334,7.0,,,,,,,
83.7125,8.124375,0.0023501413,83.7125,8.124375,0.0012791908,,,,,,,,,,,,,,,,,,,,,,,,,,,,,,,,,,,,,,,,,,,,,,,,,,,,,,,,,,,,,83.7125,8.124375,5.061519,83.7125,8.124375,1.9384373,,,,,,,,,,,,,,,,,83.7125,8.2143135,0.024205161,83.7125,8.2143135,0.0025143938,,,,,,,,,,,,,,,,,,,,,,,,,,,,,83.7125,8.2143135,1.0000001e-07,83.7125,8.2143135,7.0,,,,,,,
83.7125,8.154355,0.002141901,83.7125,8.154355,0.0009222073,,,,,,,,,,,,,,,,,,,,,,,,,,,,,,,,,,,,,,,,,,,,,,,,,,,,,,,,,,,,,83.7125,8.154355,4.3878727,83.7125,8.154355,0.744014,,,,,,,,,,,,,,,,,83.7125,8.244292,0.018852495,83.7125,8.244292,0.0010329572,,,,,,,,,,,,,,,,,,,,,,,,,,,,,83.7125,8.244292,1.0000001e-07,83.7125,8.244292,7.0,,,,,,,
83.7125,8.184334,0.0022608954,83.7125,8.184334,0.00093708164,,,,,,,,,,,,,,,,,,,,,,,,,,,,,,,,,,,,,,,,,,,,,,,,,,,,,,,,,,,,,83.7125,8.184334,4.7533727,83.7125,8.184334,0.82025015,,,,,,,,,,,,,,,,,83.7125,8.274272,0.020873247,83.7125,8.274272,0.0037278803,,,,,,,,,,,,,,,,,,,,,,,,,,,,,83.7125,8.274272,1.0000001e-07,83.7125,8.274272,7.0,,,,,,,
83.7125,8.2143135,0.00248401,83.7125,8.2143135,0.0010263275,,,,,,,,,,,,,,,,,,,,,,,,,,,,,,,,,,,,,,,,,,,,,,,,,,,,,,,,,,,,,83.7125,8.2143135,5.5282364,83.7125,8.2143135,1.1029942,,,,,,,,,,,,,,,,,83.7125,8.304251,0.025357911,83.7125,8.304251,0.0012102883,,,,,,,,,,,,,,,,,,,,,,,,,,,,,83.7125,8.304251,1.0000001e-07,83.7125,8.304251,7.0,,,,,,,
83.7125,8.244292,0.0021865235,83.7125,8.244292,0.0010114531,,,,,,,,,,,,,,,,,,,,,,,,,,,,,,,,,,,,,,,,,,,,,,,,,,,,,,,,,,,,,83.7125,8.244292,4.596475,83.7125,8.244292,1.0400414,,,,,,,,,,,,,,,,,83.7125,8.33423,0.01749107,83.7125,8.33423,0.0009230466,,,,,,,,,,,,,,,,,,,,,,,,,,,,,83.7125,8.33423,1.0000001e-07,83.7125,8.33423,7.0,,,,,,,
83.7125,8.274272,0.002290644,83.7125,8.274272,0.0011750705,,,,,,,,,,,,,,,,,,,,,,,,,,,,,,,,,,,,,,,,,,,,,,,,,,,,,,,,,,,,,83.7125,8.274272,4.8565865,83.7125,8.274272,1.5824037,,,,,,,,,,,,,,,,,83.7125,8.36421,0.0204919,83.7125,8.36421,-0.0026510737,,,,,,,,,,,,,,,,,,,,,,,,,,,,,83.7125,8.36421,1.0000001e-07,83.7125,8.36421,7.0,,,,,,,
83.7125,8.304251,0.002528633,83.7125,8.304251,0.000996579,,,,,,,,,,,,,,,,,,,,,,,,,,,,,,,,,,,,,,,,,,,,,,,,,,,,,,,,,,,,,83.7125,8.304251,5.643283,83.7125,8.304251,0.9995598,,,,,,,,,,,,,,,,,83.7125,8.394189,0.01903765,83.7125,8.394189,0.0026259024,,,,,,,,,,,,,,,,,,,,,,,,,,,,,83.7125,8.394189,1.0000001e-07,83.7125,8.394189,7.0,,,,,,,
83.7125,8.33423,0.0021419008,83.7125,8.33423,0.0009370816,,,,,,,,,,,,,,,,,,,,,,,,,,,,,,,,,,,,,,,,,,,,,,,,,,,,,,,,,,,,,83.7125,8.33423,4.3920193,83.7125,8.33423,0.76285744,,,,,,,,,,,,,,,,,83.7125,8.424169,0.015652576,83.7125,8.424169,0.0030013758,,,,,,,,,,,,,,,,,,,,,,,,,,,,,83.7125,8.424169,1.0000001e-07,83.7125,8.424169,7.0,,,,,,,
83.7125,8.364209,0.0022162725,83.7125,8.364209,0.0007883385,,,,,,,,,,,,,,,,,,,,,,,,,,,,,,,,,,,,,,,,,,,,,,,,,,,,,,,,,,,,,83.7125,8.364209,4.6851087,83.7125,8.364209,0.29711506,,,,,,,,,,,,,,,,,83.7125,8.454147,0.018913597,83.7125,8.454147,-0.0017325378,,,,,,,,,,,,,,,,,,,,,,,,,,,,,83.7125,8.454147,1.0000001e-07,83.7125,8.454147,7.0,,,,,,,
83.7125,8.394189,0.0020526547,83.7125,8.394189,0.0010412018,,,,,,,,,,,,,,,,,,,,,,,,,,,,,,,,,,,,,,,,,,,,,,,,,,,,,,,,,,,,,83.7125,8.394189,4.1526194,83.7125,8.394189,1.211102,,,,,,,,,,,,,,,,,83.7125,8.484127,0.015857656,83.7125,8.484127,-0.0005858709,,,,,,,,,,,,,,,,,,,,,,,,,,,,,83.7125,8.484127,1.0000001e-07,83.7125,8.484127,7.0,,,,,,,
83.7125,8.424168,0.0018890376,83.7125,8.424168,0.0010263275,,,,,,,,,,,,,,,,,,,,,,,,,,,,,,,,,,,,,,,,,,,,,,,,,,,,,,,,,,,,,83.7125,8.424168,3.5986829,83.7125,8.424168,1.1215596,,,,,,,,,,,,,,,,,83.7125,8.514106,0.023378246,83.7125,8.514106,-0.0047601634,,,,,,,,,,,,,,,,,,,,,,,,,,,,,83.7125,8.514106,1.0000001e-07,83.7125,8.514106,7.0,,,,,,,
83.7125,8.454147,0.001993158,83.7125,8.454147,0.0008924587,,,,,,,,,,,,,,,,,,,,,,,,,,,,,,,,,,,,,,,,,,,,,,,,,,,,,,,,,,,,,83.7125,8.454147,3.9289856,83.7125,8.454147,0.6975479,,,,,,,,,,,,,,,,,83.7125,8.5440855,0.021900965,83.7125,8.5440855,4.106305e-06,,,,,,,,,,,,,,,,,,,,,,,,,,,,,83.7125,8.5440855,1.0000001e-07,83.7125,8.5440855,7.0,,,,,,,
83.7125,8.484126,0.0018741633,83.7125,8.484126,0.000951956,,,,,,,,,,,,,,,,,,,,,,,,,,,,,,,,,,,,,,,,,,,,,,,,,,,,,,,,,,,,,83.7125,8.484126,3.5757413,83.7125,8.484126,0.90822434,,,,,,,,,,,,,,,,,83.7125,8.574064,0.023733504,83.7125,8.574064,0.0039276755,,,,,,,,,,,,,,,,,,,,,,,,,,,,,83.7125,8.574064,1.0000001e-07,83.7125,8.574064,7.0,,,,,,,
83.7125,8.514106,0.0023798898,83.7125,8.514106,0.00071396696,,,,,,,,,,,,,,,,,,,,,,,,,,,,,,,,,,,,,,,,,,,,,,,,,,,,,,,,,,,,,83.7125,8.514106,5.182913,83.7125,8.514106,0.07899426,,,,,,,,,,,,,,,,,83.7125,8.604044,0.02587034,83.7125,8.604044,0.0069981758,,,,,,,,,,,,,,,,,,,,,,,,,,,,,83.7125,8.604044,1.0000001e-07,83.7125,8.604044,7.0,,,,,,,
83.7125,8.5440855,0.002141901,83.7125,8.5440855,0.0009817046,,,,,,,,,,,,,,,,,,,,,,,,,,,,,,,,,,,,,,,,,,,,,,,,,,,,,,,,,,,,,83.7125,8.5440855,4.421703,83.7125,8.5440855,0.9570724,,,,,,,,,,,,,,,,,83.7125,8.634023,0.021135263,83.7125,8.634023,-0.0030696436,,,,,,,,,,,,,,,,,,,,,,,,,,,,,83.7125,8.634023,1.0000001e-07,83.7125,8.634023,7.0,,,,,,,
83.7125,8.574064,0.0022906442,83.7125,8.574064,0.0011006991,,,,,,,,,,,,,,,,,,,,,,,,,,,,,,,,,,,,,,,,,,,,,,,,,,,,,,,,,,,,,83.7125,8.574064,4.886833,83.7125,8.574064,1.3313384,,,,,,,,,,,,,,,,,83.7125,8.664002,0.020044794,83.7125,8.664002,-0.0012745423,,,,,,,,,,,,,,,,,,,,,,,,,,,,,83.7125,8.664002,1.0000001e-07,83.7125,8.664002,7.0,,,,,,,
83.7125,8.604044,0.0023947642,83.7125,8.604044,0.0013089395,,,,,,,,,,,,,,,,,,,,,,,,,,,,,,,,,,,,,,,,,,,,,,,,,,,,,,,,,,,,,83.7125,8.604044,5.222612,83.7125,8.604044,2.0113852,,,,,,,,,,,,,,,,,83.7125,8.693981,0.022238337,83.7125,8.693981,0.0037814702,,,,,,,,,,,,,,,,,,,,,,,,,,,,,83.7125,8.693981,1.0000001e-07,83.7125,8.693981,7.0,,,,,,,
83.7125,8.634023,0.0021716496,83.7125,8.634023,0.0007585898,,,,,,,,,,,,,,,,,,,,,,,,,,,,,,,,,,,,,,,,,,,,,,,,,,,,,,,,,,,,,83.7125,8.634023,4.476753,83.7125,8.634023,0.21755657,,,,,,,,,,,,,,,,,83.7125,8.723961,0.024948135,83.7125,8.723961,-0.001370276,,,,,,,,,,,,,,,,,,,,,,,,,,,,,83.7125,8.723961,1.0000001e-07,83.7125,8.723961,7.0,,,,,,,
83.7125,8.664002,0.0020229064,83.7125,8.664002,0.0008924587,,,,,,,,,,,,,,,,,,,,,,,,,,,,,,,,,,,,,,,,,,,,,,,,,,,,,,,,,,,,,83.7125,8.664002,4.0287714,83.7125,8.664002,0.6462288,,,,,,,,,,,,,,,,,83.7125,8.75394,0.020187667,83.7125,8.75394,-0.00037474599,,,,,,,,,,,,,,,,,,,,,,,,,,,,,83.7125,8.75394,1.0000001e-07,83.7125,8.75394,7.0,,,,,,,
83.7125,8.693981,0.0021270264,83.7125,8.693981,0.0011155733,,,,,,,,,,,,,,,,,,,,,,,,,,,,,,,,,,,,,,,,,,,,,,,,,,,,,,,,,,,,,83.7125,8.693981,4.361678,83.7125,8.693981,1.4023172,,,,,,,,,,,,,,,,,83.7125,8.783919,0.017892215,83.7125,8.783919,-0.0013565472,,,,,,,,,,,,,,,,,,,,,,,,,,,,,83.7125,8.783919,1.0000001e-07,83.7125,8.783919,7.0,,,,,,,
83.7125,8.723961,0.0023501413,83.7125,8.723961,0.00080321287,,,,,,,,,,,,,,,,,,,,,,,,,,,,,,,,,,,,,,,,,,,,,,,,,,,,,,,,,,,,,83.7125,8.723961,5.064476,83.7125,8.723961,0.34873343,,,,,,,,,,,,,,,,,83.7125,8.813898,0.015485361,83.7125,8.813898,-0.003787218,,,,,,,,,,,,,,,,,,,,,,,,,,,,,83.7125,8.813898,1.0000001e-07,83.7125,8.813898,7.0,,,,,,,
83.7125,8.75394,0.002052655,83.7125,8.75394,0.000951956,,,,,,,,,,,,,,,,,,,,,,,,,,,,,,,,,,,,,,,,,,,,,,,,,,,,,,,,,,,,,83.7125,8.75394,4.162245,83.7125,8.75394,0.8276931,,,,,,,,,,,,,,,,,83.7125,8.843878,0.027577598,83.7125,8.843878,0.00077012385,,,,,,,,,,,,,,,,,,,,,,,,,,,,,83.7125,8.843878,1.0000001e-07,83.7125,8.843878,7.0,,,,,,,
83.7125,8.783919,0.0019634094,83.7125,8.783919,0.00086271006,,,,,,,,,,,,,,,,,,,,,,,,,,,,,,,,,,,,,,,,,,,,,,,,,,,,,,,,,,,,,83.7125,8.783919,3.823888,83.7125,8.783919,0.56478447,,,,,,,,,,,,,,,,,83.7125,8.873857,0.016029188,83.7125,8.873857,0.0058755595,,,,,,,,,,,,,,,,,,,,,,,,,,,,,83.7125,8.873857,1.0000001e-07,83.7125,8.873857,7.0,,,,,,,
83.7125,8.813898,0.0018890376,83.7125,8.813898,0.00080321287,,,,,,,,,,,,,,,,,,,,,,,,,,,,,,,,,,,,,,,,,,,,,,,,,,,,,,,,,,,,,83.7125,8.813898,3.6297336,83.7125,8.813898,0.3133592,,,,,,,,,,,,,,,,,83.7125,8.903836,0.017003011,83.7125,8.903836,-0.002240529,,,,,,,,,,,,,,,,,,,,,,,,,,,,,83.7125,8.903836,1.0000001e-07,83.7125,8.903836,7.0,,,,,,,
83.7125,8.843878,0.0023798898,83.7125,8.843878,0.00093708164,,,,,,,,,,,,,,,,,,,,,,,,,,,,,,,,,,,,,,,,,,,,,,,,,,,,,,,,,,,,,83.7125,8.843878,5.1556354,83.7125,8.843878,0.80355513,,,,,,,,,,,,,,,,,83.7125,8.933815,0.019745734,83.7125,8.933815,0.0027423066,,,,,,,,,,,,,,,,,,,,,,,,,,,,,83.7125,8.933815,1.0000001e-07,83.7125,8.933815,7.0,,,,,,,
83.7125,8.873857,0.0017849174,83.7125,8.873857,0.0011750706,,,,,,,,,,,,,,,,,,,,,,,,,,,,,,,,,,,,,,,,,,,,,,,,,,,,,,,,,,,,,83.7125,8.873857,3.328231,83.7125,8.873857,1.5956835,,,,,,,,,,,,,,,,,83.7125,8.963795,0.020318361,83.7125,8.963795,0.0011786072,,,,,,,,,,,,,,,,,,,,,,,,,,,,,83.7125,8.963795,1.0000001e-07,83.7125,8.963795,7.0,,,,,,,
83.7125,8.903836,0.0018146661,83.7125,8.903836,0.00080321287,,,,,,,,,,,,,,,,,,,,,,,,,,,,,,,,,,,,,,,,,,,,,,,,,,,,,,,,,,,,,83.7125,8.903836,3.3826647,83.7125,8.903836,0.350717,,,,,,,,,,,,,,,,,83.7125,8.993773,0.020194633,83.7125,8.993773,0.004660058,,,,,,,,,,,,,,,,,,,,,,,,,,,,,83.7125,8.993773,1.0000001e-07,83.7125,8.993773,7.0,,,,,,,
83.7125,8.933815,0.0021121523,83.7125,8.933815,0.0010263275,,,,,,,,,,,,,,,,,,,,,,,,,,,,,,,,,,,,,,,,,,,,,,,,,,,,,,,,,,,,,83.7125,8.933815,4.3500814,83.7125,8.933815,1.1010201,,,,,,,,,,,,,,,,,83.7125,9.023753,0.020180006,83.7125,9.023753,-0.0012361233,,,,,,,,,,,,,,,,,,,,,,,,,,,,,83.7125,9.023753,1.0000001e-07,83.7125,9.023753,7.0,,,,,,,
83.7125,8.963795,0.0019634094,83.7125,8.963795,0.0009519559,,,,,,,,,,,,,,,,,,,,,,,,,,,,,,,,,,,,,,,,,,,,,,,,,,,,,,,,,,,,,83.7125,8.963795,3.8645723,83.7125,8.963795,0.8522628,,,,,,,,,,,,,,,,,83.7125,9.053732,0.023860179,83.7125,9.053732,-0.0025537545,,,,,,,,,,,,,,,,,,,,,,,,,,,,,83.7125,9.053732,1.0000001e-07,83.7125,9.053732,7.0,,,,,,,
83.7125,8.993773,0.0020377808,83.7125,8.993773,0.0011006991,,,,,,,,,,,,,,,,,,,,,,,,,,,,,,,,,,,,,,,,,,,,,,,,,,,,,,,,,,,,,83.7125,8.993773,4.075945,83.7125,8.993773,1.3579093,,,,,,,,,,,,,,,,,83.7125,9.083712,0.022919627,83.7125,9.083712,-0.00097064715,,,,,,,,,,,,,,,,,,,,,,,,,,,,,83.7125,9.083712,1.0000001e-07,83.7125,9.083712,7.0,,,,,,,
83.7125,9.023753,0.0019336604,83.7125,9.023753,0.0008478358,,,,,,,,,,,,,,,,,,,,,,,,,,,,,,,,,,,,,,,,,,,,,,,,,,,,,,,,,,,,,83.7125,9.023753,3.763431,83.7125,9.023753,0.4646731,,,,,,,,,,,,,,,,,83.7125,9.11369,0.010274804,83.7125,9.11369,-0.0034502877,,,,,,,,,,,,,,,,,,,,,,,,,,,,,83.7125,9.11369,1.0000001e-07,83.7125,9.11369,7.0,,,,,,,
83.7125,9.053732,0.002186524,83.7125,9.053732,0.00080321287,,,,,,,,,,,,,,,,,,,,,,,,,,,,,,,,,,,,,,,,,,,,,,,,,,,,,,,,,,,,,83.7125,9.053732,4.6018066,83.7125,9.053732,0.39890462,,,,,,,,,,,,,,,,,83.7125,9.14367,0.020057652,83.7125,9.14367,0.00039167714,,,,,,,,,,,,,,,,,,,,,,,,,,,,,83.7125,9.14367,1.0000001e-07,83.7125,9.14367,7.0,,,,,,,
83.7125,9.083712,0.002097278,83.7125,9.083712,0.00084783573,,,,,,,,,,,,,,,,,,,,,,,,,,,,,,,,,,,,,,,,,,,,,,,,,,,,,,,,,,,,,83.7125,9.083712,4.2737637,83.7125,9.083712,0.46943066,,,,,,,,,,,,,,,,,83.7125,9.17365,0.022661047,83.7125,9.17365,0.00058335083,,,,,,,,,,,,,,,,,,,,,,,,,,,,,83.7125,9.17365,1.0000001e-07,83.7125,9.17365,7.0,,,,,,,
83.7125,9.11369,0.0014576827,83.7125,9.11369,0.00078833854,,,,,,,,,,,,,,,,,,,,,,,,,,,,,,,,,,,,,,,,,,,,,,,,,,,,,,,,,,,,,83.7125,9.11369,2.227998,83.7125,9.11369,0.33967683,,,,,,,,,,,,,,,,,83.7125,9.203629,0.020526353,83.7125,9.203629,2.1055108e-05,,,,,,,,,,,,,,,,,,,,,,,,,,,,,83.7125,9.203629,1.0000001e-07,83.7125,9.203629,7.0,,,,,,,
83.7125,9.14367,0.0019634094,83.7125,9.14367,0.0009965788,,,,,,,,,,,,,,,,,,,,,,,,,,,,,,,,,,,,,,,,,,,,,,,,,,,,,,,,,,,,,83.7125,9.14367,3.8763483,83.7125,9.14367,1.0223774,,,,,,,,,,,,,,,,,83.7125,9.233608,0.021036398,83.7125,9.233608,0.0040333844,,,,,,,,,,,,,,,,,,,,,,,,,,,,,83.7125,9.233608,1.0000001e-07,83.7125,9.233608,7.0,,,,,,,
83.7125,9.173649,0.0020377808,83.7125,9.173649,0.0008924588,,,,,,,,,,,,,,,,,,,,,,,,,,,,,,,,,,,,,,,,,,,,,,,,,,,,,,,,,,,,,83.7125,9.173649,4.0934076,83.7125,9.173649,0.6562968,,,,,,,,,,,,,,,,,83.7125,9.263587,0.021694915,83.7125,9.263587,0.002299261,,,,,,,,,,,,,,,,,,,,,,,,,,,,,83.7125,9.263587,1.0000001e-07,83.7125,9.263587,7.0,,,,,,,
83.7125,9.203629,0.0019782835,83.7125,9.203629,0.0009817046,,,,,,,,,,,,,,,,,,,,,,,,,,,,,,,,,,,,,,,,,,,,,,,,,,,,,,,,,,,,,83.7125,9.203629,3.8805542,83.7125,9.203629,0.9804946,,,,,,,,,,,,,,,,,83.7125,9.293567,0.018756697,83.7125,9.293567,-0.00046816922,,,,,,,,,,,,,,,,,,,,,,,,,,,,,83.7125,9.293567,1.0000001e-07,83.7125,9.293567,7.0,,,,,,,
83.7125,9.233607,0.0019782833,83.7125,9.233607,0.0010858248,,,,,,,,,,,,,,,,,,,,,,,,,,,,,,,,,,,,,,,,,,,,,,,,,,,,,,,,,,,,,83.7125,9.233607,3.9202685,83.7125,9.233607,1.2679667,,,,,,,,,,,,,,,,,83.7125,9.323545,0.022314498,83.7125,9.323545,0.0023898077,,,,,,,,,,,,,,,,,,,,,,,,,,,,,83.7125,9.323545,1.0000001e-07,83.7125,9.323545,7.0,,,,,,,
83.7125,9.263587,0.0020377806,83.7125,9.263587,0.0010858248,,,,,,,,,,,,,,,,,,,,,,,,,,,,,,,,,,,,,,,,,,,,,,,,,,,,,,,,,,,,,83.7125,9.263587,4.080422,83.7125,9.263587,1.3125235,,,,,,,,,,,,,,,,,83.7125,9.353525,0.021463212,83.7125,9.353525,-0.0004176901,,,,,,,,,,,,,,,,,,,,,,,,,,,,,83.7125,9.353525,1.0000001e-07,83.7125,9.353525,7.0,,,,,,,
83.7125,9.293566,0.0017997918,83.7125,9.293566,0.0008478358,,,,,,,,,,,,,,,,,,,,,,,,,,,,,,,,,,,,,,,,,,,,,,,,,,,,,,,,,,,,,83.7125,9.293566,3.3437703,83.7125,9.293566,0.50963855,,,,,,,,,,,,,,,,,83.7125,9.383504,0.015592775,83.7125,9.383504,0.003086329,,,,,,,,,,,,,,,,,,,,,,,,,,,,,83.7125,9.383504,1.0000001e-07,83.7125,9.383504,7.0,,,,,,,
83.7125,9.323545,0.001993158,83.7125,9.323545,0.0009817046,,,,,,,,,,,,,,,,,,,,,,,,,,,,,,,,,,,,,,,,,,,,,,,,,,,,,,,,,,,,,83.7125,9.323545,3.953498,83.7125,9.323545,0.91862977,,,,,,,,,,,,,,,,,83.7125,9.413484,0.014983367,83.7125,9.413484,-0.00082352624,,,,,,,,,,,,,,,,,,,,,,,,,,,,,83.7125,9.413484,1.0000001e-07,83.7125,9.413484,7.0,,,,,,,
83.7125,9.353524,0.0019634091,83.7125,9.353524,0.00084783573,,,,,,,,,,,,,,,,,,,,,,,,,,,,,,,,,,,,,,,,,,,,,,,,,,,,,,,,,,,,,83.7125,9.353524,3.8378308,83.7125,9.353524,0.49320412,,,,,,,,,,,,,,,,,83.7125,9.443462,0.019995362,83.7125,9.443462,0.0045055766,,,,,,,,,,,,,,,,,,,,,,,,,,,,,83.7125,9.443462,1.0000001e-07,83.7125,9.443462,7.0,,,,,,,
83.7125,9.383504,0.0017402946,83.7125,9.383504,0.0009965788,,,,,,,,,,,,,,,,,,,,,,,,,,,,,,,,,,,,,,,,,,,,,,,,,,,,,,,,,,,,,83.7125,9.383504,3.1760538,83.7125,9.383504,1.0227647,,,,,,,,,,,,,,,,,83.7125,9.473442,0.0252663,83.7125,9.473442,0.0012754987,,,,,,,,,,,,,,,,,,,,,,,,,,,,,83.7125,9.473442,1.0000001e-07,83.7125,9.473442,7.0,,,,,,,
83.7125,9.413484,0.0016213001,83.7125,9.413484,0.00083296146,,,,,,,,,,,,,,,,,,,,,,,,,,,,,,,,,,,,,,,,,,,,,,,,,,,,,,,,,,,,,83.7125,9.413484,2.7652223,83.7125,9.413484,0.47031245,,,,,,,,,,,,,,,,,83.7125,9.503421,0.028147629,83.7125,9.503421,0.001965616,,,,,,,,,,,,,,,,,,,,,,,,,,,,,83.7125,9.503421,1.0000001e-07,83.7125,9.503421,7.0,,,,,,,
83.7125,9.443462,0.0017997916,83.7125,9.443462,0.0011304477,,,,,,,,,,,,,,,,,,,,,,,,,,,,,,,,,,,,,,,,,,,,,,,,,,,,,,,,,,,,,83.7125,9.443462,3.3280768,83.7125,9.443462,1.4576693,,,,,,,,,,,,,,,,,83.7125,9.533401,0.014278144,83.7125,9.533401,-0.001914923,,,,,,,,,,,,,,,,,,,,,,,,,,,,,83.7125,9.533401,1.0000001e-07,83.7125,9.533401,7.0,,,,,,,
83.7125,9.473442,0.0020377806,83.7125,9.473442,0.0009222073,,,,,,,,,,,,,,,,,,,,,,,,,,,,,,,,,,,,,,,,,,,,,,,,,,,,,,,,,,,,,83.7125,9.473442,4.1390285,83.7125,9.473442,0.7371922,,,,,,,,,,,,,,,,,83.7125,9.563379,0.014795985,83.7125,9.563379,0.0005217327,,,,,,,,,,,,,,,,,,,,,,,,,,,,,83.7125,9.563379,1.0000001e-07,83.7125,9.563379,7.0,,,,,,,
83.7125,9.503421,0.0021865238,83.7125,9.503421,0.0010412018,,,,,,,,,,,,,,,,,,,,,,,,,,,,,,,,,,,,,,,,,,,,,,,,,,,,,,,,,,,,,83.7125,9.503421,4.5547805,83.7125,9.503421,1.1693467,,,,,,,,,,,,,,,,,83.7125,9.593359,0.011754695,83.7125,9.593359,-0.0027459594,,,,,,,,,,,,,,,,,,,,,,,,,,,,,83.7125,9.593359,1.0000001e-07,83.7125,9.593359,7.0,,,,,,,
83.7125,9.533401,0.0016807972,83.7125,9.533401,0.00078833854,,,,,,,,,,,,,,,,,,,,,,,,,,,,,,,,,,,,,,,,,,,,,,,,,,,,,,,,,,,,,83.7125,9.533401,2.9849336,83.7125,9.533401,0.34418958,,,,,,,,,,,,,,,,,83.7125,9.623338,0.028048214,83.7125,9.623338,-0.00019404572,,,,,,,,,,,,,,,,,,,,,,,,,,,,,83.7125,9.623338,1.0000001e-07,83.7125,9.623338,7.0,,,,,,,
83.7125,9.563379,0.0016361743,83.7125,9.563379,0.0009668303,,,,,,,,,,,,,,,,,,,,,,,,,,,,,,,,,,,,,,,,,,,,,,,,,,,,,,,,,,,,,83.7125,9.563379,2.8225927,83.7125,9.563379,0.90290546,,,,,,,,,,,,,,,,,83.7125,9.653317,0.023448965,83.7125,9.653317,0.0011330551,,,,,,,,,,,,,,,,,,,,,,,,,,,,,83.7125,9.653317,1.0000001e-07,83.7125,9.653317,7.0,,,,,,,
83.7125,9.593359,0.0015023055,83.7125,9.593359,0.00078833854,,,,,,,,,,,,,,,,,,,,,,,,,,,,,,,,,,,,,,,,,,,,,,,,,,,,,,,,,,,,,83.7125,9.593359,2.3636246,83.7125,9.593359,0.33342946,,,,,,,,,,,,,,,,,83.7125,9.683296,0.018341627,83.7125,9.683296,-0.0011282987,,,,,,,,,,,,,,,,,,,,,,,,,,,,,83.7125,9.683296,1.0000001e-07,83.7125,9.683296,7.0,,,,,,,
83.7125,9.623338,0.0021716496,83.7125,9.623338,0.0008032128,,,,,,,,,,,,,,,,,,,,,,,,,,,,,,,,,,,,,,,,,,,,,,,,,,,,,,,,,,,,,83.7125,9.623338,4.5160484,83.7125,9.623338,0.3808719,,,,,,,,,,,,,,,,,83.7125,9.713276,0.02023085,83.7125,9.713276,-0.0012494165,,,,,,,,,,,,,,,,,,,,,,,,,,,,,83.7125,9.713276,1.0000001e-07,83.7125,9.713276,7.0,,,,,,,
83.7125,9.653317,0.001993158,83.7125,9.653317,0.0009668303,,,,,,,,,,,,,,,,,,,,,,,,,,,,,,,,,,,,,,,,,,,,,,,,,,,,,,,,,,,,,83.7125,9.653317,3.9222043,83.7125,9.653317,0.9099098,,,,,,,,,,,,,,,,,83.7125,9.743255,0.016398722,83.7125,9.743255,0.0022757873,,,,,,,,,,,,,,,,,,,,,,,,,,,,,83.7125,9.743255,1.0000001e-07,83.7125,9.743255,7.0,,,,,,,
83.7125,9.683296,0.0017700432,83.7125,9.683296,0.00093708164,,,,,,,,,,,,,,,,,,,,,,,,,,,,,,,,,,,,,,,,,,,,,,,,,,,,,,,,,,,,,83.7125,9.683296,3.2362256,83.7125,9.683296,0.7935908,,,,,,,,,,,,,,,,,83.7125,9.773234,0.0246186,83.7125,9.773234,0.009643526,,,,,,,,,,,,,,,,,,,,,,,,,,,,,83.7125,9.773234,1.0000001e-07,83.7125,9.773234,7.0,,,,,,,
83.7125,9.713276,0.0019485349,83.7125,9.713276,0.0008924587,,,,,,,,,,,,,,,,,,,,,,,,,,,,,,,,,,,,,,,,,,,,,,,,,,,,,,,,,,,,,83.7125,9.713276,3.8296547,83.7125,9.713276,0.66184497,,,,,,,,,,,,,,,,,83.7125,9.803213,0.016429,83.7125,9.803213,0.0008177284,,,,,,,,,,,,,,,,,,,,,,,,,,,,,83.7125,9.803213,1.0000001e-07,83.7125,9.803213,7.0,,,,,,,
83.7125,9.743255,0.0016659229,83.7125,9.743255,0.0009817046,,,,,,,,,,,,,,,,,,,,,,,,,,,,,,,,,,,,,,,,,,,,,,,,,,,,,,,,,,,,,83.7125,9.743255,2.91718,83.7125,9.743255,0.91224915,,,,,,,,,,,,,,,,,83.7125,9.833193,0.024436114,83.7125,9.833193,0.0043628043,,,,,,,,,,,,,,,,,,,,,,,,,,,,,83.7125,9.833193,1.0000001e-07,83.7125,9.833193,7.0,,,,,,,
83.7125,9.773234,0.0019782835,83.7125,9.773234,0.0012345678,,,,,,,,,,,,,,,,,,,,,,,,,,,,,,,,,,,,,,,,,,,,,,,,,,,,,,,,,,,,,83.7125,9.773234,3.904479,83.7125,9.773234,1.7966979,,,,,,,,,,,,,,,,,83.7125,9.863172,0.017648423,83.7125,9.863172,-0.0015395179,,,,,,,,,,,,,,,,,,,,,,,,,,,,,83.7125,9.863172,1.0000001e-07,83.7125,9.863172,7.0,,,,,,,
83.7125,9.803213,0.0016807973,83.7125,9.803213,0.0008924587,,,,,,,,,,,,,,,,,,,,,,,,,,,,,,,,,,,,,,,,,,,,,,,,,,,,,,,,,,,,,83.7125,9.803213,2.934392,83.7125,9.803213,0.660338,,,,,,,,,,,,,,,,,83.7125,9.893151,0.007685956,83.7125,9.893151,-0.00071099,,,,,,,,,,,,,,,,,,,,,,,,,,,,,83.7125,9.893151,1.0000001e-07,83.7125,9.893151,7.0,,,,,,,
83.7125,9.833193,0.002008032,83.7125,9.833193,0.0009817044,,,,,,,,,,,,,,,,,,,,,,,,,,,,,,,,,,,,,,,,,,,,,,,,,,,,,,,,,,,,,83.7125,9.833193,4.029814,83.7125,9.833193,0.9460389,,,,,,,,,,,,,,,,,83.7125,9.92313,0.010653529,83.7125,9.92313,-0.0050026793,,,,,,,,,,,,,,,,,,,,,,,,,,,,,83.7125,9.92313,1.0000001e-07,83.7125,9.92313,7.0,,,,,,,
83.7125,9.863172,0.0017402944,83.7125,9.863172,0.00084783573,,,,,,,,,,,,,,,,,,,,,,,,,,,,,,,,,,,,,,,,,,,,,,,,,,,,,,,,,,,,,83.7125,9.863172,3.1253245,83.7125,9.863172,0.48109382,,,,,,,,,,,,,,,,,83.7125,9.95311,0.020075684,83.7125,9.95311,0.0013803819,,,,,,,,,,,,,,,,,,,,,,,,,,,,,83.7125,9.95311,1.0000001e-07,83.7125,9.95311,7.0,,,,,,,
83.7125,9.893151,0.0013089394,83.7125,9.893151,0.0008180871,,,,,,,,,,,,,,,,,,,,,,,,,,,,,,,,,,,,,,,,,,,,,,,,,,,,,,,,,,,,,83.7125,9.893151,1.7970047,83.7125,9.893151,0.39592263,,,,,,,,,,,,,,,,,83.7125,9.9830885,0.013395797,83.7125,9.9830885,0.0046773055,,,,,,,,,,,,,,,,,,,,,,,,,,,,,83.7125,9.9830885,1.0000001e-07,83.7125,9.9830885,7.0,,,,,,,
83.7125,9.92313,0.0014428081,83.7125,9.92313,0.00069909263,,,,,,,,,,,,,,,,,,,,,,,,,,,,,,,,,,,,,,,,,,,,,,,,,,,,,,,,,,,,,83.7125,9.92313,2.1903286,83.7125,9.92313,0.030883564,,,,,,,,,,,,,,,,,83.7125,10.013068,0.013431834,83.7125,10.013068,0.0014462809,,,,,,,,,,,,,,,,,,,,,,,,,,,,,83.7125,10.013068,1.0000001e-07,83.7125,10.013068,7.0,,,,,,,
83.7125,9.95311,0.0017997916,83.7125,9.95311,0.0009222073,,,,,,,,,,,,,,,,,,,,,,,,,,,,,,,,,,,,,,,,,,,,,,,,,,,,,,,,,,,,,83.7125,9.95311,3.3336434,83.7125,9.95311,0.78456855,,,,,,,,,,,,,,,,,83.7125,10.043048,0.012084609,83.7125,10.043048,0.004417943,,,,,,,,,,,,,,,,,,,,,,,,,,,,,83.7125,10.043048,1.0000001e-07,83.7125,10.043048,7.0,,,,,,,
83.7125,9.9830885,0.0015618027,83.7125,9.9830885,0.0010263275,,,,,,,,,,,,,,,,,,,,,,,,,,,,,,,,,,,,,,,,,,,,,,,,,,,,,,,,,,,,,83.7125,9.9830885,2.5768592,83.7125,9.9830885,1.1056716,,,,,,,,,,,,,,,,,83.7125,10.073027,0.024661042,83.7125,10.073027,0.002207722,,,,,,,,,,,,,,,,,,,,,,,,,,,,,83.7125,10.073027,1.0000001e-07,83.7125,10.073027,7.0,,,,,,,
83.7125,10.013068,0.001472557,83.7125,10.013068,0.0009519559,,,,,,,,,,,,,,,,,,,,,,,,,,,,,,,,,,,,,,,,,,,,,,,,,,,,,,,,,,,,,83.7125,10.013068,2.3094277,83.7125,10.013068,0.85403,,,,,,,,,,,,,,,,,83.7125,10.103006,0.017328143,83.7125,10.103006,0.003454879,,,,,,,,,,,,,,,,,,,,,,,,,,,,,83.7125,10.103006,1.0000001e-07,83.7125,10.103006,7.0,,,,,,,
83.7125,10.043047,0.0015171799,83.7125,10.043047,0.0010412019,,,,,,,,,,,,,,,,,,,,,,,,,,,,,,,,,,,,,,,,,,,,,,,,,,,,,,,,,,,,,83.7125,10.043047,2.3894663,83.7125,10.043047,1.112324,,,,,,,,,,,,,,,,,83.7125,10.132985,0.013684557,83.7125,10.132985,0.0003021758,,,,,,,,,,,,,,,,,,,,,,,,,,,,,83.7125,10.132985,1.0000001e-07,83.7125,10.132985,7.0,,,,,,,
83.7125,10.073027,0.0018741633,83.7125,10.073027,0.0009519559,,,,,,,,,,,,,,,,,,,,,,,,,,,,,,,,,,,,,,,,,,,,,,,,,,,,,,,,,,,,,83.7125,10.073027,3.5267408,83.7125,10.073027,0.85921496,,,,,,,,,,,,,,,,,83.7125,10.162965,0.011898094,83.7125,10.162965,-0.00013652713,,,,,,,,,,,,,,,,,,,,,,,,,,,,,83.7125,10.162965,1.0000001e-07,83.7125,10.162965,7.0,,,,,,,
83.7125,10.103005,0.0016510487,83.7125,10.103005,0.0010114531,,,,,,,,,,,,,,,,,,,,,,,,,,,,,,,,,,,,,,,,,,,,,,,,,,,,,,,,,,,,,83.7125,10.103005,2.806154,83.7125,10.103005,1.0654708,,,,,,,,,,,,,,,,,83.7125,10.192944,0.01573615,83.7125,10.192944,-0.006526157,,,,,,,,,,,,,,,,,,,,,,,,,,,,,83.7125,10.192944,1.0000001e-07,83.7125,10.192944,7.0,,,,,,,
83.7125,10.132985,0.0015171798,83.7125,10.132985,0.00086271,,,,,,,,,,,,,,,,,,,,,,,,,,,,,,,,,,,,,,,,,,,,,,,,,,,,,,,,,,,,,83.7125,10.132985,2.4000466,83.7125,10.132985,0.55862683,,,,,,,,,,,,,,,,,83.7125,10.222923,0.016217578,83.7125,10.222923,0.0014725868,,,,,,,,,,,,,,,,,,,,,,,,,,,,,83.7125,10.222923,1.0000001e-07,83.7125,10.222923,7.0,,,,,,,
83.7125,10.162964,0.0014428082,83.7125,10.162964,0.0008478358,,,,,,,,,,,,,,,,,,,,,,,,,,,,,,,,,,,,,,,,,,,,,,,,,,,,,,,,,,,,,83.7125,10.162964,2.198823,83.7125,10.162964,0.4967521,,,,,,,,,,,,,,,,,83.7125,10.252902,0.019015297,83.7125,10.252902,0.0017336602,,,,,,,,,,,,,,,,,,,,,,,,,,,,,83.7125,10.252902,1.0000001e-07,83.7125,10.252902,7.0,,,,,,,
83.7125,10.192944,0.001532054,83.7125,10.192944,0.00068421836,,,,,,,,,,,,,,,,,,,,,,,,,,,,,,,,,,,,,,,,,,,,,,,,,,,,,,,,,,,,,83.7125,10.192944,2.456053,83.7125,10.192944,-0.026409838,,,,,,,,,,,,,,,,,83.7125,10.282882,0.016790764,83.7125,10.282882,0.0025539903,,,,,,,,,,,,,,,,,,,,,,,,,,,,,83.7125,10.282882,1.0000001e-07,83.7125,10.282882,7.0,,,,,,,
83.7125,10.222922,0.0015618027,83.7125,10.222922,0.0008924587,,,,,,,,,,,,,,,,,,,,,,,,,,,,,,,,,,,,,,,,,,,,,,,,,,,,,,,,,,,,,83.7125,10.222922,2.544912,83.7125,10.222922,0.6540653,,,,,,,,,,,,,,,,,83.7125,10.3128605,0.01953974,83.7125,10.3128605,-0.0011959171,,,,,,,,,,,,,,,,,,,,,,,,,,,,,83.7125,10.3128605,1.0000001e-07,83.7125,10.3128605,7.0,,,,,,,
83.7125,10.252902,0.0016956716,83.7125,10.252902,0.00087758433,,,,,,,,,,,,,,,,,,,,,,,,,,,,,,,,,,,,,,,,,,,,,,,,,,,,,,,,,,,,,83.7125,10.252902,2.9927511,83.7125,10.252902,0.6240685,,,,,,,,,,,,,,,,,83.7125,10.34284,0.007916665,83.7125,10.34284,0.002842943,,,,,,,,,,,,,,,,,,,,,,,,,,,,,83.7125,10.34284,1.0000001e-07,83.7125,10.34284,7.0,,,,,,,
83.7125,10.282882,0.0016064257,83.7125,10.282882,0.00090733304,,,,,,,,,,,,,,,,,,,,,,,,,,,,,,,,,,,,,,,,,,,,,,,,,,,,,,,,,,,,,83.7125,10.282882,2.7658205,83.7125,10.282882,0.7156089,,,,,,,,,,,,,,,,,83.7125,10.372819,0.015922079,83.7125,10.372819,0.0046932125,,,,,,,,,,,,,,,,,,,,,,,,,,,,,83.7125,10.372819,1.0000001e-07,83.7125,10.372819,7.0,,,,,,,
83.7125,10.3128605,0.0016807973,83.7125,10.3128605,0.0008329614,,,,,,,,,,,,,,,,,,,,,,,,,,,,,,,,,,,,,,,,,,,,,,,,,,,,,,,,,,,,,83.7125,10.3128605,2.9290836,83.7125,10.3128605,0.4577686,,,,,,,,,,,,,,,,,83.7125,10.402799,0.008155311,83.7125,10.402799,0.0028433532,,,,,,,,,,,,,,,,,,,,,,,,,,,,,83.7125,10.402799,1.0000001e-07,83.7125,10.402799,7.0,,,,,,,
83.7125,10.34284,0.0012643165,83.7125,10.34284,0.00090733304,,,,,,,,,,,,,,,,,,,,,,,,,,,,,,,,,,,,,,,,,,,,,,,,,,,,,,,,,,,,,83.7125,10.34284,1.6322422,83.7125,10.34284,0.6701114,,,,,,,,,,,,,,,,,83.7125,10.432777,0.020445857,83.7125,10.432777,-0.0015265143,,,,,,,,,,,,,,,,,,,,,,,,,,,,,83.7125,10.432777,1.0000001e-07,83.7125,10.432777,7.0,,,,,,,
83.7125,10.372819,0.0015320542,83.7125,10.372819,0.0010560761,,,,,,,,,,,,,,,,,,,,,,,,,,,,,,,,,,,,,,,,,,,,,,,,,,,,,,,,,,,,,83.7125,10.372819,2.4859915,83.7125,10.372819,1.2044746,,,,,,,,,,,,,,,,,83.7125,10.462757,0.022397202,83.7125,10.462757,0.0006639578,,,,,,,,,,,,,,,,,,,,,,,,,,,,,83.7125,10.462757,1.0000001e-07,83.7125,10.462757,7.0,,,,,,,
83.7125,10.402799,0.0012494421,83.7125,10.402799,0.000996579,,,,,,,,,,,,,,,,,,,,,,,,,,,,,,,,,,,,,,,,,,,,,,,,,,,,,,,,,,,,,83.7125,10.402799,1.619542,83.7125,10.402799,1.0075212,,,,,,,,,,,,,,,,,83.7125,10.492736,0.014717155,83.7125,10.492736,-0.0027684658,,,,,,,,,,,,,,,,,,,,,,,,,,,,,83.7125,10.492736,1.0000001e-07,83.7125,10.492736,7.0,,,,,,,
83.7125,10.432777,0.0017254201,83.7125,10.432777,0.0008032128,,,,,,,,,,,,,,,,,,,,,,,,,,,,,,,,,,,,,,,,,,,,,,,,,,,,,,,,,,,,,83.7125,10.432777,3.1394372,83.7125,10.432777,0.32934657,,,,,,,,,,,,,,,,,83.7125,10.522716,0.014208201,83.7125,10.522716,0.0013412262,,,,,,,,,,,,,,,,,,,,,,,,,,,,,83.7125,10.522716,1.0000001e-07,83.7125,10.522716,7.0,,,,,,,
83.7125,10.462757,0.0017997916,83.7125,10.462757,0.0009668303,,,,,,,,,,,,,,,,,,,,,,,,,,,,,,,,,,,,,,,,,,,,,,,,,,,,,,,,,,,,,83.7125,10.462757,3.3370934,83.7125,10.462757,0.91661114,,,,,,,,,,,,,,,,,83.7125,10.552694,0.015049191,83.7125,10.552694,-0.0032033315,,,,,,,,,,,,,,,,,,,,,,,,,,,,,83.7125,10.552694,1.0000001e-07,83.7125,10.552694,7.0,,,,,,,
83.7125,10.492736,0.0015171799,83.7125,10.492736,0.00078833854,,,,,,,,,,,,,,,,,,,,,,,,,,,,,,,,,,,,,,,,,,,,,,,,,,,,,,,,,,,,,83.7125,10.492736,2.4297698,83.7125,10.492736,0.32085684,,,,,,,,,,,,,,,,,83.7125,10.582674,0.009909446,83.7125,10.582674,0.0058375513,,,,,,,,,,,,,,,,,,,,,,,,,,,,,83.7125,10.582674,1.0000001e-07,83.7125,10.582674,7.0,,,,,,,
83.7125,10.522716,0.0013981854,83.7125,10.522716,0.00086271006,,,,,,,,,,,,,,,,,,,,,,,,,,,,,,,,,,,,,,,,,,,,,,,,,,,,,,,,,,,,,83.7125,10.522716,2.0526817,83.7125,10.522716,0.5663923,,,,,,,,,,,,,,,,,83.7125,10.612653,0.019182716,83.7125,10.612653,0.0026032971,,,,,,,,,,,,,,,,,,,,,,,,,,,,,83.7125,10.612653,1.0000001e-07,83.7125,10.612653,7.0,,,,,,,
83.7125,10.552694,0.0015171799,83.7125,10.552694,0.0007585899,,,,,,,,,,,,,,,,,,,,,,,,,,,,,,,,,,,,,,,,,,,,,,,,,,,,,,,,,,,,,83.7125,10.552694,2.4234874,83.7125,10.552694,0.19207282,,,,,,,,,,,,,,,,,83.7125,10.6426325,0.021369925,83.7125,10.6426325,0.0036222232,,,,,,,,,,,,,,,,,,,,,,,,,,,,,83.7125,10.6426325,1.0000001e-07,83.7125,10.6426325,7.0,,,,,,,
83.7125,10.582674,0.0013238138,83.7125,10.582674,0.0010114531,,,,,,,,,,,,,,,,,,,,,,,,,,,,,,,,,,,,,,,,,,,,,,,,,,,,,,,,,,,,,83.7125,10.582674,1.8451667,83.7125,10.582674,1.0486016,,,,,,,,,,,,,,,,,83.7125,10.672611,0.017808966,83.7125,10.672611,0.002171483,,,,,,,,,,,,,,,,,,,,,,,,,,,,,83.7125,10.672611,1.0000001e-07,83.7125,10.672611,7.0,,,,,,,
83.7125,10.612653,0.0016361743,83.7125,10.612653,0.000951956,,,,,,,,,,,,,,,,,,,,,,,,,,,,,,,,,,,,,,,,,,,,,,,,,,,,,,,,,,,,,83.7125,10.612653,2.7531443,83.7125,10.612653,0.86439615,,,,,,,,,,,,,,,,,83.7125,10.702591,0.01614352,83.7125,10.702591,0.0036254546,,,,,,,,,,,,,,,,,,,,,,,,,,,,,83.7125,10.702591,1.0000001e-07,83.7125,10.702591,7.0,,,,,,,
83.7125,10.6426325,0.0016361744,83.7125,10.6426325,0.000996579,,,,,,,,,,,,,,,,,,,,,,,,,,,,,,,,,,,,,,,,,,,,,,,,,,,,,,,,,,,,,83.7125,10.6426325,2.7872298,83.7125,10.6426325,0.9838348,,,,,,,,,,,,,,,,,83.7125,10.73257,0.018932967,83.7125,10.73257,-0.0035332425,,,,,,,,,,,,,,,,,,,,,,,,,,,,,83.7125,10.73257,1.0000001e-07,83.7125,10.73257,7.0,,,,,,,
83.7125,10.672611,0.0016064257,83.7125,10.672611,0.0009817047,,,,,,,,,,,,,,,,,,,,,,,,,,,,,,,,,,,,,,,,,,,,,,,,,,,,,,,,,,,,,83.7125,10.672611,2.7433667,83.7125,10.672611,0.9379959,,,,,,,,,,,,,,,,,83.7125,10.762549,0.015361492,83.7125,10.762549,0.0013088537,,,,,,,,,,,,,,,,,,,,,,,,,,,,,83.7125,10.762549,1.0000001e-07,83.7125,10.762549,7.0,,,,,,,
83.7125,10.702591,0.0015171799,83.7125,10.702591,0.000996579,,,,,,,,,,,,,,,,,,,,,,,,,,,,,,,,,,,,,,,,,,,,,,,,,,,,,,,,,,,,,83.7125,10.702591,2.429501,83.7125,10.702591,0.9649184,,,,,,,,,,,,,,,,,83.7125,10.792528,0.018398056,83.7125,10.792528,0.0027546915,,,,,,,,,,,,,,,,,,,,,,,,,,,,,83.7125,10.792528,1.0000001e-07,83.7125,10.792528,7.0,,,,,,,
83.7125,10.73257,0.0015469284,83.7125,10.73257,0.0007139669,,,,,,,,,,,,,,,,,,,,,,,,,,,,,,,,,,,,,,,,,,,,,,,,,,,,,,,,,,,,,83.7125,10.73257,2.5237951,83.7125,10.73257,0.061699376,,,,,,,,,,,,,,,,,83.7125,10.822508,0.016881436,83.7125,10.822508,0.0036146315,,,,,,,,,,,,,,,,,,,,,,,,,,,,,83.7125,10.822508,1.0000001e-07,83.7125,10.822508,7.0,,,,,,,
83.7125,10.762549,0.0013386881,83.7125,10.762549,0.0009073329,,,,,,,,,,,,,,,,,,,,,,,,,,,,,,,,,,,,,,,,,,,,,,,,,,,,,,,,,,,,,83.7125,10.762549,1.850259,83.7125,10.762549,0.72579795,,,,,,,,,,,,,,,,,83.7125,10.852488,0.012319947,83.7125,10.852488,0.0044339546,,,,,,,,,,,,,,,,,,,,,,,,,,,,,83.7125,10.852488,1.0000001e-07,83.7125,10.852488,7.0,,,,,,,
83.7125,10.792528,0.001472557,83.7125,10.792528,0.0009222073,,,,,,,,,,,,,,,,,,,,,,,,,,,,,,,,,,,,,,,,,,,,,,,,,,,,,,,,,,,,,83.7125,10.792528,2.3287632,83.7125,10.792528,0.78718656,,,,,,,,,,,,,,,,,83.7125,10.882466,0.010716274,83.7125,10.882466,-0.00095927075,,,,,,,,,,,,,,,,,,,,,,,,,,,,,83.7125,10.882466,1.0000001e-07,83.7125,10.882466,7.0,,,,,,,
83.7125,10.822508,0.0015171798,83.7125,10.822508,0.00090733304,,,,,,,,,,,,,,,,,,,,,,,,,,,,,,,,,,,,,,,,,,,,,,,,,,,,,,,,,,,,,83.7125,10.822508,2.4280698,83.7125,10.822508,0.6720849,,,,,,,,,,,,,,,,,83.7125,10.912446,0.015823089,83.7125,10.912446,0.0026445845,,,,,,,,,,,,,,,,,,,,,,,,,,,,,83.7125,10.912446,1.0000001e-07,83.7125,10.912446,7.0,,,,,,,
83.7125,10.852487,0.0013238137,83.7125,10.852487,0.0009519559,,,,,,,,,,,,,,,,,,,,,,,,,,,,,,,,,,,,,,,,,,,,,,,,,,,,,,,,,,,,,83.7125,10.852487,1.8326149,83.7125,10.852487,0.81673735,,,,,,,,,,,,,,,,,83.7125,10.942425,0.01275057,83.7125,10.942425,0.0027625763,,,,,,,,,,,,,,,,,,,,,,,,,,,,,83.7125,10.942425,1.0000001e-07,83.7125,10.942425,7.0,,,,,,,
83.7125,10.882466,0.0012791908,83.7125,10.882466,0.00080321287,,,,,,,,,,,,,,,,,,,,,,,,,,,,,,,,,,,,,,,,,,,,,,,,,,,,,,,,,,,,,83.7125,10.882466,1.6732639,83.7125,10.882466,0.36990136,,,,,,,,,,,,,,,,,83.7125,10.9724045,0.03396016,83.7125,10.9724045,-0.0009225312,,,,,,,,,,,,,,,,,,,,,,,,,,,,,83.7125,10.9724045,1.0000001e-07,83.7125,10.9724045,7.0,,,,,,,
83.7125,10.912445,0.0015171799,83.7125,10.912445,0.00093708176,,,,,,,,,,,,,,,,,,,,,,,,,,,,,,,,,,,,,,,,,,,,,,,,,,,,,,,,,,,,,83.7125,10.912445,2.4310408,83.7125,10.912445,0.79859054,,,,,,,,,,,,,,,,,83.7125,11.002383,0.011850661,83.7125,11.002383,0.0009512517,,,,,,,,,,,,,,,,,,,,,,,,,,,,,83.7125,11.002383,1.0000001e-07,83.7125,11.002383,7.0,,,,,,,
83.7125,10.942425,0.001383311,83.7125,10.942425,0.0009370816,,,,,,,,,,,,,,,,,,,,,,,,,,,,,,,,,,,,,,,,,,,,,,,,,,,,,,,,,,,,,83.7125,10.942425,2.0424232,83.7125,10.942425,0.78546643,,,,,,,,,,,,,,,,,83.7125,11.032363,0.018260872,83.7125,11.032363,-0.00119287,,,,,,,,,,,,,,,,,,,,,,,,,,,,,83.7125,11.032363,1.0000001e-07,83.7125,11.032363,7.0,,,,,,,
83.7125,10.972404,0.002008032,83.7125,10.972404,0.00087758433,,,,,,,,,,,,,,,,,,,,,,,,,,,,,,,,,,,,,,,,,,,,,,,,,,,,,,,,,,,,,83.7125,10.972404,3.9856894,83.7125,10.972404,0.5981885,,,,,,,,,,,,,,,,,83.7125,11.062342,0.018760573,83.7125,11.062342,-0.004048356,,,,,,,,,,,,,,,,,,,,,,,,,,,,,83.7125,11.062342,1.0000001e-07,83.7125,11.062342,7.0,,,,,,,
83.7125,11.002383,0.0013089394,83.7125,11.002383,0.00086271,,,,,,,,,,,,,,,,,,,,,,,,,,,,,,,,,,,,,,,,,,,,,,,,,,,,,,,,,,,,,83.7125,11.002383,1.788699,83.7125,11.002383,0.5603735,,,,,,,,,,,,,,,,,83.7125,11.092321,0.01418929,83.7125,11.092321,-0.0024925026,,,,,,,,,,,,,,,,,,,,,,,,,,,,,83.7125,11.092321,1.0000001e-07,83.7125,11.092321,7.0,,,,,,,
83.7125,11.032362,0.001576677,83.7125,11.032362,0.0007437156,,,,,,,,,,,,,,,,,,,,,,,,,,,,,,,,,,,,,,,,,,,,,,,,,,,,,,,,,,,,,83.7125,11.032362,2.640756,83.7125,11.032362,0.19913942,,,,,,,,,,,,,,,,,83.7125,11.1223,0.02286943,83.7125,11.1223,0.004697279,,,,,,,,,,,,,,,,,,,,,,,,,,,,,83.7125,11.1223,1.0000001e-07,83.7125,11.1223,7.0,,,,,,,
83.7125,11.062342,0.0015915514,83.7125,11.062342,0.0007585899,,,,,,,,,,,,,,,,,,,,,,,,,,,,,,,,,,,,,,,,,,,,,,,,,,,,,,,,,,,,,83.7125,11.062342,2.6890757,83.7125,11.062342,0.19986475,,,,,,,,,,,,,,,,,83.7125,11.15228,0.016945997,83.7125,11.15228,-0.006129563,,,,,,,,,,,,,,,,,,,,,,,,,,,,,83.7125,11.15228,1.0000001e-07,83.7125,11.15228,7.0,,,,,,,
83.7125,11.092321,0.0014874311,83.7125,11.092321,0.0008032128,,,,,,,,,,,,,,,,,,,,,,,,,,,,,,,,,,,,,,,,,,,,,,,,,,,,,,,,,,,,,83.7125,11.092321,2.3453038,83.7125,11.092321,0.3407911,,,,,,,,,,,,,,,,,83.7125,11.182259,0.016809812,83.7125,11.182259,0.0023841425,,,,,,,,,,,,,,,,,,,,,,,,,,,,,83.7125,11.182259,1.0000001e-07,83.7125,11.182259,7.0,,,,,,,
83.7125,11.1223,0.0017551689,83.7125,11.1223,0.0009222073,,,,,,,,,,,,,,,,,,,,,,,,,,,,,,,,,,,,,,,,,,,,,,,,,,,,,,,,,,,,,83.7125,11.1223,3.203152,83.7125,11.1223,0.786345,,,,,,,,,,,,,,,,,83.7125,11.212238,0.019896591,83.7125,11.212238,0.0015625113,,,,,,,,,,,,,,,,,,,,,,,,,,,,,83.7125,11.212238,1.0000001e-07,83.7125,11.212238,7.0,,,,,,,
83.7125,11.15228,0.0014874313,83.7125,11.15228,0.00068421836,,,,,,,,,,,,,,,,,,,,,,,,,,,,,,,,,,,,,,,,,,,,,,,,,,,,,,,,,,,,,83.7125,11.15228,2.360553,83.7125,11.15228,-0.05166859,,,,,,,,,,,,,,,,,83.7125,11.242217,0.012550183,83.7125,11.242217,-0.0032091143,,,,,,,,,,,,,,,,,,,,,,,,,,,,,83.7125,11.242217,1.0000001e-07,83.7125,11.242217,7.0,,,,,,,
83.7125,11.182259,0.0015171799,83.7125,11.182259,0.0008478358,,,,,,,,,,,,,,,,,,,,,,,,,,,,,,,,,,,,,,,,,,,,,,,,,,,,,,,,,,,,,83.7125,11.182259,2.4232054,83.7125,11.182259,0.55827945,,,,,,,,,,,,,,,,,83.7125,11.272197,0.015468661,83.7125,11.272197,-0.008330943,,,,,,,,,,,,,,,,,,,,,,,,,,,,,83.7125,11.272197,1.0000001e-07,83.7125,11.272197,7.0,,,,,,,
83.7125,11.212238,0.0015469284,83.7125,11.212238,0.0009073329,,,,,,,,,,,,,,,,,,,,,,,,,,,,,,,,,,,,,,,,,,,,,,,,,,,,,,,,,,,,,83.7125,11.212238,2.5772882,83.7125,11.212238,0.68828934,,,,,,,,,,,,,,,,,83.7125,11.3021755,0.01672398,83.7125,11.3021755,7.807691e-05,,,,,,,,,,,,,,,,,,,,,,,,,,,,,83.7125,11.3021755,1.0000001e-07,83.7125,11.3021755,7.0,,,,,,,
83.7125,11.242217,0.0012791909,83.7125,11.242217,0.0008180871,,,,,,,,,,,,,,,,,,,,,,,,,,,,,,,,,,,,,,,,,,,,,,,,,,,,,,,,,,,,,83.7125,11.242217,1.6748738,83.7125,11.242217,0.40307438,,,,,,,,,,,,,,,,,83.7125,11.332155,0.015686197,83.7125,11.332155,-0.005321919,,,,,,,,,,,,,,,,,,,,,,,,,,,,,83.7125,11.332155,1.0000001e-07,83.7125,11.332155,7.0,,,,,,,
83.7125,11.272197,0.001383311,83.7125,11.272197,0.0006395953,,,,,,,,,,,,,,,,,,,,,,,,,,,,,,,,,,,,,,,,,,,,,,,,,,,,,,,,,,,,,83.7125,11.272197,2.016214,83.7125,11.272197,-0.20498893,,,,,,,,,,,,,,,,,83.7125,11.362134,0.017809186,83.7125,11.362134,-0.001236595,,,,,,,,,,,,,,,,,,,,,,,,,,,,,83.7125,11.362134,1.0000001e-07,83.7125,11.362134,7.0,,,,,,,
83.7125,11.3021755,0.0014576825,83.7125,11.3021755,0.0008478358,,,,,,,,,,,,,,,,,,,,,,,,,,,,,,,,,,,,,,,,,,,,,,,,,,,,,,,,,,,,,83.7125,11.3021755,2.2290876,83.7125,11.3021755,0.5315629,,,,,,,,,,,,,,,,,83.7125,11.392114,0.018881755,83.7125,11.392114,-0.001533698,,,,,,,,,,,,,,,,,,,,,,,,,,,,,83.7125,11.392114,1.0000001e-07,83.7125,11.392114,7.0,,,,,,,
83.7125,11.332155,0.0013535623,83.7125,11.332155,0.0006395953,,,,,,,,,,,,,,,,,,,,,,,,,,,,,,,,,,,,,,,,,,,,,,,,,,,,,,,,,,,,,83.7125,11.332155,1.9462605,83.7125,11.332155,-0.1951153,,,,,,,,,,,,,,,,,83.7125,11.422092,0.022292864,83.7125,11.422092,0.0063385665,,,,,,,,,,,,,,,,,,,,,,,,,,,,,83.7125,11.422092,1.0000001e-07,83.7125,11.422092,7.0,,,,,,,
83.7125,11.362134,0.001532054,83.7125,11.362134,0.0008032128,,,,,,,,,,,,,,,,,,,,,,,,,,,,,,,,,,,,,,,,,,,,,,,,,,,,,,,,,,,,,83.7125,11.362134,2.4446688,83.7125,11.362134,0.3337034,,,,,,,,,,,,,,,,,83.7125,11.452072,0.009205264,83.7125,11.452072,0.0023316648,,,,,,,,,,,,,,,,,,,,,,,,,,,,,83.7125,11.452072,1.0000001e-07,83.7125,11.452072,7.0,,,,,,,
83.7125,11.392114,0.0015171799,83.7125,11.392114,0.00080321287,,,,,,,,,,,,,,,,,,,,,,,,,,,,,,,,,,,,,,,,,,,,,,,,,,,,,,,,,,,,,83.7125,11.392114,2.452834,83.7125,11.392114,0.34058803,,,,,,,,,,,,,,,,,83.7125,11.482051,0.007659802,83.7125,11.482051,0.0069861156,,,,,,,,,,,,,,,,,,,,,,,,,,,,,83.7125,11.482051,1.0000001e-07,83.7125,11.482051,7.0,,,,,,,
83.7125,11.422092,0.0014725568,83.7125,11.422092,0.0010709504,,,,,,,,,,,,,,,,,,,,,,,,,,,,,,,,,,,,,,,,,,,,,,,,,,,,,,,,,,,,,83.7125,11.422092,2.3087478,83.7125,11.422092,1.2869695,,,,,,,,,,,,,,,,,83.7125,11.512031,0.006065309,83.7125,11.512031,-0.0009439153,,,,,,,,,,,,,,,,,,,,,,,,,,,,,83.7125,11.512031,1.0000001e-07,83.7125,11.512031,7.0,,,,,,,
83.7125,11.452072,0.0012345678,83.7125,11.452072,0.0009222073,,,,,,,,,,,,,,,,,,,,,,,,,,,,,,,,,,,,,,,,,,,,,,,,,,,,,,,,,,,,,83.7125,11.452072,1.5381899,83.7125,11.452072,0.74000686,,,,,,,,,,,,,,,,,83.7125,11.542009,0.018699719,83.7125,11.542009,-0.003542925,,,,,,,,,,,,,,,,,,,,,,,,,,,,,83.7125,11.542009,1.0000001e-07,83.7125,11.542009,7.0,,,,,,,
83.7125,11.482051,0.0011899449,83.7125,11.482051,0.0010560761,,,,,,,,,,,,,,,,,,,,,,,,,,,,,,,,,,,,,,,,,,,,,,,,,,,,,,,,,,,,,83.7125,11.482051,1.4043499,83.7125,11.482051,1.1707543,,,,,,,,,,,,,,,,,83.7125,11.571989,0.010005702,83.7125,11.571989,0.00012656301,,,,,,,,,,,,,,,,,,,,,,,,,,,,,83.7125,11.571989,1.0000001e-07,83.7125,11.571989,7.0,,,,,,,
83.7125,11.512031,0.0012048192,83.7125,11.512031,0.0008032128,,,,,,,,,,,,,,,,,,,,,,,,,,,,,,,,,,,,,,,,,,,,,,,,,,,,,,,,,,,,,83.7125,11.512031,1.4522443,83.7125,11.512031,0.35121238,,,,,,,,,,,,,,,,,83.7125,11.601968,0.015286856,83.7125,11.601968,-0.002979559,,,,,,,,,,,,,,,,,,,,,,,,,,,,,83.7125,11.601968,1.0000001e-07,83.7125,11.601968,7.0,,,,,,,
83.7125,11.542009,0.001383311,83.7125,11.542009,0.00083296146,,,,,,,,,,,,,,,,,,,,,,,,,,,,,,,,,,,,,,,,,,,,,,,,,,,,,,,,,,,,,83.7125,11.542009,2.0019865,83.7125,11.542009,0.41607478,,,,,,,,,,,,,,,,,83.7125,11.6319475,0.006226415,83.7125,11.6319475,-0.0017892569,,,,,,,,,,,,,,,,,,,,,,,,,,,,,83.7125,11.6319475,1.0000001e-07,83.7125,11.6319475,7.0,,,,,,,
83.7125,11.571989,0.001234568,83.7125,11.571989,0.0007883385,,,,,,,,,,,,,,,,,,,,,,,,,,,,,,,,,,,,,,,,,,,,,,,,,,,,,,,,,,,,,83.7125,11.571989,1.5525949,83.7125,11.571989,0.3452079,,,,,,,,,,,,,,,,,83.7125,11.661927,0.014684875,83.7125,11.661927,0.00050926395,,,,,,,,,,,,,,,,,,,,,,,,,,,,,83.7125,11.661927,1.0000001e-07,83.7125,11.661927,7.0,,,,,,,
83.7125,11.601968,0.001427934,83.7125,11.601968,0.0007883385,,,,,,,,,,,,,,,,,,,,,,,,,,,,,,,,,,,,,,,,,,,,,,,,,,,,,,,,,,,,,83.7125,11.601968,2.1537185,83.7125,11.601968,0.33694226,,,,,,,,,,,,,,,,,83.7125,11.691906,0.013124904,83.7125,11.691906,0.0030170141,,,,,,,,,,,,,,,,,,,,,,,,,,,,,83.7125,11.691906,1.0000001e-07,83.7125,11.691906,7.0,,,,,,,
83.7125,11.6319475,0.0011601965,83.7125,11.6319475,0.00083296135,,,,,,,,,,,,,,,,,,,,,,,,,,,,,,,,,,,,,,,,,,,,,,,,,,,,,,,,,,,,,83.7125,11.6319475,1.3180696,83.7125,11.6319475,0.437585,,,,,,,,,,,,,,,,,83.7125,11.721886,0.015846936,83.7125,11.721886,0.007004395,,,,,,,,,,,,,,,,,,,,,,,,,,,,,83.7125,11.721886,1.0000001e-07,83.7125,11.721886,7.0,,,,,,,
83.7125,11.661926,0.0013535623,83.7125,11.661926,0.00083296146,,,,,,,,,,,,,,,,,,,,,,,,,,,,,,,,,,,,,,,,,,,,,,,,,,,,,,,,,,,,,83.7125,11.661926,1.9358599,83.7125,11.661926,0.45600086,,,,,,,,,,,,,,,,,83.7125,11.751864,0.017308569,83.7125,11.751864,-0.0014940061,,,,,,,,,,,,,,,,,,,,,,,,,,,,,83.7125,11.751864,1.0000001e-07,83.7125,11.751864,7.0,,,,,,,
83.7125,11.691906,0.0012643165,83.7125,11.691906,0.0009222073,,,,,,,,,,,,,,,,,,,,,,,,,,,,,,,,,,,,,,,,,,,,,,,,,,,,,,,,,,,,,83.7125,11.691906,1.6497004,83.7125,11.691906,0.7615258,,,,,,,,,,,,,,,,,83.7125,11.781844,0.01424544,83.7125,11.781844,0.004960063,,,,,,,,,,,,,,,,,,,,,,,,,,,,,83.7125,11.781844,1.0000001e-07,83.7125,11.781844,7.0,,,,,,,
83.7125,11.721885,0.0013684366,83.7125,11.721885,0.0009222073,,,,,,,,,,,,,,,,,,,,,,,,,,,,,,,,,,,,,,,,,,,,,,,,,,,,,,,,,,,,,83.7125,11.721885,2.0045207,83.7125,11.721885,0.76711506,,,,,,,,,,,,,,,,,83.7125,11.811823,0.016728172,83.7125,11.811823,0.003042758,,,,,,,,,,,,,,,,,,,,,,,,,,,,,83.7125,11.811823,1.0000001e-07,83.7125,11.811823,7.0,,,,,,,
83.7125,11.751864,0.0013981853,83.7125,11.751864,0.00081808714,,,,,,,,,,,,,,,,,,,,,,,,,,,,,,,,,,,,,,,,,,,,,,,,,,,,,,,,,,,,,83.7125,11.751864,2.0610147,83.7125,11.751864,0.4051658,,,,,,,,,,,,,,,,,83.7125,11.841803,0.015880963,83.7125,11.841803,-0.004746599,,,,,,,,,,,,,,,,,,,,,,,,,,,,,83.7125,11.841803,1.0000001e-07,83.7125,11.841803,7.0,,,,,,,
83.7125,11.781843,0.0012643165,83.7125,11.781843,0.0009668303,,,,,,,,,,,,,,,,,,,,,,,,,,,,,,,,,,,,,,,,,,,,,,,,,,,,,,,,,,,,,83.7125,11.781843,1.6283123,83.7125,11.781843,0.89381385,,,,,,,,,,,,,,,,,83.7125,11.871781,0.005620142,83.7125,11.871781,0.009787521,,,,,,,,,,,,,,,,,,,,,,,,,,,,,83.7125,11.871781,1.0000001e-07,83.7125,11.871781,7.0,,,,,,,
83.7125,11.811823,0.001383311,83.7125,11.811823,0.00086271006,,,,,,,,,,,,,,,,,,,,,,,,,,,,,,,,,,,,,,,,,,,,,,,,,,,,,,,,,,,,,83.7125,11.811823,2.0283303,83.7125,11.811823,0.56151325,,,,,,,,,,,,,,,,,83.7125,11.901761,0.015689813,83.7125,11.901761,-0.0038025463,,,,,,,,,,,,,,,,,,,,,,,,,,,,,83.7125,11.901761,1.0000001e-07,83.7125,11.901761,7.0,,,,,,,
83.7125,11.841802,0.0012940652,83.7125,11.841802,0.0007585898,,,,,,,,,,,,,,,,,,,,,,,,,,,,,,,,,,,,,,,,,,,,,,,,,,,,,,,,,,,,,83.7125,11.841802,1.7454307,83.7125,11.841802,0.22629112,,,,,,,,,,,,,,,,,83.7125,11.93174,0.023258282,83.7125,11.93174,0.0018011512,,,,,,,,,,,,,,,,,,,,,,,,,,,,,83.7125,11.93174,1.0000001e-07,83.7125,11.93174,7.0,,,,,,,
83.7125,11.871781,0.0011304476,83.7125,11.871781,0.0010858248,,,,,,,,,,,,,,,,,,,,,,,,,,,,,,,,,,,,,,,,,,,,,,,,,,,,,,,,,,,,,83.7125,11.871781,1.1833138,83.7125,11.871781,1.3074936,,,,,,,,,,,,,,,,,83.7125,11.9617195,0.019727519,83.7125,11.9617195,0.0012363156,,,,,,,,,,,,,,,,,,,,,,,,,,,,,83.7125,11.9617195,1.0000001e-07,83.7125,11.9617195,7.0,,,,,,,
83.7125,11.90176,0.0013089395,83.7125,11.90176,0.0006842183,,,,,,,,,,,,,,,,,,,,,,,,,,,,,,,,,,,,,,,,,,,,,,,,,,,,,,,,,,,,,83.7125,11.90176,1.7446363,83.7125,11.90176,-0.011462437,,,,,,,,,,,,,,,,,83.7125,11.991698,0.01906751,83.7125,11.991698,-0.004269069,,,,,,,,,,,,,,,,,,,,,,,,,,,,,83.7125,11.991698,1.0000001e-07,83.7125,11.991698,7.0,,,,,,,
83.7125,11.93174,0.0015766772,83.7125,11.93174,0.0009370816,,,,,,,,,,,,,,,,,,,,,,,,,,,,,,,,,,,,,,,,,,,,,,,,,,,,,,,,,,,,,83.7125,11.93174,2.617357,83.7125,11.93174,0.79045963,,,,,,,,,,,,,,,,,83.7125,12.021678,0.009840997,83.7125,12.021678,0.0011953003,,,,,,,,,,,,,,,,,,,,,,,,,,,,,83.7125,12.021678,1.0000001e-07,83.7125,12.021678,7.0,,,,,,,
83.7125,11.9617195,0.0014130595,83.7125,11.9617195,0.0009222073,,,,,,,,,,,,,,,,,,,,,,,,,,,,,,,,,,,,,,,,,,,,,,,,,,,,,,,,,,,,,83.7125,11.9617195,2.0670118,83.7125,11.9617195,0.7325544,,,,,,,,,,,,,,,,,83.7125,12.051657,0.017755374,83.7125,12.051657,0.00026289898,,,,,,,,,,,,,,,,,,,,,,,,,,,,,83.7125,12.051657,1.0000001e-07,83.7125,12.051657,7.0,,,,,,,
83.7125,11.991698,0.0014725568,83.7125,11.991698,0.0007883384,,,,,,,,,,,,,,,,,,,,,,,,,,,,,,,,,,,,,,,,,,,,,,,,,,,,,,,,,,,,,83.7125,11.991698,2.247903,83.7125,11.991698,0.2864798,,,,,,,,,,,,,,,,,83.7125,12.081636,0.010399927,83.7125,12.081636,0.0005272071,,,,,,,,,,,,,,,,,,,,,,,,,,,,,83.7125,12.081636,1.0000001e-07,83.7125,12.081636,7.0,,,,,,,
83.7125,12.021678,0.0012048192,83.7125,12.021678,0.0008180871,,,,,,,,,,,,,,,,,,,,,,,,,,,,,,,,,,,,,,,,,,,,,,,,,,,,,,,,,,,,,83.7125,12.021678,1.451598,83.7125,12.021678,0.43380123,,,,,,,,,,,,,,,,,83.7125,12.111615,0.013446035,83.7125,12.111615,-0.0066372245,,,,,,,,,,,,,,,,,,,,,,,,,,,,,83.7125,12.111615,1.0000001e-07,83.7125,12.111615,7.0,,,,,,,
83.7125,12.051657,0.0014130597,83.7125,12.051657,0.00084783573,,,,,,,,,,,,,,,,,,,,,,,,,,,,,,,,,,,,,,,,,,,,,,,,,,,,,,,,,,,,,83.7125,12.051657,2.1154325,83.7125,12.051657,0.47147056,,,,,,,,,,,,,,,,,83.7125,12.141595,0.027346658,83.7125,12.141595,0.0008291492,,,,,,,,,,,,,,,,,,,,,,,,,,,,,83.7125,12.141595,1.0000001e-07,83.7125,12.141595,7.0,,,,,,,
83.7125,12.081636,0.001234568,83.7125,12.081636,0.0007585899,,,,,,,,,,,,,,,,,,,,,,,,,,,,,,,,,,,,,,,,,,,,,,,,,,,,,,,,,,,,,83.7125,12.081636,1.5491236,83.7125,12.081636,0.20695378,,,,,,,,,,,,,,,,,83.7125,12.171574,0.023659354,83.7125,12.171574,-0.006892098,,,,,,,,,,,,,,,,,,,,,,,,,,,,,83.7125,12.171574,1.0000001e-07,83.7125,12.171574,7.0,,,,,,,
83.7125,12.111615,0.0012048193,83.7125,12.111615,0.0006098468,,,,,,,,,,,,,,,,,,,,,,,,,,,,,,,,,,,,,,,,,,,,,,,,,,,,,,,,,,,,,83.7125,12.111615,1.4324701,83.7125,12.111615,-0.2834437,,,,,,,,,,,,,,,,,83.7125,12.201553,0.014367144,83.7125,12.201553,0.00011729635,,,,,,,,,,,,,,,,,,,,,,,,,,,,,83.7125,12.201553,1.0000001e-07,83.7125,12.201553,7.0,,,,,,,
83.7125,12.141595,0.0015469284,83.7125,12.141595,0.0008478358,,,,,,,,,,,,,,,,,,,,,,,,,,,,,,,,,,,,,,,,,,,,,,,,,,,,,,,,,,,,,83.7125,12.141595,2.5335433,83.7125,12.141595,0.50449014,,,,,,,,,,,,,,,,,83.7125,12.231532,0.009137611,83.7125,12.231532,0.0023435073,,,,,,,,,,,,,,,,,,,,,,,,,,,,,83.7125,12.231532,1.0000001e-07,83.7125,12.231532,7.0,,,,,,,
83.7125,12.171574,0.001532054,83.7125,12.171574,0.0006395954,,,,,,,,,,,,,,,,,,,,,,,,,,,,,,,,,,,,,,,,,,,,,,,,,,,,,,,,,,,,,83.7125,12.171574,2.4899223,83.7125,12.171574,-0.19462425,,,,,,,,,,,,,,,,,83.7125,12.261512,0.010328327,83.7125,12.261512,0.007278863,,,,,,,,,,,,,,,,,,,,,,,,,,,,,83.7125,12.261512,1.0000001e-07,83.7125,12.261512,7.0,,,,,,,
83.7125,12.201553,0.0013386881,83.7125,12.201553,0.0008478357,,,,,,,,,,,,,,,,,,,,,,,,,,,,,,,,,,,,,,,,,,,,,,,,,,,,,,,,,,,,,83.7125,12.201553,1.8857855,83.7125,12.201553,0.4972664,,,,,,,,,,,,,,,,,83.7125,12.291491,0.017092438,83.7125,12.291491,0.0040754103,,,,,,,,,,,,,,,,,,,,,,,,,,,,,83.7125,12.291491,1.0000001e-07,83.7125,12.291491,7.0,,,,,,,
83.7125,12.231532,0.0011601964,83.7125,12.231532,0.00090733304,,,,,,,,,,,,,,,,,,,,,,,,,,,,,,,,,,,,,,,,,,,,,,,,,,,,,,,,,,,,,83.7125,12.231532,1.3089536,83.7125,12.231532,0.69576406,,,,,,,,,,,,,,,,,83.7125,12.32147,0.007946715,83.7125,12.32147,0.0047504767,,,,,,,,,,,,,,,,,,,,,,,,,,,,,83.7125,12.32147,1.0000001e-07,83.7125,12.32147,7.0,,,,,,,
83.7125,12.261512,0.0012048192,83.7125,12.261512,0.0010114531,,,,,,,,,,,,,,,,,,,,,,,,,,,,,,,,,,,,,,,,,,,,,,,,,,,,,,,,,,,,,83.7125,12.261512,1.4318503,83.7125,12.261512,1.08652,,,,,,,,,,,,,,,,,83.7125,12.351449,0.016398845,83.7125,12.351449,-0.0030558102,,,,,,,,,,,,,,,,,,,,,,,,,,,,,83.7125,12.351449,1.0000001e-07,83.7125,12.351449,7.0,,,,,,,
83.7125,12.291491,0.0014130597,83.7125,12.291491,0.0008924587,,,,,,,,,,,,,,,,,,,,,,,,,,,,,,,,,,,,,,,,,,,,,,,,,,,,,,,,,,,,,83.7125,12.291491,2.1071174,83.7125,12.291491,0.6448243,,,,,,,,,,,,,,,,,83.7125,12.381429,0.022234404,83.7125,12.381429,0.0027978085,,,,,,,,,,,,,,,,,,,,,,,,,,,,,83.7125,12.381429,1.0000001e-07,83.7125,12.381429,7.0,,,,,,,
83.7125,12.32147,0.0011601963,83.7125,12.32147,0.0009519559,,,,,,,,,,,,,,,,,,,,,,,,,,,,,,,,,,,,,,,,,,,,,,,,,,,,,,,,,,,,,83.7125,12.32147,1.324594,83.7125,12.32147,0.85798967,,,,,,,,,,,,,,,,,83.7125,12.411407,0.012912752,83.7125,12.411407,0.009574061,,,,,,,,,,,,,,,,,,,,,,,,,,,,,83.7125,12.411407,1.0000001e-07,83.7125,12.411407,7.0,,,,,,,
83.7125,12.351449,0.0013386882,83.7125,12.351449,0.000669344,,,,,,,,,,,,,,,,,,,,,,,,,,,,,,,,,,,,,,,,,,,,,,,,,,,,,,,,,,,,,83.7125,12.351449,1.8865438,83.7125,12.351449,-0.1043243,,,,,,,,,,,,,,,,,83.7125,12.441387,0.010465018,83.7125,12.441387,0.0022077102,,,,,,,,,,,,,,,,,,,,,,,,,,,,,83.7125,12.441387,1.0000001e-07,83.7125,12.441387,7.0,,,,,,,
83.7125,12.381429,0.0014130597,83.7125,12.381429,0.0009222073,,,,,,,,,,,,,,,,,,,,,,,,,,,,,,,,,,,,,,,,,,,,,,,,,,,,,,,,,,,,,83.7125,12.381429,2.0928302,83.7125,12.381429,0.77472657,,,,,,,,,,,,,,,,,83.7125,12.471366,0.0097372765,83.7125,12.471366,-0.0042324145,,,,,,,,,,,,,,,,,,,,,,,,,,,,,83.7125,12.471366,1.0000001e-07,83.7125,12.471366,7.0,,,,,,,
83.7125,12.411407,0.001189945,83.7125,12.411407,0.0011006991,,,,,,,,,,,,,,,,,,,,,,,,,,,,,,,,,,,,,,,,,,,,,,,,,,,,,,,,,,,,,83.7125,12.411407,1.4210885,83.7125,12.411407,1.3607821,,,,,,,,,,,,,,,,,83.7125,12.501346,0.012571144,83.7125,12.501346,0.003604677,,,,,,,,,,,,,,,,,,,,,,,,,,,,,83.7125,12.501346,1.0000001e-07,83.7125,12.501346,7.0,,,,,,,
83.7125,12.441387,0.0011601964,83.7125,12.441387,0.0008924587,,,,,,,,,,,,,,,,,,,,,,,,,,,,,,,,,,,,,,,,,,,,,,,,,,,,,,,,,,,,,83.7125,12.441387,1.3142446,83.7125,12.441387,0.64962596,,,,,,,,,,,,,,,,,83.7125,12.531325,0.021210479,83.7125,12.531325,-0.0015776971,,,,,,,,,,,,,,,,,,,,,,,,,,,,,83.7125,12.531325,1.0000001e-07,83.7125,12.531325,7.0,,,,,,,
83.7125,12.471366,0.0012494422,83.7125,12.471366,0.00069909263,,,,,,,,,,,,,,,,,,,,,,,,,,,,,,,,,,,,,,,,,,,,,,,,,,,,,,,,,,,,,83.7125,12.471366,1.6216838,83.7125,12.471366,-0.007994056,,,,,,,,,,,,,,,,,83.7125,12.561304,0.018348942,83.7125,12.561304,0.0014875614,,,,,,,,,,,,,,,,,,,,,,,,,,,,,83.7125,12.561304,1.0000001e-07,83.7125,12.561304,7.0,,,,,,,
83.7125,12.501346,0.0012048192,83.7125,12.501346,0.00083296146,,,,,,,,,,,,,,,,,,,,,,,,,,,,,,,,,,,,,,,,,,,,,,,,,,,,,,,,,,,,,83.7125,12.501346,1.4839832,83.7125,12.501346,0.4618794,,,,,,,,,,,,,,,,,83.7125,12.591284,0.004163811,83.7125,12.591284,0.0010943745,,,,,,,,,,,,,,,,,,,,,,,,,,,,,83.7125,12.591284,1.0000001e-07,83.7125,12.591284,7.0,,,,,,,
83.7125,12.531324,0.0014279339,83.7125,12.531324,0.0007734642,,,,,,,,,,,,,,,,,,,,,,,,,,,,,,,,,,,,,,,,,,,,,,,,,,,,,,,,,,,,,83.7125,12.531324,2.166106,83.7125,12.531324,0.30438817,,,,,,,,,,,,,,,,,83.7125,12.621263,0.012576335,83.7125,12.621263,0.008695298,,,,,,,,,,,,,,,,,,,,,,,,,,,,,83.7125,12.621263,1.0000001e-07,83.7125,12.621263,7.0,,,,,,,
83.7125,12.561304,0.0013684365,83.7125,12.561304,0.0007734643,,,,,,,,,,,,,,,,,,,,,,,,,,,,,,,,,,,,,,,,,,,,,,,,,,,,,,,,,,,,,83.7125,12.561304,1.9639918,83.7125,12.561304,0.26283628,,,,,,,,,,,,,,,,,83.7125,12.651242,0.017710747,83.7125,12.651242,0.0047489977,,,,,,,,,,,,,,,,,,,,,,,,,,,,,83.7125,12.651242,1.0000001e-07,83.7125,12.651242,7.0,,,,,,,
83.7125,12.591283,0.000996579,83.7125,12.591283,0.0008180872,,,,,,,,,,,,,,,,,,,,,,,,,,,,,,,,,,,,,,,,,,,,,,,,,,,,,,,,,,,,,83.7125,12.591283,0.8060309,83.7125,12.591283,0.42903477,,,,,,,,,,,,,,,,,83.7125,12.681221,0.008531577,83.7125,12.681221,0.00841162,,,,,,,,,,,,,,,,,,,,,,,,,,,,,83.7125,12.681221,1.0000001e-07,83.7125,12.681221,7.0,,,,,,,
83.7125,12.621263,0.0011155735,83.7125,12.621263,0.0010858248,,,,,,,,,,,,,,,,,,,,,,,,,,,,,,,,,,,,,,,,,,,,,,,,,,,,,,,,,,,,,83.7125,12.621263,1.2031771,83.7125,12.621263,1.3335801,,,,,,,,,,,,,,,,,83.7125,12.711201,0.019032864,83.7125,12.711201,-0.0011696654,,,,,,,,,,,,,,,,,,,,,,,,,,,,,83.7125,12.711201,1.0000001e-07,83.7125,12.711201,7.0,,,,,,,
83.7125,12.651241,0.001294065,83.7125,12.651241,0.00093708164,,,,,,,,,,,,,,,,,,,,,,,,,,,,,,,,,,,,,,,,,,,,,,,,,,,,,,,,,,,,,83.7125,12.651241,1.7054689,83.7125,12.651241,0.8279077,,,,,,,,,,,,,,,,,83.7125,12.741179,0.017235849,83.7125,12.741179,-0.0035041657,,,,,,,,,,,,,,,,,,,,,,,,,,,,,83.7125,12.741179,1.0000001e-07,83.7125,12.741179,7.0,,,,,,,
83.7125,12.681221,0.0010560761,83.7125,12.681221,0.000996579,,,,,,,,,,,,,,,,,,,,,,,,,,,,,,,,,,,,,,,,,,,,,,,,,,,,,,,,,,,,,83.7125,12.681221,0.9957873,83.7125,12.681221,0.9869499,,,,,,,,,,,,,,,,,83.7125,12.771159,0.008915971,83.7125,12.771159,-0.0021835598,,,,,,,,,,,,,,,,,,,,,,,,,,,,,83.7125,12.771159,1.0000001e-07,83.7125,12.771159,7.0,,,,,,,
83.7125,12.7112,0.0014428082,83.7125,12.7112,0.0007734642,,,,,,,,,,,,,,,,,,,,,,,,,,,,,,,,,,,,,,,,,,,,,,,,,,,,,,,,,,,,,83.7125,12.7112,2.1923547,83.7125,12.7112,0.23520215,,,,,,,,,,,,,,,,,83.7125,12.801138,0.016266055,83.7125,12.801138,-0.00027502974,,,,,,,,,,,,,,,,,,,,,,,,,,,,,83.7125,12.801138,1.0000001e-07,83.7125,12.801138,7.0,,,,,,,
83.7125,12.741179,0.0013238138,83.7125,12.741179,0.00074371556,,,,,,,,,,,,,,,,,,,,,,,,,,,,,,,,,,,,,,,,,,,,,,,,,,,,,,,,,,,,,83.7125,12.741179,1.8538187,83.7125,12.741179,0.17122146,,,,,,,,,,,,,,,,,83.7125,12.831118,0.010208853,83.7125,12.831118,0.005093502,,,,,,,,,,,,,,,,,,,,,,,,,,,,,83.7125,12.831118,1.0000001e-07,83.7125,12.831118,7.0,,,,,,,
83.7125,12.771158,0.0011006991,83.7125,12.771158,0.000713967,,,,,,,,,,,,,,,,,,,,,,,,,,,,,,,,,,,,,,,,,,,,,,,,,,,,,,,,,,,,,83.7125,12.771158,1.1445831,83.7125,12.771158,0.065521985,,,,,,,,,,,,,,,,,83.7125,12.861096,0.0100285,83.7125,12.861096,-0.0051677087,,,,,,,,,,,,,,,,,,,,,,,,,,,,,83.7125,12.861096,1.0000001e-07,83.7125,12.861096,7.0,,,,,,,
83.7125,12.801138,0.0012791908,83.7125,12.801138,0.0007734642,,,,,,,,,,,,,,,,,,,,,,,,,,,,,,,,,,,,,,,,,,,,,,,,,,,,,,,,,,,,,83.7125,12.801138,1.6962082,83.7125,12.801138,0.2662132,,,,,,,,,,,,,,,,,83.7125,12.891076,0.004578027,83.7125,12.891076,0.0041239583,,,,,,,,,,,,,,,,,,,,,,,,,,,,,83.7125,12.891076,1.0000001e-07,83.7125,12.891076,7.0,,,,,,,
83.7125,12.831118,0.0011304476,83.7125,12.831118,0.0009668303,,,,,,,,,,,,,,,,,,,,,,,,,,,,,,,,,,,,,,,,,,,,,,,,,,,,,,,,,,,,,83.7125,12.831118,1.2016087,83.7125,12.831118,0.91024345,,,,,,,,,,,,,,,,,83.7125,12.921055,0.012217018,83.7125,12.921055,-0.0065645333,,,,,,,,,,,,,,,,,,,,,,,,,,,,,83.7125,12.921055,1.0000001e-07,83.7125,12.921055,7.0,,,,,,,
83.7125,12.861096,0.0011304477,83.7125,12.861096,0.00069909275,,,,,,,,,,,,,,,,,,,,,,,,,,,,,,,,,,,,,,,,,,,,,,,,,,,,,,,,,,,,,83.7125,12.861096,1.2050967,83.7125,12.861096,0.016227841,,,,,,,,,,,,,,,,,83.7125,12.951035,0.012048246,83.7125,12.951035,-0.006579878,,,,,,,,,,,,,,,,,,,,,,,,,,,,,83.7125,12.951035,1.0000001e-07,83.7125,12.951035,7.0,,,,,,,
83.7125,12.891076,0.0008924587,83.7125,12.891076,0.000951956,,,,,,,,,,,,,,,,,,,,,,,,,,,,,,,,,,,,,,,,,,,,,,,,,,,,,,,,,,,,,83.7125,12.891076,0.4666108,83.7125,12.891076,0.8965269,,,,,,,,,,,,,,,,,83.7125,12.981013,0.016205924,83.7125,12.981013,0.0049136113,,,,,,,,,,,,,,,,,,,,,,,,,,,,,83.7125,12.981013,1.0000001e-07,83.7125,12.981013,7.0,,,,,,,
83.7125,12.921055,0.0011601964,83.7125,12.921055,0.0006395954,,,,,,,,,,,,,,,,,,,,,,,,,,,,,,,,,,,,,,,,,,,,,,,,,,,,,,,,,,,,,83.7125,12.921055,1.3304305,83.7125,12.921055,-0.19767334,,,,,,,,,,,,,,,,,83.7125,13.010993,0.011278572,83.7125,13.010993,-0.0038120481,,,,,,,,,,,,,,,,,,,,,,,,,,,,,83.7125,13.010993,1.0000001e-07,83.7125,13.010993,7.0,,,,,,,
83.7125,12.951035,0.0012345678,83.7125,12.951035,0.0005949724,,,,,,,,,,,,,,,,,,,,,,,,,,,,,,,,,,,,,,,,,,,,,,,,,,,,,,,,,,,,,83.7125,12.951035,1.5161514,83.7125,12.951035,-0.36486176,,,,,,,,,,,,,,,,,83.7125,13.040972,0.00095190323,83.7125,13.040972,0.00053622,,,,,,,,,,,,,,,,,,,,,,,,,,,,,83.7125,13.040972,1.0000001e-07,83.7125,13.040972,7.0,,,,,,,
83.7125,12.981013,0.001234568,83.7125,12.981013,0.00083296146,,,,,,,,,,,,,,,,,,,,,,,,,,,,,,,,,,,,,,,,,,,,,,,,,,,,,,,,,,,,,83.7125,12.981013,1.5756584,83.7125,12.981013,0.43648466,,,,,,,,,,,,,,,,,83.7125,13.070951,0.015613907,83.7125,13.070951,0.0025992775,,,,,,,,,,,,,,,,,,,,,,,,,,,,,83.7125,13.070951,1.0000001e-07,83.7125,13.070951,7.0,,,,,,,
83.7125,13.010993,0.0011304477,83.7125,13.010993,0.00066934404,,,,,,,,,,,,,,,,,,,,,,,,,,,,,,,,,,,,,,,,,,,,,,,,,,,,,,,,,,,,,83.7125,13.010993,1.2098631,83.7125,13.010993,-0.09337318,,,,,,,,,,,,,,,,,83.7125,13.10093,0.009045245,83.7125,13.10093,-0.008271631,,,,,,,,,,,,,,,,,,,,,,,,,,,,,83.7125,13.10093,1.0000001e-07,83.7125,13.10093,7.0,,,,,,,
83.7125,13.040972,0.00087758445,83.7125,13.040972,0.0007883386,,,,,,,,,,,,,,,,,,,,,,,,,,,,,,,,,,,,,,,,,,,,,,,,,,,,,,,,,,,,,83.7125,13.040972,0.38724634,83.7125,13.040972,0.33036965,,,,,,,,,,,,,,,,,83.7125,13.13091,0.011073447,83.7125,13.13091,0.007394251,,,,,,,,,,,,,,,,,,,,,,,,,,,,,83.7125,13.13091,1.0000001e-07,83.7125,13.13091,7.0,,,,,,,
83.7125,13.070951,0.0013386881,83.7125,13.070951,0.0009073329,,,,,,,,,,,,,,,,,,,,,,,,,,,,,,,,,,,,,,,,,,,,,,,,,,,,,,,,,,,,,83.7125,13.070951,1.8571943,83.7125,13.070951,0.68484485,,,,,,,,,,,,,,,,,83.7125,13.160889,0.0070060026,83.7125,13.160889,6.377283e-06,,,,,,,,,,,,,,,,,,,,,,,,,,,,,83.7125,13.160889,1.0000001e-07,83.7125,13.160889,7.0,,,,,,,
83.7125,13.10093,0.0011155733,83.7125,13.10093,0.00066934404,,,,,,,,,,,,,,,,,,,,,,,,,,,,,,,,,,,,,,,,,,,,,,,,,,,,,,,,,,,,,83.7125,13.10093,1.2061285,83.7125,13.10093,-0.07365862,,,,,,,,,,,,,,,,,83.7125,13.190868,0.021521112,83.7125,13.190868,-0.0029460778,,,,,,,,,,,,,,,,,,,,,,,,,,,,,83.7125,13.190868,1.0000001e-07,83.7125,13.190868,7.0,,,,,,,
83.7125,13.13091,0.0010263274,83.7125,13.13091,0.000951956,,,,,,,,,,,,,,,,,,,,,,,,,,,,,,,,,,,,,,,,,,,,,,,,,,,,,,,,,,,,,83.7125,13.13091,0.86004436,83.7125,13.13091,0.8712154,,,,,,,,,,,,,,,,,83.7125,13.220847,0.0070312065,83.7125,13.220847,-0.0047117323,,,,,,,,,,,,,,,,,,,,,,,,,,,,,83.7125,13.220847,1.0000001e-07,83.7125,13.220847,7.0,,,,,,,
83.7125,13.160889,0.0010263274,83.7125,13.160889,0.00072884123,,,,,,,,,,,,,,,,,,,,,,,,,,,,,,,,,,,,,,,,,,,,,,,,,,,,,,,,,,,,,83.7125,13.160889,0.9226397,83.7125,13.160889,0.097576335,,,,,,,,,,,,,,,,,83.7125,13.250827,0.0037249099,83.7125,13.250827,-0.008613382,,,,,,,,,,,,,,,,,,,,,,,,,,,,,83.7125,13.250827,1.0000001e-07,83.7125,13.250827,7.0,,,,,,,
83.7125,13.190868,0.0014279339,83.7125,13.190868,0.00072884123,,,,,,,,,,,,,,,,,,,,,,,,,,,,,,,,,,,,,,,,,,,,,,,,,,,,,,,,,,,,,83.7125,13.190868,2.1567643,83.7125,13.190868,0.12546389,,,,,,,,,,,,,,,,,83.7125,13.280806,0.009314397,83.7125,13.280806,0.00092019816,,,,,,,,,,,,,,,,,,,,,,,,,,,,,83.7125,13.280806,1.0000001e-07,83.7125,13.280806,7.0,,,,,,,
83.7125,13.220847,0.0010263275,83.7125,13.220847,0.0007437156,,,,,,,,,,,,,,,,,,,,,,,,,,,,,,,,,,,,,,,,,,,,,,,,,,,,,,,,,,,,,83.7125,13.220847,0.9225976,83.7125,13.220847,0.18309636,,,,,,,,,,,,,,,,,83.7125,13.310785,0.008042682,83.7125,13.310785,-0.00120326,,,,,,,,,,,,,,,,,,,,,,,,,,,,,83.7125,13.310785,1.0000001e-07,83.7125,13.310785,7.0,,,,,,,
83.7125,13.250827,0.0009668302,83.7125,13.250827,0.00071396696,,,,,,,,,,,,,,,,,,,,,,,,,,,,,,,,,,,,,,,,,,,,,,,,,,,,,,,,,,,,,83.7125,13.250827,0.6909093,83.7125,13.250827,0.042794544,,,,,,,,,,,,,,,,,83.7125,13.340765,0.0173088,83.7125,13.340765,-0.0005722736,,,,,,,,,,,,,,,,,,,,,,,,,,,,,83.7125,13.340765,1.0000001e-07,83.7125,13.340765,7.0,,,,,,,
83.7125,13.280806,0.0010560761,83.7125,13.280806,0.00083296135,,,,,,,,,,,,,,,,,,,,,,,,,,,,,,,,,,,,,,,,,,,,,,,,,,,,,,,,,,,,,83.7125,13.280806,0.97973084,83.7125,13.280806,0.4307855,,,,,,,,,,,,,,,,,83.7125,13.370744,0.01699986,83.7125,13.370744,0.0068072546,,,,,,,,,,,,,,,,,,,,,,,,,,,,,83.7125,13.370744,1.0000001e-07,83.7125,13.370744,7.0,,,,,,,
83.7125,13.310785,0.0010858247,83.7125,13.310785,0.0007437156,,,,,,,,,,,,,,,,,,,,,,,,,,,,,,,,,,,,,,,,,,,,,,,,,,,,,,,,,,,,,83.7125,13.310785,1.0922713,83.7125,13.310785,0.14683713,,,,,,,,,,,,,,,,,83.7125,13.400723,0.011209643,83.7125,13.400723,-0.002042184,,,,,,,,,,,,,,,,,,,,,,,,,,,,,83.7125,13.400723,1.0000001e-07,83.7125,13.400723,7.0,,,,,,,
83.7125,13.340764,0.0012494421,83.7125,13.340764,0.00080321287,,,,,,,,,,,,,,,,,,,,,,,,,,,,,,,,,,,,,,,,,,,,,,,,,,,,,,,,,,,,,83.7125,13.340764,1.5903239,83.7125,13.340764,0.37782145,,,,,,,,,,,,,,,,,83.7125,13.430702,0.014638068,83.7125,13.430702,0.00017859315,,,,,,,,,,,,,,,,,,,,,,,,,,,,,83.7125,13.430702,1.0000001e-07,83.7125,13.430702,7.0,,,,,,,
83.7125,13.370744,0.0012494421,83.7125,13.370744,0.0008924587,,,,,,,,,,,,,,,,,,,,,,,,,,,,,,,,,,,,,,,,,,,,,,,,,,,,,,,,,,,,,83.7125,13.370744,1.613192,83.7125,13.370744,0.6388829,,,,,,,,,,,,,,,,,83.7125,13.460682,0.015223879,83.7125,13.460682,-0.006027224,,,,,,,,,,,,,,,,,,,,,,,,,,,,,83.7125,13.460682,1.0000001e-07,83.7125,13.460682,7.0,,,,,,,
83.7125,13.4007225,0.0011304476,83.7125,13.4007225,0.0007437155,,,,,,,,,,,,,,,,,,,,,,,,,,,,,,,,,,,,,,,,,,,,,,,,,,,,,,,,,,,,,83.7125,13.4007225,1.2258401,83.7125,13.4007225,0.16300485,,,,,,,,,,,,,,,,,83.7125,13.490661,0.018568497,83.7125,13.490661,0.00054824044,,,,,,,,,,,,,,,,,,,,,,,,,,,,,83.7125,13.490661,1.0000001e-07,83.7125,13.490661,7.0,,,,,,,
83.7125,13.430702,0.0012643165,83.7125,13.430702,0.0008032128,,,,,,,,,,,,,,,,,,,,,,,,,,,,,,,,,,,,,,,,,,,,,,,,,,,,,,,,,,,,,83.7125,13.430702,1.6432312,83.7125,13.430702,0.34727272,,,,,,,,,,,,,,,,,83.7125,13.52064,0.0006811777,83.7125,13.52064,0.0021165258,,,,,,,,,,,,,,,,,,,,,,,,,,,,,83.7125,13.52064,1.0000001e-07,83.7125,13.52064,7.0,,,,,,,
83.7125,13.460681,0.0012196936,83.7125,13.460681,0.00065446965,,,,,,,,,,,,,,,,,,,,,,,,,,,,,,,,,,,,,,,,,,,,,,,,,,,,,,,,,,,,,83.7125,13.460681,1.4897387,83.7125,13.460681,-0.12854317,,,,,,,,,,,,,,,,,83.7125,13.550619,0.01031494,83.7125,13.550619,-0.0034732197,,,,,,,,,,,,,,,,,,,,,,,,,,,,,83.7125,13.550619,1.0000001e-07,83.7125,13.550619,7.0,,,,,,,
83.7125,13.490661,0.0012643165,83.7125,13.490661,0.0008180871,,,,,,,,,,,,,,,,,,,,,,,,,,,,,,,,,,,,,,,,,,,,,,,,,,,,,,,,,,,,,83.7125,13.490661,1.650611,83.7125,13.490661,0.41553327,,,,,,,,,,,,,,,,,83.7125,13.580599,0.016014032,83.7125,13.580599,-0.002093486,,,,,,,,,,,,,,,,,,,,,,,,,,,,,83.7125,13.580599,1.0000001e-07,83.7125,13.580599,7.0,,,,,,,
83.7125,13.520639,0.0008924587,83.7125,13.520639,0.0008180871,,,,,,,,,,,,,,,,,,,,,,,,,,,,,,,,,,,,,,,,,,,,,,,,,,,,,,,,,,,,,83.7125,13.520639,0.43912423,83.7125,13.520639,0.4169408,,,,,,,,,,,,,,,,,83.7125,13.610578,0.016903184,83.7125,13.610578,-0.00040763844,,,,,,,,,,,,,,,,,,,,,,,,,,,,,83.7125,13.610578,1.0000001e-07,83.7125,13.610578,7.0,,,,,,,
83.7125,13.550619,0.0010114532,83.7125,13.550619,0.0007288412,,,,,,,,,,,,,,,,,,,,,,,,,,,,,,,,,,,,,,,,,,,,,,,,,,,,,,,,,,,,,83.7125,13.550619,0.8309664,83.7125,13.550619,0.11536842,,,,,,,,,,,,,,,,,83.7125,13.640557,0.009325013,83.7125,13.640557,-0.0070012575,,,,,,,,,,,,,,,,,,,,,,,,,,,,,83.7125,13.640557,1.0000001e-07,83.7125,13.640557,7.0,,,,,,,
83.7125,13.580598,0.0012196936,83.7125,13.580598,0.000713967,,,,,,,,,,,,,,,,,,,,,,,,,,,,,,,,,,,,,,,,,,,,,,,,,,,,,,,,,,,,,83.7125,13.580598,1.5180737,83.7125,13.580598,0.047089763,,,,,,,,,,,,,,,,,83.7125,13.670536,0.0032613093,83.7125,13.670536,-0.0055228896,,,,,,,,,,,,,,,,,,,,,,,,,,,,,83.7125,13.670536,1.0000001e-07,83.7125,13.670536,7.0,,,,,,,
83.7125,13.610578,0.0012494422,83.7125,13.610578,0.0007734641,,,,,,,,,,,,,,,,,,,,,,,,,,,,,,,,,,,,,,,,,,,,,,,,,,,,,,,,,,,,,83.7125,13.610578,1.5907683,83.7125,13.610578,0.251672,,,,,,,,,,,,,,,,,83.7125,13.700516,0.005148196,83.7125,13.700516,-0.002108917,,,,,,,,,,,,,,,,,,,,,,,,,,,,,83.7125,13.700516,1.0000001e-07,83.7125,13.700516,7.0,,,,,,,
83.7125,13.640556,0.0010858248,83.7125,13.640556,0.00065446977,,,,,,,,,,,,,,,,,,,,,,,,,,,,,,,,,,,,,,,,,,,,,,,,,,,,,,,,,,,,,83.7125,13.640556,1.0787002,83.7125,13.640556,-0.13616648,,,,,,,,,,,,,,,,,83.7125,13.7304945,0.004253024,83.7125,13.7304945,-0.0057766605,,,,,,,,,,,,,,,,,,,,,,,,,,,,,83.7125,13.7304945,1.0000001e-07,83.7125,13.7304945,7.0,,,,,,,
83.7125,13.670536,0.0009817047,83.7125,13.670536,0.00072884123,,,,,,,,,,,,,,,,,,,,,,,,,,,,,,,,,,,,,,,,,,,,,,,,,,,,,,,,,,,,,83.7125,13.670536,0.7668429,83.7125,13.670536,0.114568606,,,,,,,,,,,,,,,,,83.7125,13.760474,0.017093176,83.7125,13.760474,0.0100011425,,,,,,,,,,,,,,,,,,,,,,,,,,,,,83.7125,13.760474,1.0000001e-07,83.7125,13.760474,7.0,,,,,,,
83.7125,13.700516,0.000951956,83.7125,13.700516,0.00074371556,,,,,,,,,,,,,,,,,,,,,,,,,,,,,,,,,,,,,,,,,,,,,,,,,,,,,,,,,,,,,83.7125,13.700516,0.6585026,83.7125,13.700516,0.15224355,,,,,,,,,,,,,,,,,83.7125,13.790453,0.013194141,83.7125,13.790453,-0.011435043,,,,,,,,,,,,,,,,,,,,,,,,,,,,,83.7125,13.790453,1.0000001e-07,83.7125,13.790453,7.0,,,,,,,
83.7125,13.7304945,0.0010263275,83.7125,13.7304945,0.0006395953,,,,,,,,,,,,,,,,,,,,,,,,,,,,,,,,,,,,,,,,,,,,,,,,,,,,,,,,,,,,,83.7125,13.7304945,0.9025331,83.7125,13.7304945,-0.17938446,,,,,,,,,,,,,,,,,83.7125,13.820433,0.019354003,83.7125,13.820433,-0.008382981,,,,,,,,,,,,,,,,,,,,,,,,,,,,,83.7125,13.820433,1.0000001e-07,83.7125,13.820433,7.0,,,,,,,
83.7125,13.760474,0.0011899449,83.7125,13.760474,0.00090733304,,,,,,,,,,,,,,,,,,,,,,,,,,,,,,,,,,,,,,,,,,,,,,,,,,,,,,,,,,,,,83.7125,13.760474,1.4283868,83.7125,13.760474,0.6930618,,,,,,,,,,,,,,,,,83.7125,13.850411,0.009950838,83.7125,13.850411,-0.0039538313,,,,,,,,,,,,,,,,,,,,,,,,,,,,,83.7125,13.850411,1.0000001e-07,83.7125,13.850411,7.0,,,,,,,
83.7125,13.790453,0.0010858248,83.7125,13.790453,0.0005652238,,,,,,,,,,,,,,,,,,,,,,,,,,,,,,,,,,,,,,,,,,,,,,,,,,,,,,,,,,,,,83.7125,13.790453,1.0557464,83.7125,13.790453,-0.43765596,,,,,,,,,,,,,,,,,83.7125,13.880391,0.010493664,83.7125,13.880391,0.00039905973,,,,,,,,,,,,,,,,,,,,,,,,,,,,,83.7125,13.880391,1.0000001e-07,83.7125,13.880391,7.0,,,,,,,
83.7125,13.820433,0.0013238136,83.7125,13.820433,0.0006247211,,,,,,,,,,,,,,,,,,,,,,,,,,,,,,,,,,,,,,,,,,,,,,,,,,,,,,,,,,,,,83.7125,13.820433,1.82078,83.7125,13.820433,-0.2415343,,,,,,,,,,,,,,,,,83.7125,13.91037,0.0013805615,83.7125,13.91037,-0.0028092389,,,,,,,,,,,,,,,,,,,,,,,,,,,,,83.7125,13.91037,1.0000001e-07,83.7125,13.91037,7.0,,,,,,,
83.7125,13.850411,0.0010412018,83.7125,13.850411,0.00072884123,,,,,,,,,,,,,,,,,,,,,,,,,,,,,,,,,,,,,,,,,,,,,,,,,,,,,,,,,,,,,83.7125,13.850411,0.924978,83.7125,13.850411,0.0945103,,,,,,,,,,,,,,,,,83.7125,13.94035,0.015660353,83.7125,13.94035,-0.0052689905,,,,,,,,,,,,,,,,,,,,,,,,,,,,,83.7125,13.94035,1.0000001e-07,83.7125,13.94035,7.0,,,,,,,
83.7125,13.880391,0.0010709506,83.7125,13.880391,0.0008032128,,,,,,,,,,,,,,,,,,,,,,,,,,,,,,,,,,,,,,,,,,,,,,,,,,,,,,,,,,,,,83.7125,13.880391,0.9786994,83.7125,13.880391,0.34283555,,,,,,,,,,,,,,,,,83.7125,13.970328,0.006206838,83.7125,13.970328,0.0028267663,,,,,,,,,,,,,,,,,,,,,,,,,,,,,83.7125,13.970328,1.0000001e-07,83.7125,13.970328,7.0,,,,,,,
83.7125,13.91037,0.00092220743,83.7125,13.91037,0.00075858994,,,,,,,,,,,,,,,,,,,,,,,,,,,,,,,,,,,,,,,,,,,,,,,,,,,,,,,,,,,,,83.7125,13.91037,0.5472339,83.7125,13.91037,0.21290648,,,,,,,,,,,,,,,,,83.7125,14.000308,0.009491914,83.7125,14.000308,-0.001819874,,,,,,,,,,,,,,,,,,,,,,,,,,,,,83.7125,14.000308,1.0000001e-07,83.7125,14.000308,7.0,,,,,,,
83.7125,13.94035,0.0011899449,83.7125,13.94035,0.00077346415,,,,,,,,,,,,,,,,,,,,,,,,,,,,,,,,,,,,,,,,,,,,,,,,,,,,,,,,,,,,,83.7125,13.94035,1.4072849,83.7125,13.94035,0.27300087,,,,,,,,,,,,,,,,,83.7125,14.030287,0.012229764,83.7125,14.030287,-0.0045215664,,,,,,,,,,,,,,,,,,,,,,,,,,,,,83.7125,14.030287,1.0000001e-07,83.7125,14.030287,7.0,,,,,,,
83.7125,13.970328,0.0008924587,83.7125,13.970328,0.0009222072,,,,,,,,,,,,,,,,,,,,,,,,,,,,,,,,,,,,,,,,,,,,,,,,,,,,,,,,,,,,,83.7125,13.970328,0.47702953,83.7125,13.970328,0.7345803,,,,,,,,,,,,,,,,,83.7125,14.0602665,0.012178782,83.7125,14.0602665,-0.005262982,,,,,,,,,,,,,,,,,,,,,,,,,,,,,83.7125,14.0602665,1.0000001e-07,83.7125,14.0602665,7.0,,,,,,,
83.7125,14.000308,0.0010709505,83.7125,14.000308,0.0007585898,,,,,,,,,,,,,,,,,,,,,,,,,,,,,,,,,,,,,,,,,,,,,,,,,,,,,,,,,,,,,83.7125,14.000308,1.0385867,83.7125,14.000308,0.23302309,,,,,,,,,,,,,,,,,83.7125,14.090245,0.018862192,83.7125,14.090245,-0.0007501138,,,,,,,,,,,,,,,,,,,,,,,,,,,,,83.7125,14.090245,1.0000001e-07,83.7125,14.090245,7.0,,,,,,,
83.7125,14.030287,0.001145322,83.7125,14.030287,0.00069909263,,,,,,,,,,,,,,,,,,,,,,,,,,,,,,,,,,,,,,,,,,,,,,,,,,,,,,,,,,,,,83.7125,14.030287,1.2480582,83.7125,14.030287,-0.010432879,,,,,,,,,,,,,,,,,83.7125,14.120225,0.00992438,83.7125,14.120225,0.003375322,,,,,,,,,,,,,,,,,,,,,,,,,,,,,83.7125,14.120225,1.0000001e-07,83.7125,14.120225,7.0,,,,,,,
83.7125,14.0602665,0.0011304476,83.7125,14.0602665,0.00072884123,,,,,,,,,,,,,,,,,,,,,,,,,,,,,,,,,,,,,,,,,,,,,,,,,,,,,,,,,,,,,83.7125,14.0602665,1.2052026,83.7125,14.0602665,0.18941122,,,,,,,,,,,,,,,,,83.7125,14.150205,0.014677625,83.7125,14.150205,-0.0021227926,,,,,,,,,,,,,,,,,,,,,,,,,,,,,83.7125,14.150205,1.0000001e-07,83.7125,14.150205,7.0,,,,,,,
83.7125,14.090245,0.0012048193,83.7125,14.090245,0.0008329614,,,,,,,,,,,,,,,,,,,,,,,,,,,,,,,,,,,,,,,,,,,,,,,,,,,,,,,,,,,,,83.7125,14.090245,1.4489099,83.7125,14.090245,0.49093008,,,,,,,,,,,,,,,,,83.7125,14.180183,0.021948399,83.7125,14.180183,0.0020569463,,,,,,,,,,,,,,,,,,,,,,,,,,,,,83.7125,14.180183,1.0000001e-07,83.7125,14.180183,7.0,,,,,,,
83.7125,14.120225,0.000996579,83.7125,14.120225,0.00083296146,,,,,,,,,,,,,,,,,,,,,,,,,,,,,,,,,,,,,,,,,,,,,,,,,,,,,,,,,,,,,83.7125,14.120225,0.8276993,83.7125,14.120225,0.45106882,,,,,,,,,,,,,,,,,83.7125,14.210163,0.019538084,83.7125,14.210163,-0.0017289446,,,,,,,,,,,,,,,,,,,,,,,,,,,,,83.7125,14.210163,1.0000001e-07,83.7125,14.210163,7.0,,,,,,,
83.7125,14.150204,0.0012048193,83.7125,14.150204,0.0007883385,,,,,,,,,,,,,,,,,,,,,,,,,,,,,,,,,,,,,,,,,,,,,,,,,,,,,,,,,,,,,83.7125,14.150204,1.4191443,83.7125,14.150204,0.329274,,,,,,,,,,,,,,,,,83.7125,14.240142,0.010584991,83.7125,14.240142,0.012675622,,,,,,,,,,,,,,,,,,,,,,,,,,,,,83.7125,14.240142,1.0000001e-07,83.7125,14.240142,7.0,,,,,,,
83.7125,14.180183,0.0011899448,83.7125,14.180183,0.0008180871,,,,,,,,,,,,,,,,,,,,,,,,,,,,,,,,,,,,,,,,,,,,,,,,,,,,,,,,,,,,,83.7125,14.180183,1.400407,83.7125,14.180183,0.39020315,,,,,,,,,,,,,,,,,83.7125,14.270122,0.018223,83.7125,14.270122,-0.0020732959,,,,,,,,,,,,,,,,,,,,,,,,,,,,,83.7125,14.270122,1.0000001e-07,83.7125,14.270122,7.0,,,,,,,
83.7125,14.210162,0.0011750706,83.7125,14.210162,0.0007883385,,,,,,,,,,,,,,,,,,,,,,,,,,,,,,,,,,,,,,,,,,,,,,,,,,,,,,,,,,,,,83.7125,14.210162,1.3858863,83.7125,14.210162,0.2850661,,,,,,,,,,,,,,,,,83.7125,14.3001,0.01779046,83.7125,14.3001,-0.0043472988,,,,,,,,,,,,,,,,,,,,,,,,,,,,,83.7125,14.3001,1.0000001e-07,83.7125,14.3001,7.0,,,,,,,
83.7125,14.240142,0.001100699,83.7125,14.240142,0.0010114531,,,,,,,,,,,,,,,,,,,,,,,,,,,,,,,,,,,,,,,,,,,,,,,,,,,,,,,,,,,,,83.7125,14.240142,1.1606098,83.7125,14.240142,1.0318972,,,,,,,,,,,,,,,,,83.7125,14.33008,0.008221481,83.7125,14.33008,0.00359777,,,,,,,,,,,,,,,,,,,,,,,,,,,,,83.7125,14.33008,1.0000001e-07,83.7125,14.33008,7.0,,,,,,,
83.7125,14.270121,0.0011601964,83.7125,14.270121,0.00071396696,,,,,,,,,,,,,,,,,,,,,,,,,,,,,,,,,,,,,,,,,,,,,,,,,,,,,,,,,,,,,83.7125,14.270121,1.2847115,83.7125,14.270121,0.063733764,,,,,,,,,,,,,,,,,83.7125,14.360059,0.007634605,83.7125,14.360059,-0.0044981265,,,,,,,,,,,,,,,,,,,,,,,,,,,,,83.7125,14.360059,1.0000001e-07,83.7125,14.360059,7.0,,,,,,,
83.7125,14.3001,0.0011453221,83.7125,14.3001,0.0007288413,,,,,,,,,,,,,,,,,,,,,,,,,,,,,,,,,,,,,,,,,,,,,,,,,,,,,,,,,,,,,83.7125,14.3001,1.2670969,83.7125,14.3001,0.13778223,,,,,,,,,,,,,,,,,83.7125,14.3900385,0.013790587,83.7125,14.3900385,0.0062105213,,,,,,,,,,,,,,,,,,,,,,,,,,,,,83.7125,14.3900385,1.0000001e-07,83.7125,14.3900385,7.0,,,,,,,
83.7125,14.330079,0.0010709505,83.7125,14.330079,0.00078833854,,,,,,,,,,,,,,,,,,,,,,,,,,,,,,,,,,,,,,,,,,,,,,,,,,,,,,,,,,,,,83.7125,14.330079,1.039581,83.7125,14.330079,0.3074703,,,,,,,,,,,,,,,,,83.7125,14.420017,0.0010221665,83.7125,14.420017,-0.0012015629,,,,,,,,,,,,,,,,,,,,,,,,,,,,,83.7125,14.420017,1.0000001e-07,83.7125,14.420017,7.0,,,,,,,
83.7125,14.360059,0.0010263275,83.7125,14.360059,0.00075858994,,,,,,,,,,,,,,,,,,,,,,,,,,,,,,,,,,,,,,,,,,,,,,,,,,,,,,,,,,,,,83.7125,14.360059,0.9064576,83.7125,14.360059,0.21629193,,,,,,,,,,,,,,,,,83.7125,14.449997,0.017156776,83.7125,14.449997,0.0008625917,,,,,,,,,,,,,,,,,,,,,,,,,,,,,83.7125,14.449997,1.0000001e-07,83.7125,14.449997,7.0,,,,,,,
83.7125,14.390038,0.0011750706,83.7125,14.390038,0.0009222073,,,,,,,,,,,,,,,,,,,,,,,,,,,,,,,,,,,,,,,,,,,,,,,,,,,,,,,,,,,,,83.7125,14.390038,1.3819388,83.7125,14.390038,0.74639475,,,,,,,,,,,,,,,,,83.7125,14.479976,0.011209488,83.7125,14.479976,0.0074840984,,,,,,,,,,,,,,,,,,,,,,,,,,,,,83.7125,14.479976,1.0000001e-07,83.7125,14.479976,7.0,,,,,,,
83.7125,14.420017,0.00084783573,83.7125,14.420017,0.0008180871,,,,,,,,,,,,,,,,,,,,,,,,,,,,,,,,,,,,,,,,,,,,,,,,,,,,,,,,,,,,,83.7125,14.420017,0.33392367,83.7125,14.420017,0.422172,,,,,,,,,,,,,,,,,83.7125,14.509955,0.0041672885,83.7125,14.509955,-0.0014729202,,,,,,,,,,,,,,,,,,,,,,,,,,,,,83.7125,14.509955,1.0000001e-07,83.7125,14.509955,7.0,,,,,,,
83.7125,14.449996,0.0011453221,83.7125,14.449996,0.00083296146,,,,,,,,,,,,,,,,,,,,,,,,,,,,,,,,,,,,,,,,,,,,,,,,,,,,,,,,,,,,,83.7125,14.449996,1.2773304,83.7125,14.449996,0.48110214,,,,,,,,,,,,,,,,,83.7125,14.539934,0.0132582765,83.7125,14.539934,-0.011508214,,,,,,,,,,,,,,,,,,,,,,,,,,,,,83.7125,14.539934,1.0000001e-07,83.7125,14.539934,7.0,,,,,,,
83.7125,14.479976,0.0010263275,83.7125,14.479976,0.0008478358,,,,,,,,,,,,,,,,,,,,,,,,,,,,,,,,,,,,,,,,,,,,,,,,,,,,,,,,,,,,,83.7125,14.479976,0.8771767,83.7125,14.479976,0.48517957,,,,,,,,,,,,,,,,,83.7125,14.569914,0.010898641,83.7125,14.569914,-0.009406455,,,,,,,,,,,,,,,,,,,,,,,,,,,,,83.7125,14.569914,1.0000001e-07,83.7125,14.569914,7.0,,,,,,,
83.7125,14.509955,0.0010412019,83.7125,14.509955,0.00075858994,,,,,,,,,,,,,,,,,,,,,,,,,,,,,,,,,,,,,,,,,,,,,,,,,,,,,,,,,,,,,83.7125,14.509955,0.91546506,83.7125,14.509955,0.23626831,,,,,,,,,,,,,,,,,83.7125,14.599893,0.019358253,83.7125,14.599893,-0.0026448187,,,,,,,,,,,,,,,,,,,,,,,,,,,,,83.7125,14.599893,1.0000001e-07,83.7125,14.599893,7.0,,,,,,,
83.7125,14.539934,0.000996579,83.7125,14.539934,0.0004908522,,,,,,,,,,,,,,,,,,,,,,,,,,,,,,,,,,,,,,,,,,,,,,,,,,,,,,,,,,,,,83.7125,14.539934,0.7892206,83.7125,14.539934,-0.67012495,,,,,,,,,,,,,,,,,83.7125,14.629872,0.0068021044,83.7125,14.629872,-0.000571544,,,,,,,,,,,,,,,,,,,,,,,,,,,,,83.7125,14.629872,1.0000001e-07,83.7125,14.629872,7.0,,,,,,,
83.7125,14.569914,0.0010858248,83.7125,14.569914,0.0006842183,,,,,,,,,,,,,,,,,,,,,,,,,,,,,,,,,,,,,,,,,,,,,,,,,,,,,,,,,,,,,83.7125,14.569914,1.0860001,83.7125,14.569914,-0.049441025,,,,,,,,,,,,,,,,,83.7125,14.659851,0.004676352,83.7125,14.659851,0.0024560029,,,,,,,,,,,,,,,,,,,,,,,,,,,,,83.7125,14.659851,1.0000001e-07,83.7125,14.659851,7.0,,,,,,,
83.7125,14.599893,0.0011899448,83.7125,14.599893,0.0006544697,,,,,,,,,,,,,,,,,,,,,,,,,,,,,,,,,,,,,,,,,,,,,,,,,,,,,,,,,,,,,83.7125,14.599893,1.4045397,83.7125,14.599893,-0.16107365,,,,,,,,,,,,,,,,,83.7125,14.689831,0.034393463,83.7125,14.689831,-0.005438097,,,,,,,,,,,,,,,,,,,,,,,,,,,,,83.7125,14.689831,1.0000001e-07,83.7125,14.689831,7.0,,,,,,,
83.7125,14.629872,0.0008924587,83.7125,14.629872,0.0007883385,,,,,,,,,,,,,,,,,,,,,,,,,,,,,,,,,,,,,,,,,,,,,,,,,,,,,,,,,,,,,83.7125,14.629872,0.47053602,83.7125,14.629872,0.28344536,,,,,,,,,,,,,,,,,83.7125,14.71981,0.014810615,83.7125,14.71981,-0.0027896867,,,,,,,,,,,,,,,,,,,,,,,,,,,,,83.7125,14.71981,1.0000001e-07,83.7125,14.71981,7.0,,,,,,,
83.7125,14.659851,0.0009817046,83.7125,14.659851,0.00087758433,,,,,,,,,,,,,,,,,,,,,,,,,,,,,,,,,,,,,,,,,,,,,,,,,,,,,,,,,,,,,83.7125,14.659851,0.73433185,83.7125,14.659851,0.5761879,,,,,,,,,,,,,,,,,83.7125,14.749789,-0.00021797874,83.7125,14.749789,-0.0061159027,,,,,,,,,,,,,,,,,,,,,,,,,,,,,83.7125,14.749789,1.0000001e-07,83.7125,14.749789,7.0,,,,,,,
83.7125,14.689831,0.0014576825,83.7125,14.689831,0.0007139669,,,,,,,,,,,,,,,,,,,,,,,,,,,,,,,,,,,,,,,,,,,,,,,,,,,,,,,,,,,,,83.7125,14.689831,2.2919657,83.7125,14.689831,0.073668204,,,,,,,,,,,,,,,,,83.7125,14.779768,0.0048379917,83.7125,14.779768,0.0044507906,,,,,,,,,,,,,,,,,,,,,,,,,,,,,83.7125,14.779768,1.0000001e-07,83.7125,14.779768,7.0,,,,,,,
83.7125,14.71981,0.001189945,83.7125,14.71981,0.0007734641,,,,,,,,,,,,,,,,,,,,,,,,,,,,,,,,,,,,,,,,,,,,,,,,,,,,,,,,,,,,,83.7125,14.71981,1.4183034,83.7125,14.71981,0.2582334,,,,,,,,,,,,,,,,,83.7125,14.809748,0.004355542,83.7125,14.809748,0.0068301056,,,,,,,,,,,,,,,,,,,,,,,,,,,,,83.7125,14.809748,1.0000001e-07,83.7125,14.809748,7.0,,,,,,,
83.7125,14.749789,0.0008329615,83.7125,14.749789,0.0007585899,,,,,,,,,,,,,,,,,,,,,,,,,,,,,,,,,,,,,,,,,,,,,,,,,,,,,,,,,,,,,83.7125,14.749789,0.27143696,83.7125,14.749789,0.22264116,,,,,,,,,,,,,,,,,83.7125,14.839726,0.015146805,83.7125,14.839726,-0.0031466323,,,,,,,,,,,,,,,,,,,,,,,,,,,,,83.7125,14.839726,1.0000001e-07,83.7125,14.839726,7.0,,,,,,,
83.7125,14.779768,0.0009817047,83.7125,14.779768,0.0008180872,,,,,,,,,,,,,,,,,,,,,,,,,,,,,,,,,,,,,,,,,,,,,,,,,,,,,,,,,,,,,83.7125,14.779768,0.7615859,83.7125,14.779768,0.39757645,,,,,,,,,,,,,,,,,83.7125,14.869706,0.0089597665,83.7125,14.869706,-0.006693722,,,,,,,,,,,,,,,,,,,,,,,,,,,,,83.7125,14.869706,1.0000001e-07,83.7125,14.869706,7.0,,,,,,,
83.7125,14.809748,0.0009817047,83.7125,14.809748,0.0008924587,,,,,,,,,,,,,,,,,,,,,,,,,,,,,,,,,,,,,,,,,,,,,,,,,,,,,,,,,,,,,83.7125,14.809748,0.7640918,83.7125,14.809748,0.6552548,,,,,,,,,,,,,,,,,83.7125,14.899685,0.010033624,83.7125,14.899685,-0.001441119,,,,,,,,,,,,,,,,,,,,,,,,,,,,,83.7125,14.899685,1.0000001e-07,83.7125,14.899685,7.0,,,,,,,
83.7125,14.839726,0.0011304478,83.7125,14.839726,0.00072884123,,,,,,,,,,,,,,,,,,,,,,,,,,,,,,,,,,,,,,,,,,,,,,,,,,,,,,,,,,,,,83.7125,14.839726,1.1998602,83.7125,14.839726,0.12295197,,,,,,,,,,,,,,,,,83.7125,14.929665,0.015130435,83.7125,14.929665,0.004293806,,,,,,,,,,,,,,,,,,,,,,,,,,,,,83.7125,14.929665,1.0000001e-07,83.7125,14.929665,7.0,,,,,,,
83.7125,14.869706,0.0010114532,83.7125,14.869706,0.0006395953,,,,,,,,,,,,,,,,,,,,,,,,,,,,,,,,,,,,,,,,,,,,,,,,,,,,,,,,,,,,,83.7125,14.869706,0.8472488,83.7125,14.869706,-0.18949464,,,,,,,,,,,,,,,,,83.7125,14.959643,0.018221613,83.7125,14.959643,-0.0067417766,,,,,,,,,,,,,,,,,,,,,,,,,,,,,83.7125,14.959643,1.0000001e-07,83.7125,14.959643,7.0,,,,,,,
83.7125,14.899685,0.0010114532,83.7125,14.899685,0.0007437155,,,,,,,,,,,,,,,,,,,,,,,,,,,,,,,,,,,,,,,,,,,,,,,,,,,,,,,,,,,,,83.7125,14.899685,0.85478735,83.7125,14.899685,0.14783645,,,,,,,,,,,,,,,,,83.7125,14.989623,0.002997861,83.7125,14.989623,0.00078765274,,,,,,,,,,,,,,,,,,,,,,,,,,,,,83.7125,14.989623,1.0000001e-07,83.7125,14.989623,7.0,,,,,,,
83.7125,14.929665,0.0011006991,83.7125,14.929665,0.00083296146,,,,,,,,,,,,,,,,,,,,,,,,,,,,,,,,,,,,,,,,,,,,,,,,,,,,,,,,,,,,,83.7125,14.929665,1.1539205,83.7125,14.929665,0.48156112,,,,,,,,,,,,,,,,,83.7125,15.019603,0.0034447624,83.7125,15.019603,-0.0031471269,,,,,,,,,,,,,,,,,,,,,,,,,,,,,83.7125,15.019603,1.0000001e-07,83.7125,15.019603,7.0,,,,,,,
83.7125,14.959643,0.0012048193,83.7125,14.959643,0.00072884123,,,,,,,,,,,,,,,,,,,,,,,,,,,,,,,,,,,,,,,,,,,,,,,,,,,,,,,,,,,,,83.7125,14.959643,1.4387358,83.7125,14.959643,0.10922832,,,,,,,,,,,,,,,,,83.7125,15.049582,0.0035297866,83.7125,15.049582,0.0075470307,,,,,,,,,,,,,,,,,,,,,,,,,,,,,83.7125,15.049582,1.0000001e-07,83.7125,15.049582,7.0,,,,,,,
83.7125,14.989623,0.0009370816,83.7125,14.989623,0.00078833854,,,,,,,,,,,,,,,,,,,,,,,,,,,,,,,,,,,,,,,,,,,,,,,,,,,,,,,,,,,,,83.7125,14.989623,0.60178006,83.7125,14.989623,0.34478965,,,,,,,,,,,,,,,,,83.7125,15.079561,0.02144459,83.7125,15.079561,-0.0028420994,,,,,,,,,,,,,,,,,,,,,,,,,,,,,83.7125,15.079561,1.0000001e-07,83.7125,15.079561,7.0,,,,,,,
83.7125,15.019602,0.0010114532,83.7125,15.019602,0.0006842183,,,,,,,,,,,,,,,,,,,,,,,,,,,,,,,,,,,,,,,,,,,,,,,,,,,,,,,,,,,,,83.7125,15.019602,0.8597488,83.7125,15.019602,-0.03970101,,,,,,,,,,,,,,,,,83.7125,15.10954,-0.005027042,83.7125,15.10954,-0.003471698,,,,,,,,,,,,,,,,,,,,,,,,,,,,,83.7125,15.10954,1.0000001e-07,83.7125,15.10954,7.0,,,,,,,
83.7125,15.049582,0.0010114531,83.7125,15.049582,0.0008180871,,,,,,,,,,,,,,,,,,,,,,,,,,,,,,,,,,,,,,,,,,,,,,,,,,,,,,,,,,,,,83.7125,15.049582,0.83906424,83.7125,15.049582,0.41101372,,,,,,,,,,,,,,,,,83.7125,15.13952,0.010918553,83.7125,15.13952,0.0058907354,,,,,,,,,,,,,,,,,,,,,,,,,,,,,83.7125,15.13952,1.0000001e-07,83.7125,15.13952,7.0,,,,,,,
83.7125,15.07956,0.0012048193,83.7125,15.07956,0.00071396696,,,,,,,,,,,,,,,,,,,,,,,,,,,,,,,,,,,,,,,,,,,,,,,,,,,,,,,,,,,,,83.7125,15.07956,1.4626788,83.7125,15.07956,0.05440733,,,,,,,,,,,,,,,,,83.7125,15.169498,0.009481369,83.7125,15.169498,-0.004066014,,,,,,,,,,,,,,,,,,,,,,,,,,,,,83.7125,15.169498,1.0000001e-07,83.7125,15.169498,7.0,,,,,,,
83.7125,15.10954,0.00068421836,83.7125,15.10954,0.0007288412,,,,,,,,,,,,,,,,,,,,,,,,,,,,,,,,,,,,,,,,,,,,,,,,,,,,,,,,,,,,,83.7125,15.10954,-0.1900105,83.7125,15.10954,0.13186145,,,,,,,,,,,,,,,,,83.7125,15.199478,0.02796904,83.7125,15.199478,-0.006544786,,,,,,,,,,,,,,,,,,,,,,,,,,,,,83.7125,15.199478,1.0000001e-07,83.7125,15.199478,7.0,,,,,,,
83.7125,15.139519,0.0009817047,83.7125,15.139519,0.00083296146,,,,,,,,,,,,,,,,,,,,,,,,,,,,,,,,,,,,,,,,,,,,,,,,,,,,,,,,,,,,,83.7125,15.139519,0.7796719,83.7125,15.139519,0.46975052,,,,,,,,,,,,,,,,,83.7125,15.229457,0.008152133,83.7125,15.229457,-0.0019755026,,,,,,,,,,,,,,,,,,,,,,,,,,,,,83.7125,15.229457,1.0000001e-07,83.7125,15.229457,7.0,,,,,,,
83.7125,15.169498,0.0010412019,83.7125,15.169498,0.00069909263,,,,,,,,,,,,,,,,,,,,,,,,,,,,,,,,,,,,,,,,,,,,,,,,,,,,,,,,,,,,,83.7125,15.169498,0.9229283,83.7125,15.169498,0.0075552296,,,,,,,,,,,,,,,,,83.7125,15.259437,0.025676722,83.7125,15.259437,0.014451896,,,,,,,,,,,,,,,,,,,,,,,,,,,,,83.7125,15.259437,1.0000001e-07,83.7125,15.259437,7.0,,,,,,,
83.7125,15.199477,0.001294065,83.7125,15.199477,0.0008032128,,,,,,,,,,,,,,,,,,,,,,,,,,,,,,,,,,,,,,,,,,,,,,,,,,,,,,,,,,,,,83.7125,15.199477,1.7426726,83.7125,15.199477,0.3310849,,,,,,,,,,,,,,,,,83.7125,15.289415,0.0122460155,83.7125,15.289415,0.0008389421,,,,,,,,,,,,,,,,,,,,,,,,,,,,,83.7125,15.289415,1.0000001e-07,83.7125,15.289415,7.0,,,,,,,
83.7125,15.229457,0.0010709505,83.7125,15.229457,0.00071396696,,,,,,,,,,,,,,,,,,,,,,,,,,,,,,,,,,,,,,,,,,,,,,,,,,,,,,,,,,,,,83.7125,15.229457,1.0215425,83.7125,15.229457,0.07025307,,,,,,,,,,,,,,,,,83.7125,15.319395,0.025821049,83.7125,15.319395,-0.0055427556,,,,,,,,,,,,,,,,,,,,,,,,,,,,,83.7125,15.319395,1.0000001e-07,83.7125,15.319395,7.0,,,,,,,
83.7125,15.259436,0.0012345678,83.7125,15.259436,0.0009668303,,,,,,,,,,,,,,,,,,,,,,,,,,,,,,,,,,,,,,,,,,,,,,,,,,,,,,,,,,,,,83.7125,15.259436,1.5461105,83.7125,15.259436,0.8663732,,,,,,,,,,,,,,,,,83.7125,15.349374,0.01920957,83.7125,15.349374,0.00070270314,,,,,,,,,,,,,,,,,,,,,,,,,,,,,83.7125,15.349374,1.0000001e-07,83.7125,15.349374,7.0,,,,,,,
83.7125,15.289415,0.0010412019,83.7125,15.289415,0.0007734642,,,,,,,,,,,,,,,,,,,,,,,,,,,,,,,,,,,,,,,,,,,,,,,,,,,,,,,,,,,,,83.7125,15.289415,0.9406469,83.7125,15.289415,0.24976847,,,,,,,,,,,,,,,,,83.7125,15.379354,0.014200051,83.7125,15.379354,0.0011041644,,,,,,,,,,,,,,,,,,,,,,,,,,,,,83.7125,15.379354,1.0000001e-07,83.7125,15.379354,7.0,,,,,,,
83.7125,15.319394,0.0012494422,83.7125,15.319394,0.0006395954,,,,,,,,,,,,,,,,,,,,,,,,,,,,,,,,,,,,,,,,,,,,,,,,,,,,,,,,,,,,,83.7125,15.319394,1.6195102,83.7125,15.319394,-0.2154828,,,,,,,,,,,,,,,,,83.7125,15.409332,0.014609234,83.7125,15.409332,0.0050105224,,,,,,,,,,,,,,,,,,,,,,,,,,,,,83.7125,15.409332,1.0000001e-07,83.7125,15.409332,7.0,,,,,,,
83.7125,15.349374,0.001189945,83.7125,15.349374,0.0007734642,,,,,,,,,,,,,,,,,,,,,,,,,,,,,,,,,,,,,,,,,,,,,,,,,,,,,,,,,,,,,83.7125,15.349374,1.4242661,83.7125,15.349374,0.22922796,,,,,,,,,,,,,,,,,83.7125,15.439312,0.009764336,83.7125,15.439312,0.0041314834,,,,,,,,,,,,,,,,,,,,,,,,,,,,,83.7125,15.439312,1.0000001e-07,83.7125,15.439312,7.0,,,,,,,
83.7125,15.379354,0.0010709504,83.7125,15.379354,0.0008180871,,,,,,,,,,,,,,,,,,,,,,,,,,,,,,,,,,,,,,,,,,,,,,,,,,,,,,,,,,,,,83.7125,15.379354,1.0375353,83.7125,15.379354,0.3981204,,,,,,,,,,,,,,,,,83.7125,15.469291,0.019696942,83.7125,15.469291,-0.001589688,,,,,,,,,,,,,,,,,,,,,,,,,,,,,83.7125,15.469291,1.0000001e-07,83.7125,15.469291,7.0,,,,,,,
83.7125,15.409332,0.0011453221,83.7125,15.409332,0.0007883385,,,,,,,,,,,,,,,,,,,,,,,,,,,,,,,,,,,,,,,,,,,,,,,,,,,,,,,,,,,,,83.7125,15.409332,1.2703893,83.7125,15.409332,0.32844126,,,,,,,,,,,,,,,,,83.7125,15.49927,0.008096408,83.7125,15.49927,-0.0017039191,,,,,,,,,,,,,,,,,,,,,,,,,,,,,83.7125,15.49927,1.0000001e-07,83.7125,15.49927,7.0,,,,,,,
83.7125,15.439312,0.0009817046,83.7125,15.439312,0.0008180872,,,,,,,,,,,,,,,,,,,,,,,,,,,,,,,,,,,,,,,,,,,,,,,,,,,,,,,,,,,,,83.7125,15.439312,0.76188636,83.7125,15.439312,0.4245912,,,,,,,,,,,,,,,,,83.7125,15.529249,0.009283739,83.7125,15.529249,-0.0028364013,,,,,,,,,,,,,,,,,,,,,,,,,,,,,83.7125,15.529249,1.0000001e-07,83.7125,15.529249,7.0,,,,,,,
83.7125,15.469291,0.0011601964,83.7125,15.469291,0.00071396696,,,,,,,,,,,,,,,,,,,,,,,,,,,,,,,,,,,,,,,,,,,,,,,,,,,,,,,,,,,,,83.7125,15.469291,1.2724165,83.7125,15.469291,0.0758159,,,,,,,,,,,,,,,,,83.7125,15.559229,-0.007928835,83.7125,15.559229,0.0011114497,,,,,,,,,,,,,,,,,,,,,,,,,,,,,83.7125,15.559229,1.0000001e-07,83.7125,15.559229,7.0,,,,,,,
83.7125,15.49927,0.0009817047,83.7125,15.49927,0.00072884123,,,,,,,,,,,,,,,,,,,,,,,,,,,,,,,,,,,,,,,,,,,,,,,,,,,,,,,,,,,,,83.7125,15.49927,0.7435614,83.7125,15.49927,0.09963025,,,,,,,,,,,,,,,,,83.7125,15.589208,0.004214271,83.7125,15.589208,0.005041397,,,,,,,,,,,,,,,,,,,,,,,,,,,,,83.7125,15.589208,1.0000001e-07,83.7125,15.589208,7.0,,,,,,,
83.7125,15.529249,0.0009817047,83.7125,15.529249,0.0006544697,,,,,,,,,,,,,,,,,,,,,,,,,,,,,,,,,,,,,,,,,,,,,,,,,,,,,,,,,,,,,83.7125,15.529249,0.74160767,83.7125,15.529249,-0.1460537,,,,,,,,,,,,,,,,,83.7125,15.619187,-0.0016460828,83.7125,15.619187,-0.0074290093,,,,,,,,,,,,,,,,,,,,,,,,,,,,,83.7125,15.619187,1.0000001e-07,83.7125,15.619187,7.0,,,,,,,
83.7125,15.559229,0.00080321287,83.7125,15.559229,0.0007734642,,,,,,,,,,,,,,,,,,,,,,,,,,,,,,,,,,,,,,,,,,,,,,,,,,,,,,,,,,,,,83.7125,15.559229,0.1678912,83.7125,15.559229,0.26842165,,,,,,,,,,,,,,,,,83.7125,15.649166,-0.006897049,83.7125,15.649166,0.013637527,,,,,,,,,,,,,,,,,,,,,,,,,,,,,83.7125,15.649166,1.0000001e-07,83.7125,15.649166,7.0,,,,,,,
83.7125,15.589208,0.00086271006,83.7125,15.589208,0.00087758433,,,,,,,,,,,,,,,,,,,,,,,,,,,,,,,,,,,,,,,,,,,,,,,,,,,,,,,,,,,,,83.7125,15.589208,0.3697479,83.7125,15.589208,0.6152098,,,,,,,,,,,,,,,,,83.7125,15.679146,-0.0023118798,83.7125,15.679146,-0.0023238407,,,,,,,,,,,,,,,,,,,,,,,,,,,,,83.7125,15.679146,1.0000001e-07,83.7125,15.679146,7.0,,,,,,,
83.7125,15.619187,0.0007437155,83.7125,15.619187,0.00066934404,,,,,,,,,,,,,,,,,,,,,,,,,,,,,,,,,,,,,,,,,,,,,,,,,,,,,,,,,,,,,83.7125,15.619187,-0.013936017,83.7125,15.619187,-0.09975668,,,,,,,,,,,,,,,,,83.7125,15.709125,0.00602561,83.7125,15.709125,-0.009299114,,,,,,,,,,,,,,,,,,,,,,,,,,,,,83.7125,15.709125,1.0000001e-07,83.7125,15.709125,7.0,,,,,,,
83.7125,15.649166,0.0007883384,83.7125,15.649166,0.000996579,,,,,,,,,,,,,,,,,,,,,,,,,,,,,,,,,,,,,,,,,,,,,,,,,,,,,,,,,,,,,83.7125,15.649166,0.14835677,83.7125,15.649166,1.0000863,,,,,,,,,,,,,,,,,83.7125,15.739104,0.012967768,83.7125,15.739104,-0.0035727965,,,,,,,,,,,,,,,,,,,,,,,,,,,,,83.7125,15.739104,1.0000001e-07,83.7125,15.739104,7.0,,,,,,,
83.7125,15.679146,0.00087758445,83.7125,15.679146,0.0007585898,,,,,,,,,,,,,,,,,,,,,,,,,,,,,,,,,,,,,,,,,,,,,,,,,,,,,,,,,,,,,83.7125,15.679146,0.4011249,83.7125,15.679146,0.23314881,,,,,,,,,,,,,,,,,83.7125,15.769083,0.016839119,83.7125,15.769083,0.004190398,,,,,,,,,,,,,,,,,,,,,,,,,,,,,83.7125,15.769083,1.0000001e-07,83.7125,15.769083,7.0,,,,,,,
83.7125,15.709125,0.00086271006,83.7125,15.709125,0.0005949724,,,,,,,,,,,,,,,,,,,,,,,,,,,,,,,,,,,,,,,,,,,,,,,,,,,,,,,,,,,,,83.7125,15.709125,0.37687245,83.7125,15.709125,-0.35158345,,,,,,,,,,,,,,,,,83.7125,15.799063,0.010182394,83.7125,15.799063,-0.01209132,,,,,,,,,,,,,,,,,,,,,,,,,,,,,83.7125,15.799063,1.0000001e-07,83.7125,15.799063,7.0,,,,,,,
83.7125,15.739104,0.0009817047,83.7125,15.739104,0.0007734641,,,,,,,,,,,,,,,,,,,,,,,,,,,,,,,,,,,,,,,,,,,,,,,,,,,,,,,,,,,,,83.7125,15.739104,0.7536196,83.7125,15.739104,0.2612008,,,,,,,,,,,,,,,,,83.7125,15.829042,0.010448989,83.7125,15.829042,-0.011265597,,,,,,,,,,,,,,,,,,,,,,,,,,,,,83.7125,15.829042,1.0000001e-07,83.7125,15.829042,7.0,,,,,,,
83.7125,15.769083,0.001100699,83.7125,15.769083,0.00078833854,,,,,,,,,,,,,,,,,,,,,,,,,,,,,,,,,,,,,,,,,,,,,,,,,,,,,,,,,,,,,83.7125,15.769083,1.123952,83.7125,15.769083,0.3143196,,,,,,,,,,,,,,,,,83.7125,15.859021,-0.002128889,83.7125,15.859021,-0.008315868,,,,,,,,,,,,,,,,,,,,,,,,,,,,,83.7125,15.859021,1.0000001e-07,83.7125,15.859021,7.0,,,,,,,
83.7125,15.799063,0.0009519559,83.7125,15.799063,0.0006098467,,,,,,,,,,,,,,,,,,,,,,,,,,,,,,,,,,,,,,,,,,,,,,,,,,,,,,,,,,,,,83.7125,15.799063,0.6541102,83.7125,15.799063,-0.27614412,,,,,,,,,,,,,,,,,83.7125,15.889001,0.005758787,83.7125,15.889001,0.0040264213,,,,,,,,,,,,,,,,,,,,,,,,,,,,,83.7125,15.889001,1.0000001e-07,83.7125,15.889001,7.0,,,,,,,
83.7125,15.8290415,0.0009817046,83.7125,15.8290415,0.0005949724,,,,,,,,,,,,,,,,,,,,,,,,,,,,,,,,,,,,,,,,,,,,,,,,,,,,,,,,,,,,,83.7125,15.8290415,0.74728787,83.7125,15.8290415,-0.32955116,,,,,,,,,,,,,,,,,83.7125,15.91898,0.0005569482,83.7125,15.91898,-0.006973487,,,,,,,,,,,,,,,,,,,,,,,,,,,,,83.7125,15.91898,1.0000001e-07,83.7125,15.91898,7.0,,,,,,,
83.7125,15.859021,0.00071396696,83.7125,15.859021,0.00066934404,,,,,,,,,,,,,,,,,,,,,,,,,,,,,,,,,,,,,,,,,,,,,,,,,,,,,,,,,,,,,83.7125,15.859021,-0.11080996,83.7125,15.859021,-0.066847295,,,,,,,,,,,,,,,,,83.7125,15.948959,0.0025136338,83.7125,15.948959,0.0013861828,,,,,,,,,,,,,,,,,,,,,,,,,,,,,83.7125,15.948959,1.0000001e-07,83.7125,15.948959,7.0,,,,,,,
83.7125,15.889,0.00087758445,83.7125,15.889,0.0007734642,,,,,,,,,,,,,,,,,,,,,,,,,,,,,,,,,,,,,,,,,,,,,,,,,,,,,,,,,,,,,83.7125,15.889,0.44811004,83.7125,15.889,0.26485083,,,,,,,,,,,,,,,,,83.7125,15.978938,0.0002438128,83.7125,15.978938,-0.005386761,,,,,,,,,,,,,,,,,,,,,,,,,,,,,83.7125,15.978938,1.0000001e-07,83.7125,15.978938,7.0,,,,,,,
83.7125,15.91898,0.00087758433,83.7125,15.91898,0.0006693439,,,,,,,,,,,,,,,,,,,,,,,,,,,,,,,,,,,,,,,,,,,,,,,,,,,,,,,,,,,,,83.7125,15.91898,0.4405917,83.7125,15.91898,-0.07670483,,,,,,,,,,,,,,,,,83.7125,16.008917,0.0036084172,83.7125,16.008917,-0.004763998,,,,,,,,,,,,,,,,,,,,,,,,,,,,,83.7125,16.008917,1.0000001e-07,83.7125,16.008917,7.0,,,,,,,
83.7125,15.948958,0.00090733304,83.7125,15.948958,0.0007734642,,,,,,,,,,,,,,,,,,,,,,,,,,,,,,,,,,,,,,,,,,,,,,,,,,,,,,,,,,,,,83.7125,15.948958,0.5081963,83.7125,15.948958,0.25626183,,,,,,,,,,,,,,,,,83.7125,16.038897,0.011172095,83.7125,16.038897,0.0042785886,,,,,,,,,,,,,,,,,,,,,,,,,,,,,83.7125,16.038897,1.0000001e-07,83.7125,16.038897,7.0,,,,,,,
83.7125,15.978938,0.000818087,83.7125,15.978938,0.000713967,,,,,,,,,,,,,,,,,,,,,,,,,,,,,,,,,,,,,,,,,,,,,,,,,,,,,,,,,,,,,83.7125,15.978938,0.2522006,83.7125,15.978938,0.046002384,,,,,,,,,,,,,,,,,83.7125,16.068876,0.013538411,83.7125,16.068876,0.0038323302,,,,,,,,,,,,,,,,,,,,,,,,,,,,,83.7125,16.068876,1.0000001e-07,83.7125,16.068876,7.0,,,,,,,
83.7125,16.008917,0.0008924587,83.7125,16.008917,0.0007883384,,,,,,,,,,,,,,,,,,,,,,,,,,,,,,,,,,,,,,,,,,,,,,,,,,,,,,,,,,,,,83.7125,16.008917,0.46030957,83.7125,16.008917,0.3110027,,,,,,,,,,,,,,,,,83.7125,16.098856,0.008177579,83.7125,16.098856,0.0058740284,,,,,,,,,,,,,,,,,,,,,,,,,,,,,83.7125,16.098856,1.0000001e-07,83.7125,16.098856,7.0,,,,,,,
83.7125,16.038897,0.0010114532,83.7125,16.038897,0.00083296146,,,,,,,,,,,,,,,,,,,,,,,,,,,,,,,,,,,,,,,,,,,,,,,,,,,,,,,,,,,,,83.7125,16.038897,0.8541379,83.7125,16.038897,0.42860878,,,,,,,,,,,,,,,,,83.7125,16.128834,0.0043390547,83.7125,16.128834,0.0036746492,,,,,,,,,,,,,,,,,,,,,,,,,,,,,83.7125,16.128834,1.0000001e-07,83.7125,16.128834,7.0,,,,,,,
83.7125,16.068876,0.0010412018,83.7125,16.068876,0.0008180871,,,,,,,,,,,,,,,,,,,,,,,,,,,,,,,,,,,,,,,,,,,,,,,,,,,,,,,,,,,,,83.7125,16.068876,0.94890106,83.7125,16.068876,0.41616464,,,,,,,,,,,,,,,,,83.7125,16.158813,0.003928323,83.7125,16.158813,0.013833404,,,,,,,,,,,,,,,,,,,,,,,,,,,,,83.7125,16.158813,1.0000001e-07,83.7125,16.158813,7.0,,,,,,,
83.7125,16.098854,0.0009668304,83.7125,16.098854,0.00087758445,,,,,,,,,,,,,,,,,,,,,,,,,,,,,,,,,,,,,,,,,,,,,,,,,,,,,,,,,,,,,83.7125,16.098854,0.67789966,83.7125,16.098854,0.6042247,,,,,,,,,,,,,,,,,83.7125,16.188793,0.016638687,83.7125,16.188793,0.0034455184,,,,,,,,,,,,,,,,,,,,,,,,,,,,,83.7125,16.188793,1.0000001e-07,83.7125,16.188793,7.0,,,,,,,
83.7125,16.128834,0.00084783573,83.7125,16.128834,0.0008180871,,,,,,,,,,,,,,,,,,,,,,,,,,,,,,,,,,,,,,,,,,,,,,,,,,,,,,,,,,,,,83.7125,16.128834,0.32713613,83.7125,16.128834,0.40018356,,,,,,,,,,,,,,,,,83.7125,16.218773,0.012423188,83.7125,16.218773,-0.008836354,,,,,,,,,,,,,,,,,,,,,,,,,,,,,83.7125,16.218773,1.0000001e-07,83.7125,16.218773,7.0,,,,,,,
83.7125,16.158813,0.00081808714,83.7125,16.158813,0.0008924587,,,,,,,,,,,,,,,,,,,,,,,,,,,,,,,,,,,,,,,,,,,,,,,,,,,,,,,,,,,,,83.7125,16.158813,0.24297026,83.7125,16.158813,0.66163826,,,,,,,,,,,,,,,,,83.7125,16.24875,-0.0026962992,83.7125,16.24875,0.0072987806,,,,,,,,,,,,,,,,,,,,,,,,,,,,,83.7125,16.24875,1.0000001e-07,83.7125,16.24875,7.0,,,,,,,
83.7125,16.188793,0.0009668303,83.7125,16.188793,0.00081808714,,,,,,,,,,,,,,,,,,,,,,,,,,,,,,,,,,,,,,,,,,,,,,,,,,,,,,,,,,,,,83.7125,16.188793,0.68513656,83.7125,16.188793,0.4014936,,,,,,,,,,,,,,,,,83.7125,16.27873,0.008087756,83.7125,16.27873,0.0075891707,,,,,,,,,,,,,,,,,,,,,,,,,,,,,83.7125,16.27873,1.0000001e-07,83.7125,16.27873,7.0,,,,,,,
83.7125,16.218773,0.000996579,83.7125,16.218773,0.0007288413,,,,,,,,,,,,,,,,,,,,,,,,,,,,,,,,,,,,,,,,,,,,,,,,,,,,,,,,,,,,,83.7125,16.218773,0.79828066,83.7125,16.218773,0.1267862,,,,,,,,,,,,,,,,,83.7125,16.30871,0.005438839,83.7125,16.30871,-0.0067621823,,,,,,,,,,,,,,,,,,,,,,,,,,,,,83.7125,16.30871,1.0000001e-07,83.7125,16.30871,7.0,,,,,,,
83.7125,16.24875,0.00084783573,83.7125,16.24875,0.0008478358,,,,,,,,,,,,,,,,,,,,,,,,,,,,,,,,,,,,,,,,,,,,,,,,,,,,,,,,,,,,,83.7125,16.24875,0.34337056,83.7125,16.24875,0.4950392,,,,,,,,,,,,,,,,,83.7125,16.33869,-0.0049014236,83.7125,16.33869,-0.0086840205,,,,,,,,,,,,,,,,,,,,,,,,,,,,,83.7125,16.33869,1.0000001e-07,83.7125,16.33869,7.0,,,,,,,
83.7125,16.27873,0.00090733304,83.7125,16.27873,0.0008180871,,,,,,,,,,,,,,,,,,,,,,,,,,,,,,,,,,,,,,,,,,,,,,,,,,,,,,,,,,,,,83.7125,16.27873,0.51793647,83.7125,16.27873,0.39909184,,,,,,,,,,,,,,,,,83.7125,16.368668,0.016173935,83.7125,16.368668,0.0035224739,,,,,,,,,,,,,,,,,,,,,,,,,,,,,83.7125,16.368668,1.0000001e-07,83.7125,16.368668,7.0,,,,,,,
83.7125,16.30871,0.00093708164,83.7125,16.30871,0.00069909263,,,,,,,,,,,,,,,,,,,,,,,,,,,,,,,,,,,,,,,,,,,,,,,,,,,,,,,,,,,,,83.7125,16.30871,0.6009215,83.7125,16.30871,-0.0023267334,,,,,,,,,,,,,,,,,83.7125,16.398647,0.01961607,83.7125,16.398647,0.007452639,,,,,,,,,,,,,,,,,,,,,,,,,,,,,83.7125,16.398647,1.0000001e-07,83.7125,16.398647,7.0,,,,,,,
83.7125,16.33869,0.00072884123,83.7125,16.33869,0.0006544697,,,,,,,,,,,,,,,,,,,,,,,,,,,,,,,,,,,,,,,,,,,,,,,,,,,,,,,,,,,,,83.7125,16.33869,-0.0791581,83.7125,16.33869,-0.14430703,,,,,,,,,,,,,,,,,83.7125,16.428627,0.015826479,83.7125,16.428627,-0.006793945,,,,,,,,,,,,,,,,,,,,,,,,,,,,,83.7125,16.428627,1.0000001e-07,83.7125,16.428627,7.0,,,,,,,
83.7125,16.368668,0.0010560763,83.7125,16.368668,0.0007883385,,,,,,,,,,,,,,,,,,,,,,,,,,,,,,,,,,,,,,,,,,,,,,,,,,,,,,,,,,,,,83.7125,16.368668,1.0073884,83.7125,16.368668,0.29458255,,,,,,,,,,,,,,,,,83.7125,16.458607,0.008088095,83.7125,16.458607,0.014274385,,,,,,,,,,,,,,,,,,,,,,,,,,,,,83.7125,16.458607,1.0000001e-07,83.7125,16.458607,7.0,,,,,,,
83.7125,16.398647,0.0010858248,83.7125,16.398647,0.0008180871,,,,,,,,,,,,,,,,,,,,,,,,,,,,,,,,,,,,,,,,,,,,,,,,,,,,,,,,,,,,,83.7125,16.398647,1.0672648,83.7125,16.398647,0.39770085,,,,,,,,,,,,,,,,,83.7125,16.488585,0.019613467,83.7125,16.488585,0.00188781,,,,,,,,,,,,,,,,,,,,,,,,,,,,,83.7125,16.488585,1.0000001e-07,83.7125,16.488585,7.0,,,,,,,
83.7125,16.428627,0.0009817047,83.7125,16.428627,0.0007139669,,,,,,,,,,,,,,,,,,,,,,,,,,,,,,,,,,,,,,,,,,,,,,,,,,,,,,,,,,,,,83.7125,16.428627,0.78459024,83.7125,16.428627,0.06347439,,,,,,,,,,,,,,,,,83.7125,16.518564,-0.0049605956,83.7125,16.518564,0.00090413925,,,,,,,,,,,,,,,,,,,,,,,,,,,,,83.7125,16.518564,1.0000001e-07,83.7125,16.518564,7.0,,,,,,,
83.7125,16.458607,0.0010114531,83.7125,16.458607,0.0009519559,,,,,,,,,,,,,,,,,,,,,,,,,,,,,,,,,,,,,,,,,,,,,,,,,,,,,,,,,,,,,83.7125,16.458607,0.81878674,83.7125,16.458607,0.8248354,,,,,,,,,,,,,,,,,83.7125,16.548544,0.019386914,83.7125,16.548544,0.013756062,,,,,,,,,,,,,,,,,,,,,,,,,,,,,83.7125,16.548544,1.0000001e-07,83.7125,16.548544,7.0,,,,,,,
83.7125,16.488585,0.0010709505,83.7125,16.488585,0.00084783573,,,,,,,,,,,,,,,,,,,,,,,,,,,,,,,,,,,,,,,,,,,,,,,,,,,,,,,,,,,,,83.7125,16.488585,1.0787883,83.7125,16.488585,0.51324767,,,,,,,,,,,,,,,,,83.7125,16.578524,0.006650636,83.7125,16.578524,-0.012180889,,,,,,,,,,,,,,,,,,,,,,,,,,,,,83.7125,16.578524,1.0000001e-07,83.7125,16.578524,7.0,,,,,,,
83.7125,16.518564,0.00069909263,83.7125,16.518564,0.00072884123,,,,,,,,,,,,,,,,,,,,,,,,,,,,,,,,,,,,,,,,,,,,,,,,,,,,,,,,,,,,,83.7125,16.518564,-0.13817126,83.7125,16.518564,0.114381805,,,,,,,,,,,,,,,,,83.7125,16.608501,-0.00045096583,83.7125,16.608501,-0.004644586,,,,,,,,,,,,,,,,,,,,,,,,,,,,,83.7125,16.608501,1.0000001e-07,83.7125,16.608501,7.0,,,,,,,
83.7125,16.548544,0.0011155733,83.7125,16.548544,0.00092220743,,,,,,,,,,,,,,,,,,,,,,,,,,,,,,,,,,,,,,,,,,,,,,,,,,,,,,,,,,,,,83.7125,16.548544,1.1805847,83.7125,16.548544,0.7527515,,,,,,,,,,,,,,,,,83.7125,16.638481,0.015236836,83.7125,16.638481,-0.0070632463,,,,,,,,,,,,,,,,,,,,,,,,,,,,,83.7125,16.638481,1.0000001e-07,83.7125,16.638481,7.0,,,,,,,
83.7125,16.578524,0.0009519559,83.7125,16.578524,0.0006842183,,,,,,,,,,,,,,,,,,,,,,,,,,,,,,,,,,,,,,,,,,,,,,,,,,,,,,,,,,,,,83.7125,16.578524,0.6524925,83.7125,16.578524,-0.026063409,,,,,,,,,,,,,,,,,83.7125,16.66846,0.0071097654,83.7125,16.66846,0.0021838134,,,,,,,,,,,,,,,,,,,,,,,,,,,,,83.7125,16.66846,1.0000001e-07,83.7125,16.66846,7.0,,,,,,,
83.7125,16.608501,0.0008180871,83.7125,16.608501,0.00062472105,,,,,,,,,,,,,,,,,,,,,,,,,,,,,,,,,,,,,,,,,,,,,,,,,,,,,,,,,,,,,83.7125,16.608501,0.2359222,83.7125,16.608501,-0.26285946,,,,,,,,,,,,,,,,,83.7125,16.69844,0.0053350744,83.7125,16.69844,0.022706518,,,,,,,,,,,,,,,,,,,,,,,,,,,,,83.7125,16.69844,1.0000001e-07,83.7125,16.69844,7.0,,,,,,,
83.7125,16.638481,0.0010263276,83.7125,16.638481,0.00072884123,,,,,,,,,,,,,,,,,,,,,,,,,,,,,,,,,,,,,,,,,,,,,,,,,,,,,,,,,,,,,83.7125,16.638481,0.8525947,83.7125,16.638481,0.1014321,,,,,,,,,,,,,,,,,83.7125,16.72842,0.009446587,83.7125,16.72842,0.0035083038,,,,,,,,,,,,,,,,,,,,,,,,,,,,,83.7125,16.72842,1.0000001e-07,83.7125,16.72842,7.0,,,,,,,
83.7125,16.66846,0.000996579,83.7125,16.66846,0.00071396696,,,,,,,,,,,,,,,,,,,,,,,,,,,,,,,,,,,,,,,,,,,,,,,,,,,,,,,,,,,,,83.7125,16.66846,0.80378675,83.7125,16.66846,0.038691744,,,,,,,,,,,,,,,,,83.7125,16.758398,0.00035190617,83.7125,16.758398,-0.0064082914,,,,,,,,,,,,,,,,,,,,,,,,,,,,,83.7125,16.758398,1.0000001e-07,83.7125,16.758398,7.0,,,,,,,
83.7125,16.69844,0.00087758445,83.7125,16.69844,0.0010263274,,,,,,,,,,,,,,,,,,,,,,,,,,,,,,,,,,,,,,,,,,,,,,,,,,,,,,,,,,,,,83.7125,16.69844,0.40419117,83.7125,16.69844,1.115218,,,,,,,,,,,,,,,,,83.7125,16.788378,-0.002362403,83.7125,16.788378,-0.004712857,,,,,,,,,,,,,,,,,,,,,,,,,,,,,83.7125,16.788378,1.0000001e-07,83.7125,16.788378,7.0,,,,,,,
83.7125,16.728418,0.000951956,83.7125,16.728418,0.0007734642,,,,,,,,,,,,,,,,,,,,,,,,,,,,,,,,,,,,,,,,,,,,,,,,,,,,,,,,,,,,,83.7125,16.728418,0.67038774,83.7125,16.728418,0.26406363,,,,,,,,,,,,,,,,,83.7125,16.818357,0.00032958307,83.7125,16.818357,0.01420546,,,,,,,,,,,,,,,,,,,,,,,,,,,,,83.7125,16.818357,1.0000001e-07,83.7125,16.818357,7.0,,,,,,,
83.7125,16.758398,0.0007883385,83.7125,16.758398,0.00065446965,,,,,,,,,,,,,,,,,,,,,,,,,,,,,,,,,,,,,,,,,,,,,,,,,,,,,,,,,,,,,83.7125,16.758398,0.13752967,83.7125,16.758398,-0.12942834,,,,,,,,,,,,,,,,,83.7125,16.848337,0.007888581,83.7125,16.848337,0.0035250382,,,,,,,,,,,,,,,,,,,,,,,,,,,,,83.7125,16.848337,1.0000001e-07,83.7125,16.848337,7.0,,,,,,,
83.7125,16.788378,0.00084783573,83.7125,16.788378,0.000669344,,,,,,,,,,,,,,,,,,,,,,,,,,,,,,,,,,,,,,,,,,,,,,,,,,,,,,,,,,,,,83.7125,16.788378,0.3452546,83.7125,16.788378,-0.06958934,,,,,,,,,,,,,,,,,83.7125,16.878315,0.007150151,83.7125,16.878315,-0.002061458,,,,,,,,,,,,,,,,,,,,,,,,,,,,,83.7125,16.878315,1.0000001e-07,83.7125,16.878315,7.0,,,,,,,
83.7125,16.818357,0.0007585899,83.7125,16.818357,0.0009222073,,,,,,,,,,,,,,,,,,,,,,,,,,,,,,,,,,,,,,,,,,,,,,,,,,,,,,,,,,,,,83.7125,16.818357,0.027408758,83.7125,16.818357,0.75256807,,,,,,,,,,,,,,,,,83.7125,16.908295,-0.00765671,83.7125,16.908295,0.0146220885,,,,,,,,,,,,,,,,,,,,,,,,,,,,,83.7125,16.908295,1.0000001e-07,83.7125,16.908295,7.0,,,,,,,
83.7125,16.848335,0.00093708164,83.7125,16.848335,0.0007734643,,,,,,,,,,,,,,,,,,,,,,,,,,,,,,,,,,,,,,,,,,,,,,,,,,,,,,,,,,,,,83.7125,16.848335,0.6243297,83.7125,16.848335,0.24924082,,,,,,,,,,,,,,,,,83.7125,16.938274,0.035908516,83.7125,16.938274,0.009232708,,,,,,,,,,,,,,,,,,,,,,,,,,,,,83.7125,16.938274,1.0000001e-07,83.7125,16.938274,7.0,,,,,,,
83.7125,16.878315,0.0008924587,83.7125,16.878315,0.000669344,,,,,,,,,,,,,,,,,,,,,,,,,,,,,,,,,,,,,,,,,,,,,,,,,,,,,,,,,,,,,83.7125,16.878315,0.44500208,83.7125,16.878315,-0.08659104,,,,,,,,,,,,,,,,,83.7125,16.968254,0.0036556986,83.7125,16.968254,0.0047200876,,,,,,,,,,,,,,,,,,,,,,,,,,,,,83.7125,16.968254,1.0000001e-07,83.7125,16.968254,7.0,,,,,,,
83.7125,16.908295,0.00080321287,83.7125,16.908295,0.0009519559,,,,,,,,,,,,,,,,,,,,,,,,,,,,,,,,,,,,,,,,,,,,,,,,,,,,,,,,,,,,,83.7125,16.908295,0.1740306,83.7125,16.908295,0.8541878,,,,,,,,,,,,,,,,,83.7125,16.998232,0.015219859,83.7125,16.998232,-0.0031047042,,,,,,,,,,,,,,,,,,,,,,,,,,,,,83.7125,16.998232,1.0000001e-07,83.7125,16.998232,7.0,,,,,,,
83.7125,16.938274,0.0013238138,83.7125,16.938274,0.00090733316,,,,,,,,,,,,,,,,,,,,,,,,,,,,,,,,,,,,,,,,,,,,,,,,,,,,,,,,,,,,,83.7125,16.938274,1.8476576,83.7125,16.938274,0.72260976,,,,,,,,,,,,,,,,,83.7125,17.028212,0.017904047,83.7125,17.028212,0.0010139814,,,,,,,,,,,,,,,,,,,,,,,,,,,,,83.7125,17.028212,1.0000001e-07,83.7125,17.028212,7.0,,,,,,,
83.7125,16.968252,0.00093708164,83.7125,16.968252,0.0008180871,,,,,,,,,,,,,,,,,,,,,,,,,,,,,,,,,,,,,,,,,,,,,,,,,,,,,,,,,,,,,83.7125,16.968252,0.6138818,83.7125,16.968252,0.43091857,,,,,,,,,,,,,,,,,83.7125,17.058191,-0.0010962135,83.7125,17.058191,-0.009199954,,,,,,,,,,,,,,,,,,,,,,,,,,,,,83.7125,17.058191,1.0000001e-07,83.7125,17.058191,7.0,,,,,,,
83.7125,16.998232,0.0011155733,83.7125,16.998232,0.0007585899,,,,,,,,,,,,,,,,,,,,,,,,,,,,,,,,,,,,,,,,,,,,,,,,,,,,,,,,,,,,,83.7125,16.998232,1.1967859,83.7125,16.998232,0.1831384,,,,,,,,,,,,,,,,,83.7125,17.088171,0.0076124603,83.7125,17.088171,0.00032373736,,,,,,,,,,,,,,,,,,,,,,,,,,,,,83.7125,17.088171,1.0000001e-07,83.7125,17.088171,7.0,,,,,,,
83.7125,17.028212,0.0010412019,83.7125,17.028212,0.00083296135,,,,,,,,,,,,,,,,,,,,,,,,,,,,,,,,,,,,,,,,,,,,,,,,,,,,,,,,,,,,,83.7125,17.028212,0.92220306,83.7125,17.028212,0.46019635,,,,,,,,,,,,,,,,,83.7125,17.118149,0.008154113,83.7125,17.118149,0.013573314,,,,,,,,,,,,,,,,,,,,,,,,,,,,,83.7125,17.118149,1.0000001e-07,83.7125,17.118149,7.0,,,,,,,
83.7125,17.058191,0.0008032128,83.7125,17.058191,0.0006098468,,,,,,,,,,,,,,,,,,,,,,,,,,,,,,,,,,,,,,,,,,,,,,,,,,,,,,,,,,,,,83.7125,17.058191,0.1866061,83.7125,17.058191,-0.27433965,,,,,,,,,,,,,,,,,83.7125,17.148129,0.012260642,83.7125,17.148129,0.0041039134,,,,,,,,,,,,,,,,,,,,,,,,,,,,,83.7125,17.148129,1.0000001e-07,83.7125,17.148129,7.0,,,,,,,
83.7125,17.088171,0.0009073329,83.7125,17.088171,0.00080321287,,,,,,,,,,,,,,,,,,,,,,,,,,,,,,,,,,,,,,,,,,,,,,,,,,,,,,,,,,,,,83.7125,17.088171,0.5443094,83.7125,17.088171,0.33762628,,,,,,,,,,,,,,,,,83.7125,17.178108,-0.008512402,83.7125,17.178108,0.009986474,,,,,,,,,,,,,,,,,,,,,,,,,,,,,83.7125,17.178108,1.0000001e-07,83.7125,17.178108,7.0,,,,,,,
83.7125,17.118149,0.000951956,83.7125,17.118149,0.0009222073,,,,,,,,,,,,,,,,,,,,,,,,,,,,,,,,,,,,,,,,,,,,,,,,,,,,,,,,,,,,,83.7125,17.118149,0.6454863,83.7125,17.118149,0.7583698,,,,,,,,,,,,,,,,,83.7125,17.208088,0.032533184,83.7125,17.208088,-0.0102464855,,,,,,,,,,,,,,,,,,,,,,,,,,,,,83.7125,17.208088,1.0000001e-07,83.7125,17.208088,7.0,,,,,,,
83.7125,17.148129,0.00093708164,83.7125,17.148129,0.00074371556,,,,,,,,,,,,,,,,,,,,,,,,,,,,,,,,,,,,,,,,,,,,,,,,,,,,,,,,,,,,,83.7125,17.148129,0.5899938,83.7125,17.148129,0.17356312,,,,,,,,,,,,,,,,,83.7125,17.238066,0.00426632,83.7125,17.238066,0.022530714,,,,,,,,,,,,,,,,,,,,,,,,,,,,,83.7125,17.238066,1.0000001e-07,83.7125,17.238066,7.0,,,,,,,
83.7125,17.178108,0.0007883385,83.7125,17.178108,0.0009073329,,,,,,,,,,,,,,,,,,,,,,,,,,,,,,,,,,,,,,,,,,,,,,,,,,,,,,,,,,,,,83.7125,17.178108,0.13638344,83.7125,17.178108,0.70669305,,,,,,,,,,,,,,,,,83.7125,17.268045,-0.000104565486,83.7125,17.268045,-0.015272109,,,,,,,,,,,,,,,,,,,,,,,,,,,,,83.7125,17.268045,1.0000001e-07,83.7125,17.268045,7.0,,,,,,,
83.7125,17.208088,0.0012643165,83.7125,17.208088,0.00069909263,,,,,,,,,,,,,,,,,,,,,,,,,,,,,,,,,,,,,,,,,,,,,,,,,,,,,,,,,,,,,83.7125,17.208088,1.6304482,83.7125,17.208088,0.03561196,,,,,,,,,,,,,,,,,83.7125,17.298025,0.0030770837,83.7125,17.298025,-0.0015751249,,,,,,,,,,,,,,,,,,,,,,,,,,,,,83.7125,17.298025,1.0000001e-07,83.7125,17.298025,7.0,,,,,,,
83.7125,17.238066,0.00093708164,83.7125,17.238066,0.0010114532,,,,,,,,,,,,,,,,,,,,,,,,,,,,,,,,,,,,,,,,,,,,,,,,,,,,,,,,,,,,,83.7125,17.238066,0.61612344,83.7125,17.238066,1.0417784,,,,,,,,,,,,,,,,,83.7125,17.328005,0.015292681,83.7125,17.328005,0.0054876115,,,,,,,,,,,,,,,,,,,,,,,,,,,,,83.7125,17.328005,1.0000001e-07,83.7125,17.328005,7.0,,,,,,,
83.7125,17.268045,0.00090733304,83.7125,17.268045,0.00062472105,,,,,,,,,,,,,,,,,,,,,,,,,,,,,,,,,,,,,,,,,,,,,,,,,,,,,,,,,,,,,83.7125,17.268045,0.51681995,83.7125,17.268045,-0.23824061,,,,,,,,,,,,,,,,,83.7125,17.357983,0.00652245,83.7125,17.357983,0.0020471604,,,,,,,,,,,,,,,,,,,,,,,,,,,,,83.7125,17.357983,1.0000001e-07,83.7125,17.357983,7.0,,,,,,,
83.7125,17.298025,0.0009073329,83.7125,17.298025,0.0007585899,,,,,,,,,,,,,,,,,,,,,,,,,,,,,,,,,,,,,,,,,,,,,,,,,,,,,,,,,,,,,83.7125,17.298025,0.5265021,83.7125,17.298025,0.20757526,,,,,,,,,,,,,,,,,83.7125,17.387962,0.011006381,83.7125,17.387962,0.006000961,,,,,,,,,,,,,,,,,,,,,,,,,,,,,83.7125,17.387962,1.0000001e-07,83.7125,17.387962,7.0,,,,,,,
83.7125,17.328005,0.0009965788,83.7125,17.328005,0.0007883386,,,,,,,,,,,,,,,,,,,,,,,,,,,,,,,,,,,,,,,,,,,,,,,,,,,,,,,,,,,,,83.7125,17.328005,0.7847223,83.7125,17.328005,0.31411803,,,,,,,,,,,,,,,,,83.7125,17.417942,0.004947688,83.7125,17.417942,0.0057582995,,,,,,,,,,,,,,,,,,,,,,,,,,,,,83.7125,17.417942,1.0000001e-07,83.7125,17.417942,7.0,,,,,,,
83.7125,17.357983,0.0008478358,83.7125,17.357983,0.0007734642,,,,,,,,,,,,,,,,,,,,,,,,,,,,,,,,,,,,,,,,,,,,,,,,,,,,,,,,,,,,,83.7125,17.357983,0.3356536,83.7125,17.357983,0.23899338,,,,,,,,,,,,,,,,,83.7125,17.447922,0.0040077823,83.7125,17.447922,-0.007133701,,,,,,,,,,,,,,,,,,,,,,,,,,,,,83.7125,17.447922,1.0000001e-07,83.7125,17.447922,7.0,,,,,,,
83.7125,17.387962,0.000996579,83.7125,17.387962,0.0007734642,,,,,,,,,,,,,,,,,,,,,,,,,,,,,,,,,,,,,,,,,,,,,,,,,,,,,,,,,,,,,83.7125,17.387962,0.7550516,83.7125,17.387962,0.23001494,,,,,,,,,,,,,,,,,83.7125,17.477901,0.005571837,83.7125,17.477901,0.0029150248,,,,,,,,,,,,,,,,,,,,,,,,,,,,,83.7125,17.477901,1.0000001e-07,83.7125,17.477901,7.0,,,,,,,
83.7125,17.417942,0.0009817046,83.7125,17.417942,0.00092220743,,,,,,,,,,,,,,,,,,,,,,,,,,,,,,,,,,,,,,,,,,,,,,,,,,,,,,,,,,,,,83.7125,17.417942,0.77492964,83.7125,17.417942,0.7653194,,,,,,,,,,,,,,,,,83.7125,17.50788,-0.0069517586,83.7125,17.50788,0.0008968529,,,,,,,,,,,,,,,,,,,,,,,,,,,,,83.7125,17.50788,1.0000001e-07,83.7125,17.50788,7.0,,,,,,,
83.7125,17.447922,0.00086271006,83.7125,17.447922,0.0007437155,,,,,,,,,,,,,,,,,,,,,,,,,,,,,,,,,,,,,,,,,,,,,,,,,,,,,,,,,,,,,83.7125,17.447922,0.38095737,83.7125,17.447922,0.18726532,,,,,,,,,,,,,,,,,83.7125,17.537859,0.0014673335,83.7125,17.537859,-0.0044259555,,,,,,,,,,,,,,,,,,,,,,,,,,,,,83.7125,17.537859,1.0000001e-07,83.7125,17.537859,7.0,,,,,,,
83.7125,17.4779,0.0009222073,83.7125,17.4779,0.0008180871,,,,,,,,,,,,,,,,,,,,,,,,,,,,,,,,,,,,,,,,,,,,,,,,,,,,,,,,,,,,,83.7125,17.4779,0.58514506,83.7125,17.4779,0.4221337,,,,,,,,,,,,,,,,,83.7125,17.567839,0.0015197783,83.7125,17.567839,-0.0062380987,,,,,,,,,,,,,,,,,,,,,,,,,,,,,83.7125,17.567839,1.0000001e-07,83.7125,17.567839,7.0,,,,,,,
83.7125,17.50788,0.00078833854,83.7125,17.50788,0.0007883385,,,,,,,,,,,,,,,,,,,,,,,,,,,,,,,,,,,,,,,,,,,,,,,,,,,,,,,,,,,,,83.7125,17.50788,0.11899866,83.7125,17.50788,0.27596557,,,,,,,,,,,,,,,,,83.7125,17.597818,0.0016031446,83.7125,17.597818,0.0034260515,,,,,,,,,,,,,,,,,,,,,,,,,,,,,83.7125,17.597818,1.0000001e-07,83.7125,17.597818,7.0,,,,,,,
83.7125,17.537859,0.00078833854,83.7125,17.537859,0.00066934404,,,,,,,,,,,,,,,,,,,,,,,,,,,,,,,,,,,,,,,,,,,,,,,,,,,,,,,,,,,,,83.7125,17.537859,0.18473268,83.7125,17.537859,-0.08507525,,,,,,,,,,,,,,,,,83.7125,17.627796,0.009920498,83.7125,17.627796,0.019587137,,,,,,,,,,,,,,,,,,,,,,,,,,,,,83.7125,17.627796,1.0000001e-07,83.7125,17.627796,7.0,,,,,,,
83.7125,17.567839,0.000951956,83.7125,17.567839,0.00071396696,,,,,,,,,,,,,,,,,,,,,,,,,,,,,,,,,,,,,,,,,,,,,,,,,,,,,,,,,,,,,83.7125,17.567839,0.67190444,83.7125,17.567839,0.046815325,,,,,,,,,,,,,,,,,83.7125,17.657776,-0.004360879,83.7125,17.657776,0.0025837964,,,,,,,,,,,,,,,,,,,,,,,,,,,,,83.7125,17.657776,1.0000001e-07,83.7125,17.657776,7.0,,,,,,,
83.7125,17.597816,0.00081808714,83.7125,17.597816,0.00080321287,,,,,,,,,,,,,,,,,,,,,,,,,,,,,,,,,,,,,,,,,,,,,,,,,,,,,,,,,,,,,83.7125,17.597816,0.21974085,83.7125,17.597816,0.39384604,,,,,,,,,,,,,,,,,83.7125,17.687756,0.0005487878,83.7125,17.687756,0.0018725134,,,,,,,,,,,,,,,,,,,,,,,,,,,,,83.7125,17.687756,1.0000001e-07,83.7125,17.687756,7.0,,,,,,,
83.7125,17.627796,0.00090733304,83.7125,17.627796,0.00093708164,,,,,,,,,,,,,,,,,,,,,,,,,,,,,,,,,,,,,,,,,,,,,,,,,,,,,,,,,,,,,83.7125,17.627796,0.49669158,83.7125,17.627796,0.84652126,,,,,,,,,,,,,,,,,83.7125,17.717735,0.0045947637,83.7125,17.717735,0.013378418,,,,,,,,,,,,,,,,,,,,,,,,,,,,,83.7125,17.717735,1.0000001e-07,83.7125,17.717735,7.0,,,,,,,
83.7125,17.657776,0.00084783573,83.7125,17.657776,0.0007585899,,,,,,,,,,,,,,,,,,,,,,,,,,,,,,,,,,,,,,,,,,,,,,,,,,,,,,,,,,,,,83.7125,17.657776,0.3204332,83.7125,17.657776,0.20272313,,,,,,,,,,,,,,,,,83.7125,17.747713,0.0115160905,83.7125,17.747713,-0.0060097193,,,,,,,,,,,,,,,,,,,,,,,,,,,,,83.7125,17.747713,1.0000001e-07,83.7125,17.747713,7.0,,,,,,,
83.7125,17.687756,0.0008329614,83.7125,17.687756,0.00066934404,,,,,,,,,,,,,,,,,,,,,,,,,,,,,,,,,,,,,,,,,,,,,,,,,,,,,,,,,,,,,83.7125,17.687756,0.27161363,83.7125,17.687756,-0.08962655,,,,,,,,,,,,,,,,,83.7125,17.777693,0.011799479,83.7125,17.777693,0.0029859815,,,,,,,,,,,,,,,,,,,,,,,,,,,,,83.7125,17.777693,1.0000001e-07,83.7125,17.777693,7.0,,,,,,,
83.7125,17.717733,0.00080321287,83.7125,17.717733,0.0008924587,,,,,,,,,,,,,,,,,,,,,,,,,,,,,,,,,,,,,,,,,,,,,,,,,,,,,,,,,,,,,83.7125,17.717733,0.19491345,83.7125,17.717733,0.63503045,,,,,,,,,,,,,,,,,83.7125,17.807673,0.014452238,83.7125,17.807673,-0.0038447033,,,,,,,,,,,,,,,,,,,,,,,,,,,,,83.7125,17.807673,1.0000001e-07,83.7125,17.807673,7.0,,,,,,,
83.7125,17.747713,0.00093708164,83.7125,17.747713,0.00069909263,,,,,,,,,,,,,,,,,,,,,,,,,,,,,,,,,,,,,,,,,,,,,,,,,,,,,,,,,,,,,83.7125,17.747713,0.6260288,83.7125,17.747713,0.006120609,,,,,,,,,,,,,,,,,83.7125,17.837652,0.0042483625,83.7125,17.837652,0.005069064,,,,,,,,,,,,,,,,,,,,,,,,,,,,,83.7125,17.837652,1.0000001e-07,83.7125,17.837652,7.0,,,,,,,
83.7125,17.777693,0.0008924587,83.7125,17.777693,0.0007585899,,,,,,,,,,,,,,,,,,,,,,,,,,,,,,,,,,,,,,,,,,,,,,,,,,,,,,,,,,,,,83.7125,17.777693,0.47793326,83.7125,17.777693,0.24288528,,,,,,,,,,,,,,,,,83.7125,17.86763,-0.005486699,83.7125,17.86763,0.004323414,,,,,,,,,,,,,,,,,,,,,,,,,,,,,83.7125,17.86763,1.0000001e-07,83.7125,17.86763,7.0,,,,,,,
83.7125,17.807673,0.0009817046,83.7125,17.807673,0.00074371556,,,,,,,,,,,,,,,,,,,,,,,,,,,,,,,,,,,,,,,,,,,,,,,,,,,,,,,,,,,,,83.7125,17.807673,0.7319422,83.7125,17.807673,0.16445772,,,,,,,,,,,,,,,,,83.7125,17.89761,0.0053076902,83.7125,17.89761,-0.007860931,,,,,,,,,,,,,,,,,,,,,,,,,,,,,83.7125,17.89761,1.0000001e-07,83.7125,17.89761,7.0,,,,,,,
83.7125,17.83765,0.00086271006,83.7125,17.83765,0.00072884123,,,,,,,,,,,,,,,,,,,,,,,,,,,,,,,,,,,,,,,,,,,,,,,,,,,,,,,,,,,,,83.7125,17.83765,0.36129317,83.7125,17.83765,0.110401064,,,,,,,,,,,,,,,,,83.7125,17.92759,0.006966261,83.7125,17.92759,-0.0059592947,,,,,,,,,,,,,,,,,,,,,,,,,,,,,83.7125,17.92759,1.0000001e-07,83.7125,17.92759,7.0,,,,,,,
83.7125,17.86763,0.00083296146,83.7125,17.86763,0.00077346415,,,,,,,,,,,,,,,,,,,,,,,,,,,,,,,,,,,,,,,,,,,,,,,,,,,,,,,,,,,,,83.7125,17.86763,0.28395736,83.7125,17.86763,0.23917606,,,,,,,,,,,,,,,,,83.7125,17.95757,0.019451275,83.7125,17.95757,0.0068481355,,,,,,,,,,,,,,,,,,,,,,,,,,,,,83.7125,17.95757,1.0000001e-07,83.7125,17.95757,7.0,,,,,,,
83.7125,17.89761,0.0009668303,83.7125,17.89761,0.00062472105,,,,,,,,,,,,,,,,,,,,,,,,,,,,,,,,,,,,,,,,,,,,,,,,,,,,,,,,,,,,,83.7125,17.89761,0.6785624,83.7125,17.89761,-0.2493762,,,,,,,,,,,,,,,,,83.7125,17.987547,0.0060818633,83.7125,17.987547,-0.010965246,,,,,,,,,,,,,,,,,,,,,,,,,,,,,83.7125,17.987547,1.0000001e-07,83.7125,17.987547,7.0,,,,,,,
83.7125,17.92759,0.00087758445,83.7125,17.92759,0.00066934404,,,,,,,,,,,,,,,,,,,,,,,,,,,,,,,,,,,,,,,,,,,,,,,,,,,,,,,,,,,,,83.7125,17.92759,0.43417203,83.7125,17.92759,-0.09529266,,,,,,,,,,,,,,,,,83.7125,18.017527,0.011548089,83.7125,18.017527,0.013081186,,,,,,,,,,,,,,,,,,,,,,,,,,,,,83.7125,18.017527,1.0000001e-07,83.7125,18.017527,7.0,,,,,,,
83.7125,17.95757,0.000996579,83.7125,17.95757,0.0008478358,,,,,,,,,,,,,,,,,,,,,,,,,,,,,,,,,,,,,,,,,,,,,,,,,,,,,,,,,,,,,83.7125,17.95757,0.7965674,83.7125,17.95757,0.53592473,,,,,,,,,,,,,,,,,83.7125,18.047506,0.019169338,83.7125,18.047506,-0.013444831,,,,,,,,,,,,,,,,,,,,,,,,,,,,,83.7125,18.047506,1.0000001e-07,83.7125,18.047506,7.0,,,,,,,
83.7125,17.987547,0.00090733304,83.7125,17.987547,0.0006395953,,,,,,,,,,,,,,,,,,,,,,,,,,,,,,,,,,,,,,,,,,,,,,,,,,,,,,,,,,,,,83.7125,17.987547,0.5015139,83.7125,17.987547,-0.18769795,,,,,,,,,,,,,,,,,83.7125,18.077486,0.032113783,83.7125,18.077486,-0.013220344,,,,,,,,,,,,,,,,,,,,,,,,,,,,,83.7125,18.077486,1.0000001e-07,83.7125,18.077486,7.0,,,,,,,
83.7125,18.017527,0.0009222073,83.7125,18.017527,0.0009370816,,,,,,,,,,,,,,,,,,,,,,,,,,,,,,,,,,,,,,,,,,,,,,,,,,,,,,,,,,,,,83.7125,18.017527,0.58837724,83.7125,18.017527,0.8127729,,,,,,,,,,,,,,,,,83.7125,18.107464,0.0036519696,83.7125,18.107464,-0.001558228,,,,,,,,,,,,,,,,,,,,,,,,,,,,,83.7125,18.107464,1.0000001e-07,83.7125,18.107464,7.0,,,,,,,
83.7125,18.047506,0.0010412018,83.7125,18.047506,0.00062472105,,,,,,,,,,,,,,,,,,,,,,,,,,,,,,,,,,,,,,,,,,,,,,,,,,,,,,,,,,,,,83.7125,18.047506,0.9556386,83.7125,18.047506,-0.25793707,,,,,,,,,,,,,,,,,83.7125,18.137444,-6.107655e-05,83.7125,18.137444,-0.0025204187,,,,,,,,,,,,,,,,,,,,,,,,,,,,,83.7125,18.137444,1.0000001e-07,83.7125,18.137444,7.0,,,,,,,
83.7125,18.077486,0.0012196935,83.7125,18.077486,0.0006395954,,,,,,,,,,,,,,,,,,,,,,,,,,,,,,,,,,,,,,,,,,,,,,,,,,,,,,,,,,,,,83.7125,18.077486,1.5312197,83.7125,18.077486,-0.17323032,,,,,,,,,,,,,,,,,83.7125,18.167423,-0.02076936,83.7125,18.167423,0.019770456,,,,,,,,,,,,,,,,,,,,,,,,,,,,,83.7125,18.167423,1.0000001e-07,83.7125,18.167423,7.0,,,,,,,
83.7125,18.107464,0.0009519559,83.7125,18.107464,0.0007734642,,,,,,,,,,,,,,,,,,,,,,,,,,,,,,,,,,,,,,,,,,,,,,,,,,,,,,,,,,,,,83.7125,18.107464,0.6376332,83.7125,18.107464,0.25856546,,,,,,,,,,,,,,,,,83.7125,18.197403,0.009033899,83.7125,18.197403,-0.014554117,,,,,,,,,,,,,,,,,,,,,,,,,,,,,83.7125,18.197403,1.0000001e-07,83.7125,18.197403,7.0,,,,,,,
83.7125,18.137444,0.0007883384,83.7125,18.137444,0.0007288412,,,,,,,,,,,,,,,,,,,,,,,,,,,,,,,,,,,,,,,,,,,,,,,,,,,,,,,,,,,,,83.7125,18.137444,0.14013244,83.7125,18.137444,0.10505058,,,,,,,,,,,,,,,,,83.7125,18.22738,0.011177547,83.7125,18.22738,0.009703429,,,,,,,,,,,,,,,,,,,,,,,,,,,,,83.7125,18.22738,1.0000001e-07,83.7125,18.22738,7.0,,,,,,,
83.7125,18.167423,0.00062472105,83.7125,18.167423,0.0009817044,,,,,,,,,,,,,,,,,,,,,,,,,,,,,,,,,,,,,,,,,,,,,,,,,,,,,,,,,,,,,83.7125,18.167423,-0.38788795,83.7125,18.167423,0.9734704,,,,,,,,,,,,,,,,,83.7125,18.25736,0.009412181,83.7125,18.25736,-0.007368101,,,,,,,,,,,,,,,,,,,,,,,,,,,,,83.7125,18.25736,1.0000001e-07,83.7125,18.25736,7.0,,,,,,,
83.7125,18.197403,0.0009519559,83.7125,18.197403,0.0005800982,,,,,,,,,,,,,,,,,,,,,,,,,,,,,,,,,,,,,,,,,,,,,,,,,,,,,,,,,,,,,83.7125,18.197403,0.64993465,83.7125,18.197403,-0.381523,,,,,,,,,,,,,,,,,83.7125,18.28734,0.0051175896,83.7125,18.28734,-0.012882333,,,,,,,,,,,,,,,,,,,,,,,,,,,,,83.7125,18.28734,1.0000001e-07,83.7125,18.28734,7.0,,,,,,,
83.7125,18.22738,0.0009222073,83.7125,18.22738,0.00077346415,,,,,,,,,,,,,,,,,,,,,,,,,,,,,,,,,,,,,,,,,,,,,,,,,,,,,,,,,,,,,83.7125,18.22738,0.5576182,83.7125,18.22738,0.25507477,,,,,,,,,,,,,,,,,83.7125,18.31732,-0.0012483171,83.7125,18.31732,-0.0035152498,,,,,,,,,,,,,,,,,,,,,,,,,,,,,83.7125,18.31732,1.0000001e-07,83.7125,18.31732,7.0,,,,,,,
83.7125,18.25736,0.00086271,83.7125,18.25736,0.0006395954,,,,,,,,,,,,,,,,,,,,,,,,,,,,,,,,,,,,,,,,,,,,,,,,,,,,,,,,,,,,,83.7125,18.25736,0.37589896,83.7125,18.25736,-0.16492832,,,,,,,,,,,,,,,,,83.7125,18.3473,0.017510828,83.7125,18.3473,0.018762529,,,,,,,,,,,,,,,,,,,,,,,,,,,,,83.7125,18.3473,1.0000001e-07,83.7125,18.3473,7.0,,,,,,,
83.7125,18.28734,0.0009073329,83.7125,18.28734,0.0005949724,,,,,,,,,,,,,,,,,,,,,,,,,,,,,,,,,,,,,,,,,,,,,,,,,,,,,,,,,,,,,83.7125,18.28734,0.48611006,83.7125,18.28734,-0.34766036,,,,,,,,,,,,,,,,,83.7125,18.377277,0.0016193406,83.7125,18.377277,0.0037734169,,,,,,,,,,,,,,,,,,,,,,,,,,,,,83.7125,18.377277,1.0000001e-07,83.7125,18.377277,7.0,,,,,,,
83.7125,18.31732,0.00086271006,83.7125,18.31732,0.0006842183,,,,,,,,,,,,,,,,,,,,,,,,,,,,,,,,,,,,,,,,,,,,,,,,,,,,,,,,,,,,,83.7125,18.31732,0.32864094,83.7125,18.31732,-0.03969987,,,,,,,,,,,,,,,,,83.7125,18.407257,0.0014140877,83.7125,18.407257,0.0035390754,,,,,,,,,,,,,,,,,,,,,,,,,,,,,83.7125,18.407257,1.0000001e-07,83.7125,18.407257,7.0,,,,,,,
83.7125,18.347298,0.0009817046,83.7125,18.347298,0.000996579,,,,,,,,,,,,,,,,,,,,,,,,,,,,,,,,,,,,,,,,,,,,,,,,,,,,,,,,,,,,,83.7125,18.347298,0.7294704,83.7125,18.347298,1.0099881,,,,,,,,,,,,,,,,,83.7125,18.437237,0.009051827,83.7125,18.437237,-0.014675952,,,,,,,,,,,,,,,,,,,,,,,,,,,,,83.7125,18.437237,1.0000001e-07,83.7125,18.437237,7.0,,,,,,,
83.7125,18.377277,0.0007883385,83.7125,18.377277,0.00077346415,,,,,,,,,,,,,,,,,,,,,,,,,,,,,,,,,,,,,,,,,,,,,,,,,,,,,,,,,,,,,83.7125,18.377277,0.14581482,83.7125,18.377277,0.26853704,,,,,,,,,,,,,,,,,83.7125,18.467216,0.0050551197,83.7125,18.467216,0.008588427,,,,,,,,,,,,,,,,,,,,,,,,,,,,,83.7125,18.467216,1.0000001e-07,83.7125,18.467216,7.0,,,,,,,
83.7125,18.407257,0.00083296146,83.7125,18.407257,0.00068421825,,,,,,,,,,,,,,,,,,,,,,,,,,,,,,,,,,,,,,,,,,,,,,,,,,,,,,,,,,,,,83.7125,18.407257,0.26436353,83.7125,18.407257,-0.023651604,,,,,,,,,,,,,,,,,83.7125,18.497194,-0.0023720409,83.7125,18.497194,-0.013346046,,,,,,,,,,,,,,,,,,,,,,,,,,,,,83.7125,18.497194,1.0000001e-07,83.7125,18.497194,7.0,,,,,,,
83.7125,18.437237,0.0009519559,83.7125,18.437237,0.0005503495,,,,,,,,,,,,,,,,,,,,,,,,,,,,,,,,,,,,,,,,,,,,,,,,,,,,,,,,,,,,,83.7125,18.437237,0.6366632,83.7125,18.437237,-0.46242797,,,,,,,,,,,,,,,,,83.7125,18.527174,-0.008702636,83.7125,18.527174,0.010313564,,,,,,,,,,,,,,,,,,,,,,,,,,,,,83.7125,18.527174,1.0000001e-07,83.7125,18.527174,7.0,,,,,,,
83.7125,18.467215,0.0008180871,83.7125,18.467215,0.0008329614,,,,,,,,,,,,,,,,,,,,,,,,,,,,,,,,,,,,,,,,,,,,,,,,,,,,,,,,,,,,,83.7125,18.467215,0.21354893,83.7125,18.467215,0.4331716,,,,,,,,,,,,,,,,,83.7125,18.557154,0.010847137,83.7125,18.557154,0.020037211,,,,,,,,,,,,,,,,,,,,,,,,,,,,,83.7125,18.557154,1.0000001e-07,83.7125,18.557154,7.0,,,,,,,
83.7125,18.497194,0.0007585898,83.7125,18.497194,0.00062472105,,,,,,,,,,,,,,,,,,,,,,,,,,,,,,,,,,,,,,,,,,,,,,,,,,,,,,,,,,,,,83.7125,18.497194,0.047375154,83.7125,18.497194,-0.25419354,,,,,,,,,,,,,,,,,83.7125,18.587133,0.024699412,83.7125,18.587133,0.00094656856,,,,,,,,,,,,,,,,,,,,,,,,,,,,,83.7125,18.587133,1.0000001e-07,83.7125,18.587133,7.0,,,,,,,
83.7125,18.527174,0.00080321287,83.7125,18.527174,0.0009222073,,,,,,,,,,,,,,,,,,,,,,,,,,,,,,,,,,,,,,,,,,,,,,,,,,,,,,,,,,,,,83.7125,18.527174,0.17459445,83.7125,18.527174,0.7982253,,,,,,,,,,,,,,,,,83.7125,18.617111,-0.0012575559,83.7125,18.617111,0.018479412,,,,,,,,,,,,,,,,,,,,,,,,,,,,,83.7125,18.617111,1.0000001e-07,83.7125,18.617111,7.0,,,,,,,
83.7125,18.557154,0.00093708164,83.7125,18.557154,0.00090733304,,,,,,,,,,,,,,,,,,,,,,,,,,,,,,,,,,,,,,,,,,,,,,,,,,,,,,,,,,,,,83.7125,18.557154,0.59110767,83.7125,18.557154,0.7200666,,,,,,,,,,,,,,,,,83.7125,18.64709,0.008206023,83.7125,18.64709,0.0052758637,,,,,,,,,,,,,,,,,,,,,,,,,,,,,83.7125,18.64709,1.0000001e-07,83.7125,18.64709,7.0,,,,,,,
83.7125,18.587132,0.0010412018,83.7125,18.587132,0.00075858994,,,,,,,,,,,,,,,,,,,,,,,,,,,,,,,,,,,,,,,,,,,,,,,,,,,,,,,,,,,,,83.7125,18.587132,0.9108452,83.7125,18.587132,0.2098918,,,,,,,,,,,,,,,,,83.7125,18.67707,0.0056809615,83.7125,18.67707,-0.0027925752,,,,,,,,,,,,,,,,,,,,,,,,,,,,,83.7125,18.67707,1.0000001e-07,83.7125,18.67707,7.0,,,,,,,
83.7125,18.617111,0.0007734642,83.7125,18.617111,0.00092220743,,,,,,,,,,,,,,,,,,,,,,,,,,,,,,,,,,,,,,,,,,,,,,,,,,,,,,,,,,,,,83.7125,18.617111,0.054020703,83.7125,18.617111,0.7637862,,,,,,,,,,,,,,,,,83.7125,18.70705,-0.0016501038,83.7125,18.70705,-0.015426897,,,,,,,,,,,,,,,,,,,,,,,,,,,,,83.7125,18.70705,1.0000001e-07,83.7125,18.70705,7.0,,,,,,,
83.7125,18.64709,0.0009222073,83.7125,18.64709,0.0007734641,,,,,,,,,,,,,,,,,,,,,,,,,,,,,,,,,,,,,,,,,,,,,,,,,,,,,,,,,,,,,83.7125,18.64709,0.54194564,83.7125,18.64709,0.24685325,,,,,,,,,,,,,,,,,83.7125,18.737028,0.007273775,83.7125,18.737028,0.0036776094,,,,,,,,,,,,,,,,,,,,,,,,,,,,,83.7125,18.737028,1.0000001e-07,83.7125,18.737028,7.0,,,,,,,
83.7125,18.67707,0.0009222073,83.7125,18.67707,0.00072884123,,,,,,,,,,,,,,,,,,,,,,,,,,,,,,,,,,,,,,,,,,,,,,,,,,,,,,,,,,,,,83.7125,18.67707,0.5562132,83.7125,18.67707,0.116913386,,,,,,,,,,,,,,,,,83.7125,18.767008,-0.013846923,83.7125,18.767008,0.012041873,,,,,,,,,,,,,,,,,,,,,,,,,,,,,83.7125,18.767008,1.0000001e-07,83.7125,18.767008,7.0,,,,,,,
83.7125,18.707048,0.0007437155,83.7125,18.707048,0.0005949724,,,,,,,,,,,,,,,,,,,,,,,,,,,,,,,,,,,,,,,,,,,,,,,,,,,,,,,,,,,,,83.7125,18.707048,-0.019966291,83.7125,18.707048,-0.32441506,,,,,,,,,,,,,,,,,83.7125,18.796988,0.0064817085,83.7125,18.796988,0.0010338507,,,,,,,,,,,,,,,,,,,,,,,,,,,,,83.7125,18.796988,1.0000001e-07,83.7125,18.796988,7.0,,,,,,,
83.7125,18.737028,0.0008924587,83.7125,18.737028,0.00083296146,,,,,,,,,,,,,,,,,,,,,,,,,,,,,,,,,,,,,,,,,,,,,,,,,,,,,,,,,,,,,83.7125,18.737028,0.4780212,83.7125,18.737028,0.45461103,,,,,,,,,,,,,,,,,83.7125,18.826967,0.021008266,83.7125,18.826967,-0.009097178,,,,,,,,,,,,,,,,,,,,,,,,,,,,,83.7125,18.826967,1.0000001e-07,83.7125,18.826967,7.0,,,,,,,
83.7125,18.767008,0.0006990927,83.7125,18.767008,0.0008478358,,,,,,,,,,,,,,,,,,,,,,,,,,,,,,,,,,,,,,,,,,,,,,,,,,,,,,,,,,,,,83.7125,18.767008,-0.17457274,83.7125,18.767008,0.51922214,,,,,,,,,,,,,,,,,83.7125,18.856945,0.00018567902,83.7125,18.856945,0.00075597153,,,,,,,,,,,,,,,,,,,,,,,,,,,,,83.7125,18.856945,1.0000001e-07,83.7125,18.856945,7.0,,,,,,,
83.7125,18.796988,0.00086271006,83.7125,18.796988,0.00071396696,,,,,,,,,,,,,,,,,,,,,,,,,,,,,,,,,,,,,,,,,,,,,,,,,,,,,,,,,,,,,83.7125,18.796988,0.3322963,83.7125,18.796988,0.073333554,,,,,,,,,,,,,,,,,83.7125,18.886925,0.009492419,83.7125,18.886925,0.016117835,,,,,,,,,,,,,,,,,,,,,,,,,,,,,83.7125,18.886925,1.0000001e-07,83.7125,18.886925,7.0,,,,,,,
83.7125,18.826967,0.0009668302,83.7125,18.826967,0.00069909263,,,,,,,,,,,,,,,,,,,,,,,,,,,,,,,,,,,,,,,,,,,,,,,,,,,,,,,,,,,,,83.7125,18.826967,0.68831587,83.7125,18.826967,0.0419068,,,,,,,,,,,,,,,,,83.7125,18.916904,0.0018355511,83.7125,18.916904,0.011240976,,,,,,,,,,,,,,,,,,,,,,,,,,,,,83.7125,18.916904,1.0000001e-07,83.7125,18.916904,7.0,,,,,,,
83.7125,18.856945,0.00081808714,83.7125,18.856945,0.0007437156,,,,,,,,,,,,,,,,,,,,,,,,,,,,,,,,,,,,,,,,,,,,,,,,,,,,,,,,,,,,,83.7125,18.856945,0.21946043,83.7125,18.856945,0.17271838,,,,,,,,,,,,,,,,,83.7125,18.946884,-0.01550719,83.7125,18.946884,-0.005533735,,,,,,,,,,,,,,,,,,,,,,,,,,,,,83.7125,18.946884,1.0000001e-07,83.7125,18.946884,7.0,,,,,,,
83.7125,18.886925,0.0009668303,83.7125,18.886925,0.0008180872,,,,,,,,,,,,,,,,,,,,,,,,,,,,,,,,,,,,,,,,,,,,,,,,,,,,,,,,,,,,,83.7125,18.886925,0.66168416,83.7125,18.886925,0.41135946,,,,,,,,,,,,,,,,,83.7125,18.976862,0.013785839,83.7125,18.976862,-0.002918687,,,,,,,,,,,,,,,,,,,,,,,,,,,,,83.7125,18.976862,1.0000001e-07,83.7125,18.976862,7.0,,,,,,,
83.7125,18.916904,0.00078833854,83.7125,18.916904,0.00086270995,,,,,,,,,,,,,,,,,,,,,,,,,,,,,,,,,,,,,,,,,,,,,,,,,,,,,,,,,,,,,83.7125,18.916904,0.13122267,83.7125,18.916904,0.5615381,,,,,,,,,,,,,,,,,83.7125,19.006842,0.016488852,83.7125,19.006842,0.002786306,,,,,,,,,,,,,,,,,,,,,,,,,,,,,83.7125,19.006842,1.0000001e-07,83.7125,19.006842,7.0,,,,,,,
83.7125,18.946884,0.00066934404,83.7125,18.946884,0.00074371556,,,,,,,,,,,,,,,,,,,,,,,,,,,,,,,,,,,,,,,,,,,,,,,,,,,,,,,,,,,,,83.7125,18.946884,-0.256235,83.7125,18.946884,0.13730697,,,,,,,,,,,,,,,,,83.7125,19.036821,-0.008929686,83.7125,19.036821,-0.001700715,,,,,,,,,,,,,,,,,,,,,,,,,,,,,83.7125,19.036821,1.0000001e-07,83.7125,19.036821,7.0,,,,,,,
83.7125,18.976862,0.0009668303,83.7125,18.976862,0.00069909263,,,,,,,,,,,,,,,,,,,,,,,,,,,,,,,,,,,,,,,,,,,,,,,,,,,,,,,,,,,,,83.7125,18.976862,0.71035415,83.7125,18.976862,0.011549837,,,,,,,,,,,,,,,,,83.7125,19.066801,0.007466376,83.7125,19.066801,0.001715103,,,,,,,,,,,,,,,,,,,,,,,,,,,,,83.7125,19.066801,1.0000001e-07,83.7125,19.066801,7.0,,,,,,,
83.7125,19.006842,0.00087758445,83.7125,19.006842,0.00081808714,,,,,,,,,,,,,,,,,,,,,,,,,,,,,,,,,,,,,,,,,,,,,,,,,,,,,,,,,,,,,83.7125,19.006842,0.43160737,83.7125,19.006842,0.39072847,,,,,,,,,,,,,,,,,83.7125,19.096779,-0.0014534185,83.7125,19.096779,-0.0091743115,,,,,,,,,,,,,,,,,,,,,,,,,,,,,83.7125,19.096779,1.0000001e-07,83.7125,19.096779,7.0,,,,,,,
83.7125,19.036821,0.00072884123,83.7125,19.036821,0.00071396696,,,,,,,,,,,,,,,,,,,,,,,,,,,,,,,,,,,,,,,,,,,,,,,,,,,,,,,,,,,,,83.7125,19.036821,-0.075100765,83.7125,19.036821,0.06116434,,,,,,,,,,,,,,,,,83.7125,19.126759,0.017006764,83.7125,19.126759,0.008731637,,,,,,,,,,,,,,,,,,,,,,,,,,,,,83.7125,19.126759,1.0000001e-07,83.7125,19.126759,7.0,,,,,,,
83.7125,19.066801,0.0009222073,83.7125,19.066801,0.00083296146,,,,,,,,,,,,,,,,,,,,,,,,,,,,,,,,,,,,,,,,,,,,,,,,,,,,,,,,,,,,,83.7125,19.066801,0.5513752,83.7125,19.066801,0.47884056,,,,,,,,,,,,,,,,,83.7125,19.156738,-0.005416604,83.7125,19.156738,-0.006334786,,,,,,,,,,,,,,,,,,,,,,,,,,,,,83.7125,19.156738,1.0000001e-07,83.7125,19.156738,7.0,,,,,,,
83.7125,19.096779,0.00086271006,83.7125,19.096779,0.0006395954,,,,,,,,,,,,,,,,,,,,,,,,,,,,,,,,,,,,,,,,,,,,,,,,,,,,,,,,,,,,,83.7125,19.096779,0.40077505,83.7125,19.096779,-0.17435423,,,,,,,,,,,,,,,,,83.7125,19.186718,-0.0012844846,83.7125,19.186718,0.008824151,,,,,,,,,,,,,,,,,,,,,,,,,,,,,83.7125,19.186718,1.0000001e-07,83.7125,19.186718,7.0,,,,,,,
83.7125,19.126759,0.0009668303,83.7125,19.126759,0.0008478358,,,,,,,,,,,,,,,,,,,,,,,,,,,,,,,,,,,,,,,,,,,,,,,,,,,,,,,,,,,,,83.7125,19.126759,0.690687,83.7125,19.126759,0.5100338,,,,,,,,,,,,,,,,,83.7125,19.216698,0.0055144597,83.7125,19.216698,-0.0018503879,,,,,,,,,,,,,,,,,,,,,,,,,,,,,83.7125,19.216698,1.0000001e-07,83.7125,19.216698,7.0,,,,,,,
83.7125,19.156738,0.00081808714,83.7125,19.156738,0.0006395954,,,,,,,,,,,,,,,,,,,,,,,,,,,,,,,,,,,,,,,,,,,,,,,,,,,,,,,,,,,,,83.7125,19.156738,0.19858295,83.7125,19.156738,-0.18089825,,,,,,,,,,,,,,,,,83.7125,19.246675,-0.015862938,83.7125,19.246675,-0.0019863637,,,,,,,,,,,,,,,,,,,,,,,,,,,,,83.7125,19.246675,1.0000001e-07,83.7125,19.246675,7.0,,,,,,,
83.7125,19.186718,0.00087758433,83.7125,19.186718,0.00084783573,,,,,,,,,,,,,,,,,,,,,,,,,,,,,,,,,,,,,,,,,,,,,,,,,,,,,,,,,,,,,83.7125,19.186718,0.42319688,83.7125,19.186718,0.47100836,,,,,,,,,,,,,,,,,83.7125,19.276655,0.019792,83.7125,19.276655,0.008883563,,,,,,,,,,,,,,,,,,,,,,,,,,,,,83.7125,19.276655,1.0000001e-07,83.7125,19.276655,7.0,,,,,,,
83.7125,19.216696,0.0008924587,83.7125,19.216696,0.0007437156,,,,,,,,,,,,,,,,,,,,,,,,,,,,,,,,,,,,,,,,,,,,,,,,,,,,,,,,,,,,,83.7125,19.216696,0.45183933,83.7125,19.216696,0.123425364,,,,,,,,,,,,,,,,,83.7125,19.306635,-0.005351749,83.7125,19.306635,-0.0074058897,,,,,,,,,,,,,,,,,,,,,,,,,,,,,83.7125,19.306635,1.0000001e-07,83.7125,19.306635,7.0,,,,,,,
83.7125,19.246675,0.0006544697,83.7125,19.246675,0.0007288412,,,,,,,,,,,,,,,,,,,,,,,,,,,,,,,,,,,,,,,,,,,,,,,,,,,,,,,,,,,,,83.7125,19.246675,-0.27082726,83.7125,19.246675,0.104992524,,,,,,,,,,,,,,,,,83.7125,19.336615,-0.0004702442,83.7125,19.336615,0.0058423616,,,,,,,,,,,,,,,,,,,,,,,,,,,,,83.7125,19.336615,1.0000001e-07,83.7125,19.336615,7.0,,,,,,,
83.7125,19.276655,0.0010114531,83.7125,19.276655,0.00083296146,,,,,,,,,,,,,,,,,,,,,,,,,,,,,,,,,,,,,,,,,,,,,,,,,,,,,,,,,,,,,83.7125,19.276655,0.8455472,83.7125,19.276655,0.4563974,,,,,,,,,,,,,,,,,83.7125,19.366592,0.020862978,83.7125,19.366592,0.01317671,,,,,,,,,,,,,,,,,,,,,,,,,,,,,83.7125,19.366592,1.0000001e-07,83.7125,19.366592,7.0,,,,,,,
83.7125,19.306635,0.0007734642,83.7125,19.306635,0.00072884135,,,,,,,,,,,,,,,,,,,,,,,,,,,,,,,,,,,,,,,,,,,,,,,,,,,,,,,,,,,,,83.7125,19.306635,0.08537347,83.7125,19.306635,0.11656046,,,,,,,,,,,,,,,,,83.7125,19.396572,0.008030427,83.7125,19.396572,-0.000669421,,,,,,,,,,,,,,,,,,,,,,,,,,,,,83.7125,19.396572,1.0000001e-07,83.7125,19.396572,7.0,,,,,,,
83.7125,19.336613,0.0007883385,83.7125,19.336613,0.00072884123,,,,,,,,,,,,,,,,,,,,,,,,,,,,,,,,,,,,,,,,,,,,,,,,,,,,,,,,,,,,,83.7125,19.336613,0.1180828,83.7125,19.336613,0.114606224,,,,,,,,,,,,,,,,,83.7125,19.426552,0.007467983,83.7125,19.426552,-0.0022681768,,,,,,,,,,,,,,,,,,,,,,,,,,,,,83.7125,19.426552,1.0000001e-07,83.7125,19.426552,7.0,,,,,,,
83.7125,19.366592,0.0010412018,83.7125,19.366592,0.0009222073,,,,,,,,,,,,,,,,,,,,,,,,,,,,,,,,,,,,,,,,,,,,,,,,,,,,,,,,,,,,,83.7125,19.366592,0.9284671,83.7125,19.366592,0.7439271,,,,,,,,,,,,,,,,,83.7125,19.456532,0.002029866,83.7125,19.456532,-0.0017728499,,,,,,,,,,,,,,,,,,,,,,,,,,,,,83.7125,19.456532,1.0000001e-07,83.7125,19.456532,7.0,,,,,,,
83.7125,19.396572,0.00086271,83.7125,19.396572,0.0007437156,,,,,,,,,,,,,,,,,,,,,,,,,,,,,,,,,,,,,,,,,,,,,,,,,,,,,,,,,,,,,83.7125,19.396572,0.3793789,83.7125,19.396572,0.15709953,,,,,,,,,,,,,,,,,83.7125,19.48651,0.017119953,83.7125,19.48651,0.020340217,,,,,,,,,,,,,,,,,,,,,,,,,,,,,83.7125,19.48651,1.0000001e-07,83.7125,19.48651,7.0,,,,,,,
83.7125,19.426552,0.0009073329,83.7125,19.426552,0.00071396696,,,,,,,,,,,,,,,,,,,,,,,,,,,,,,,,,,,,,,,,,,,,,,,,,,,,,,,,,,,,,83.7125,19.426552,0.52333105,83.7125,19.426552,0.07402337,,,,,,,,,,,,,,,,,83.7125,19.516489,-0.025418619,83.7125,19.516489,-0.0025165582,,,,,,,,,,,,,,,,,,,,,,,,,,,,,83.7125,19.516489,1.0000001e-07,83.7125,19.516489,7.0,,,,,,,
83.7125,19.45653,0.0007734642,83.7125,19.45653,0.00066934404,,,,,,,,,,,,,,,,,,,,,,,,,,,,,,,,,,,,,,,,,,,,,,,,,,,,,,,,,,,,,83.7125,19.45653,0.07109768,83.7125,19.45653,-0.03470258,,,,,,,,,,,,,,,,,83.7125,19.546469,0.023391664,83.7125,19.546469,-0.003580692,,,,,,,,,,,,,,,,,,,,,,,,,,,,,83.7125,19.546469,1.0000001e-07,83.7125,19.546469,7.0,,,,,,,
83.7125,19.48651,0.0009817046,83.7125,19.48651,0.00093708164,,,,,,,,,,,,,,,,,,,,,,,,,,,,,,,,,,,,,,,,,,,,,,,,,,,,,,,,,,,,,83.7125,19.48651,0.76111823,83.7125,19.48651,0.85064936,,,,,,,,,,,,,,,,,83.7125,19.576448,0.015941255,83.7125,19.576448,-0.012444592,,,,,,,,,,,,,,,,,,,,,,,,,,,,,83.7125,19.576448,1.0000001e-07,83.7125,19.576448,7.0,,,,,,,
83.7125,19.516489,0.0005800981,83.7125,19.516489,0.0007437156,,,,,,,,,,,,,,,,,,,,,,,,,,,,,,,,,,,,,,,,,,,,,,,,,,,,,,,,,,,,,83.7125,19.516489,-0.52886444,83.7125,19.516489,0.16870557,,,,,,,,,,,,,,,,,83.7125,19.606426,0.0096646035,83.7125,19.606426,-0.005726712,,,,,,,,,,,,,,,,,,,,,,,,,,,,,83.7125,19.606426,1.0000001e-07,83.7125,19.606426,7.0,,,,,,,
83.7125,19.546469,0.0009668303,83.7125,19.546469,0.00068421825,,,,,,,,,,,,,,,,,,,,,,,,,,,,,,,,,,,,,,,,,,,,,,,,,,,,,,,,,,,,,83.7125,19.546469,0.6955388,83.7125,19.546469,-0.06361572,,,,,,,,,,,,,,,,,83.7125,19.636406,-0.021499757,83.7125,19.636406,-0.003671992,,,,,,,,,,,,,,,,,,,,,,,,,,,,,83.7125,19.636406,1.0000001e-07,83.7125,19.636406,7.0,,,,,,,
83.7125,19.576447,0.0009817047,83.7125,19.576447,0.0006098468,,,,,,,,,,,,,,,,,,,,,,,,,,,,,,,,,,,,,,,,,,,,,,,,,,,,,,,,,,,,,83.7125,19.576447,0.72213995,83.7125,19.576447,-0.29279688,,,,,,,,,,,,,,,,,83.7125,19.666386,0.015353729,83.7125,19.666386,-0.005558427,,,,,,,,,,,,,,,,,,,,,,,,,,,,,83.7125,19.666386,1.0000001e-07,83.7125,19.666386,7.0,,,,,,,
83.7125,19.606426,0.0009519559,83.7125,19.606426,0.00068421836,,,,,,,,,,,,,,,,,,,,,,,,,,,,,,,,,,,,,,,,,,,,,,,,,,,,,,,,,,,,,83.7125,19.606426,0.67429173,83.7125,19.606426,-0.036521886,,,,,,,,,,,,,,,,,83.7125,19.696365,0.003041924,83.7125,19.696365,0.013451903,,,,,,,,,,,,,,,,,,,,,,,,,,,,,83.7125,19.696365,1.0000001e-07,83.7125,19.696365,7.0,,,,,,,
83.7125,19.636406,0.00062472105,83.7125,19.636406,0.0006395954,,,,,,,,,,,,,,,,,,,,,,,,,,,,,,,,,,,,,,,,,,,,,,,,,,,,,,,,,,,,,83.7125,19.636406,-0.37584755,83.7125,19.636406,-0.17808627,,,,,,,,,,,,,,,,,83.7125,19.726343,0.016992694,83.7125,19.726343,0.023337405,,,,,,,,,,,,,,,,,,,,,,,,,,,,,83.7125,19.726343,1.0000001e-07,83.7125,19.726343,7.0,,,,,,,
83.7125,19.666386,0.0009668302,83.7125,19.666386,0.00074371556,,,,,,,,,,,,,,,,,,,,,,,,,,,,,,,,,,,,,,,,,,,,,,,,,,,,,,,,,,,,,83.7125,19.666386,0.67810965,83.7125,19.666386,0.16306289,,,,,,,,,,,,,,,,,83.7125,19.756323,0.022507407,83.7125,19.756323,0.015954722,,,,,,,,,,,,,,,,,,,,,,,,,,,,,83.7125,19.756323,1.0000001e-07,83.7125,19.756323,7.0,,,,,,,
83.7125,19.696365,0.00086271,83.7125,19.696365,0.00086271006,,,,,,,,,,,,,,,,,,,,,,,,,,,,,,,,,,,,,,,,,,,,,,,,,,,,,,,,,,,,,83.7125,19.696365,0.35816467,83.7125,19.696365,0.55632585,,,,,,,,,,,,,,,,,83.7125,19.786303,-0.013314794,83.7125,19.786303,0.0028600735,,,,,,,,,,,,,,,,,,,,,,,,,,,,,83.7125,19.786303,1.0000001e-07,83.7125,19.786303,7.0,,,,,,,
83.7125,19.726343,0.0009519559,83.7125,19.726343,0.0009817047,,,,,,,,,,,,,,,,,,,,,,,,,,,,,,,,,,,,,,,,,,,,,,,,,,,,,,,,,,,,,83.7125,19.726343,0.6176451,83.7125,19.726343,0.93981427,,,,,,,,,,,,,,,,,83.7125,19.816282,-0.005942053,83.7125,19.816282,-0.018555284,,,,,,,,,,,,,,,,,,,,,,,,,,,,,83.7125,19.816282,1.0000001e-07,83.7125,19.816282,7.0,,,,,,,
83.7125,19.756323,0.0010114532,83.7125,19.756323,0.00093708164,,,,,,,,,,,,,,,,,,,,,,,,,,,,,,,,,,,,,,,,,,,,,,,,,,,,,,,,,,,,,83.7125,19.756323,0.8362589,83.7125,19.756323,0.80640405,,,,,,,,,,,,,,,,,83.7125,19.84626,0.02699423,83.7125,19.84626,0.006063091,,,,,,,,,,,,,,,,,,,,,,,,,,,,,83.7125,19.84626,1.0000001e-07,83.7125,19.84626,7.0,,,,,,,
83.7125,19.786303,0.00072884123,83.7125,19.786303,0.00072884123,,,,,,,,,,,,,,,,,,,,,,,,,,,,,,,,,,,,,,,,,,,,,,,,,,,,,,,,,,,,,83.7125,19.786303,-0.03375921,83.7125,19.786303,0.10132388,,,,,,,,,,,,,,,,,83.7125,19.87624,-0.0051655513,83.7125,19.87624,0.014260913,,,,,,,,,,,,,,,,,,,,,,,,,,,,,83.7125,19.87624,1.0000001e-07,83.7125,19.87624,7.0,,,,,,,
83.7125,19.816282,0.0007734642,83.7125,19.816282,0.0005949724,,,,,,,,,,,,,,,,,,,,,,,,,,,,,,,,,,,,,,,,,,,,,,,,,,,,,,,,,,,,,83.7125,19.816282,0.07016265,83.7125,19.816282,-0.32055843,,,,,,,,,,,,,,,,,83.7125,19.90622,-0.0062378882,83.7125,19.90622,0.006491992,,,,,,,,,,,,,,,,,,,,,,,,,,,,,83.7125,19.90622,1.0000001e-07,83.7125,19.90622,7.0,,,,,,,
83.7125,19.84626,0.0010412019,83.7125,19.84626,0.0008329614,,,,,,,,,,,,,,,,,,,,,,,,,,,,,,,,,,,,,,,,,,,,,,,,,,,,,,,,,,,,,83.7125,19.84626,0.9643285,83.7125,19.84626,0.46249288,,,,,,,,,,,,,,,,,83.7125,19.9362,-0.0029434988,83.7125,19.9362,-0.015735192,,,,,,,,,,,,,,,,,,,,,,,,,,,,,83.7125,19.9362,1.0000001e-07,83.7125,19.9362,7.0,,,,,,,
83.7125,19.87624,0.00075858994,83.7125,19.87624,0.00086271006,,,,,,,,,,,,,,,,,,,,,,,,,,,,,,,,,,,,,,,,,,,,,,,,,,,,,,,,,,,,,83.7125,19.87624,0.035825245,83.7125,19.87624,0.5819979,,,,,,,,,,,,,,,,,83.7125,19.966177,0.01924109,83.7125,19.966177,0.02455796,,,,,,,,,,,,,,,,,,,,,,,,,,,,,83.7125,19.966177,1.0000001e-07,83.7125,19.966177,7.0,,,,,,,
83.7125,19.90622,0.0007883385,83.7125,19.90622,0.00074371556,,,,,,,,,,,,,,,,,,,,,,,,,,,,,,,,,,,,,,,,,,,,,,,,,,,,,,,,,,,,,83.7125,19.90622,0.10123959,83.7125,19.90622,0.1817014,,,,,,,,,,,,,,,,,83.7125,19.996157,0.01875633,83.7125,19.996157,-0.013898596,,,,,,,,,,,,,,,,,,,,,,,,,,,,,83.7125,19.996157,1.0000001e-07,83.7125,19.996157,7.0,,,,,,,
83.7125,19.9362,0.0007734642,83.7125,19.9362,0.0006098468,,,,,,,,,,,,,,,,,,,,,,,,,,,,,,,,,,,,,,,,,,,,,,,,,,,,,,,,,,,,,83.7125,19.9362,0.077406295,83.7125,19.9362,-0.26499283,,,,,,,,,,,,,,,,,,,,,,,,,,,,,,,,,,,,,,,,,,,,,,,,,,,,,,,,,,,,,,,
83.7125,19.966177,0.0010114532,83.7125,19.966177,0.0009519559,,,,,,,,,,,,,,,,,,,,,,,,,,,,,,,,,,,,,,,,,,,,,,,,,,,,,,,,,,,,,83.7125,19.966177,0.835523,83.7125,19.966177,0.845833,,,,,,,,,,,,,,,,,,,,,,,,,,,,,,,,,,,,,,,,,,,,,,,,,,,,,,,,,,,,,,,
83.7125,19.996157,0.0009668303,83.7125,19.996157,0.0006098468,,,,,,,,,,,,,,,,,,,,,,,,,,,,,,,,,,,,,,,,,,,,,,,,,,,,,,,,,,,,,83.7125,19.996157,0.6922151,83.7125,19.996157,-0.2858311,,,,,,,,,,,,,,,,,,,,,,,,,,,,,,,,,,,,,,,,,,,,,,,,,,,,,,,,,,,,,,,
83.7125,20.026136,0.0009519559,83.7125,20.026136,0.0008180872,,,,,,,,,,,,,,,,,,,,,,,,,,,,,,,,,,,,,,,,,,,,,,,,,,,,,,,,,,,,,83.7125,20.026136,0.6486615,83.7125,20.026136,0.41798714,,,,,,,,,,,,,,,,,,,,,,,,,,,,,,,,,,,,,,,,,,,,,,,,,,,,,,,,,,,,,,,
83.7125,20.056116,0.0008924587,83.7125,20.056116,0.0007585899,,,,,,,,,,,,,,,,,,,,,,,,,,,,,,,,,,,,,,,,,,,,,,,,,,,,,,,,,,,,,83.7125,20.056116,0.4495859,83.7125,20.056116,0.22273032,,,,,,,,,,,,,,,,,,,,,,,,,,,,,,,,,,,,,,,,,,,,,,,,,,,,,,,,,,,,,,,
83.7125,20.086094,0.0008924587,83.7125,20.086094,0.00078833854,,,,,,,,,,,,,,,,,,,,,,,,,,,,,,,,,,,,,,,,,,,,,,,,,,,,,,,,,,,,,83.7125,20.086094,0.47146088,83.7125,20.086094,0.30641747,,,,,,,,,,,,,,,,,,,,,,,,,,,,,,,,,,,,,,,,,,,,,,,,,,,,,,,,,,,,,,,
83.7125,20.116074,0.000669344,83.7125,20.116074,0.00069909263,,,,,,,,,,,,,,,,,,,,,,,,,,,,,,,,,,,,,,,,,,,,,,,,,,,,,,,,,,,,,83.7125,20.116074,-0.25669074,83.7125,20.116074,0.0037154357,,,,,,,,,,,,,,,,,,,,,,,,,,,,,,,,,,,,,,,,,,,,,,,,,,,,,,,,,,,,,,,
83.7125,20.146053,0.00083296146,83.7125,20.146053,0.00065446977,,,,,,,,,,,,,,,,,,,,,,,,,,,,,,,,,,,,,,,,,,,,,,,,,,,,,,,,,,,,,83.7125,20.146053,0.2821161,83.7125,20.146053,-0.14284708,,,,,,,,,,,,,,,,,,,,,,,,,,,,,,,,,,,,,,,,,,,,,,,,,,,,,,,,,,,,,,,
83.7125,20.176033,0.00080321275,83.7125,20.176033,0.00083296146,,,,,,,,,,,,,,,,,,,,,,,,,,,,,,,,,,,,,,,,,,,,,,,,,,,,,,,,,,,,,83.7125,20.176033,0.20117179,83.7125,20.176033,0.4396696,,,,,,,,,,,,,,,,,,,,,,,,,,,,,,,,,,,,,,,,,,,,,,,,,,,,,,,,,,,,,,,
83.7125,20.20601,0.0009222073,83.7125,20.20601,0.0007437156,,,,,,,,,,,,,,,,,,,,,,,,,,,,,,,,,,,,,,,,,,,,,,,,,,,,,,,,,,,,,83.7125,20.20601,0.5727235,83.7125,20.20601,0.15736891,,,,,,,,,,,,,,,,,,,,,,,,,,,,,,,,,,,,,,,,,,,,,,,,,,,,,,,,,,,,,,,
83.7125,20.23599,0.0007734642,83.7125,20.23599,0.0005949724,,,,,,,,,,,,,,,,,,,,,,,,,,,,,,,,,,,,,,,,,,,,,,,,,,,,,,,,,,,,,83.7125,20.23599,0.08330724,83.7125,20.23599,-0.32385466,,,,,,,,,,,,,,,,,,,,,,,,,,,,,,,,,,,,,,,,,,,,,,,,,,,,,,,,,,,,,,,
83.7125,20.26597,0.00086271,83.7125,20.26597,0.0007883385,,,,,,,,,,,,,,,,,,,,,,,,,,,,,,,,,,,,,,,,,,,,,,,,,,,,,,,,,,,,,83.7125,20.26597,0.36619928,83.7125,20.26597,0.3158261,,,,,,,,,,,,,,,,,,,,,,,,,,,,,,,,,,,,,,,,,,,,,,,,,,,,,,,,,,,,,,,
83.7125,20.29595,0.0009817046,83.7125,20.29595,0.00056522386,,,,,,,,,,,,,,,,,,,,,,,,,,,,,,,,,,,,,,,,,,,,,,,,,,,,,,,,,,,,,83.7125,20.29595,0.75409925,83.7125,20.29595,-0.4459521,,,,,,,,,,,,,,,,,,,,,,,,,,,,,,,,,,,,,,,,,,,,,,,,,,,,,,,,,,,,,,,
83.7125,20.325928,0.0009222073,83.7125,20.325928,0.0006990927,,,,,,,,,,,,,,,,,,,,,,,,,,,,,,,,,,,,,,,,,,,,,,,,,,,,,,,,,,,,,83.7125,20.325928,0.5230361,83.7125,20.325928,0.006046686,,,,,,,,,,,,,,,,,,,,,,,,,,,,,,,,,,,,,,,,,,,,,,,,,,,,,,,,,,,,,,,
83.7125,20.355907,0.0008180871,83.7125,20.355907,0.0007734642,,,,,,,,,,,,,,,,,,,,,,,,,,,,,,,,,,,,,,,,,,,,,,,,,,,,,,,,,,,,,83.7125,20.355907,0.20289806,83.7125,20.355907,0.26626348,,,,,,,,,,,,,,,,,,,,,,,,,,,,,,,,,,,,,,,,,,,,,,,,,,,,,,,,,,,,,,,
83.7125,20.385887,0.00083296146,83.7125,20.385887,0.0008180872,,,,,,,,,,,,,,,,,,,,,,,,,,,,,,,,,,,,,,,,,,,,,,,,,,,,,,,,,,,,,83.7125,20.385887,0.29806504,83.7125,20.385887,0.439428,,,,,,,,,,,,,,,,,,,,,,,,,,,,,,,,,,,,,,,,,,,,,,,,,,,,,,,,,,,,,,,
83.7125,20.415867,0.00092220743,83.7125,20.415867,0.0008032128,,,,,,,,,,,,,,,,,,,,,,,,,,,,,,,,,,,,,,,,,,,,,,,,,,,,,,,,,,,,,83.7125,20.415867,0.57563734,83.7125,20.415867,0.40008634,,,,,,,,,,,,,,,,,,,,,,,,,,,,,,,,,,,,,,,,,,,,,,,,,,,,,,,,,,,,,,,
83.7125,20.445845,0.0010709505,83.7125,20.445845,0.0008032128,,,,,,,,,,,,,,,,,,,,,,,,,,,,,,,,,,,,,,,,,,,,,,,,,,,,,,,,,,,,,83.7125,20.445845,1.0238286,83.7125,20.445845,0.39428377,,,,,,,,,,,,,,,,,,,,,,,,,,,,,,,,,,,,,,,,,,,,,,,,,,,,,,,,,,,,,,,
83.7125,20.475824,0.0008329614,83.7125,20.475824,0.0009073329,,,,,,,,,,,,,,,,,,,,,,,,,,,,,,,,,,,,,,,,,,,,,,,,,,,,,,,,,,,,,83.7125,20.475824,0.26065028,83.7125,20.475824,0.7127979,,,,,,,,,,,,,,,,,,,,,,,,,,,,,,,,,,,,,,,,,,,,,,,,,,,,,,,,,,,,,,,
83.7125,20.505804,0.00083296146,83.7125,20.505804,0.0005949724,,,,,,,,,,,,,,,,,,,,,,,,,,,,,,,,,,,,,,,,,,,,,,,,,,,,,,,,,,,,,83.7125,20.505804,0.29406953,83.7125,20.505804,-0.3352802,,,,,,,,,,,,,,,,,,,,,,,,,,,,,,,,,,,,,,,,,,,,,,,,,,,,,,,,,,,,,,,
83.7125,20.535784,0.0008924587,83.7125,20.535784,0.00084783573,,,,,,,,,,,,,,,,,,,,,,,,,,,,,,,,,,,,,,,,,,,,,,,,,,,,,,,,,,,,,83.7125,20.535784,0.44479042,83.7125,20.535784,0.54457194,,,,,,,,,,,,,,,,,,,,,,,,,,,,,,,,,,,,,,,,,,,,,,,,,,,,,,,,,,,,,,,
83.7125,20.565763,0.0008478358,83.7125,20.565763,0.00081808714,,,,,,,,,,,,,,,,,,,,,,,,,,,,,,,,,,,,,,,,,,,,,,,,,,,,,,,,,,,,,83.7125,20.565763,0.31066838,83.7125,20.565763,0.42153165,,,,,,,,,,,,,,,,,,,,,,,,,,,,,,,,,,,,,,,,,,,,,,,,,,,,,,,,,,,,,,,
83.7125,20.595741,0.001145322,83.7125,20.595741,0.0006395953,,,,,,,,,,,,,,,,,,,,,,,,,,,,,,,,,,,,,,,,,,,,,,,,,,,,,,,,,,,,,83.7125,20.595741,1.2582905,83.7125,20.595741,-0.17687772,,,,,,,,,,,,,,,,,,,,,,,,,,,,,,,,,,,,,,,,,,,,,,,,,,,,,,,,,,,,,,,
83.7125,20.625721,0.0007883385,83.7125,20.625721,0.00065446965,,,,,,,,,,,,,,,,,,,,,,,,,,,,,,,,,,,,,,,,,,,,,,,,,,,,,,,,,,,,,83.7125,20.625721,0.12103997,83.7125,20.625721,-0.15066211,,,,,,,,,,,,,,,,,,,,,,,,,,,,,,,,,,,,,,,,,,,,,,,,,,,,,,,,,,,,,,,
83.7125,20.6557,0.00071396696,83.7125,20.6557,0.0007734642,,,,,,,,,,,,,,,,,,,,,,,,,,,,,,,,,,,,,,,,,,,,,,,,,,,,,,,,,,,,,83.7125,20.6557,-0.08963624,83.7125,20.6557,0.28675684,,,,,,,,,,,,,,,,,,,,,,,,,,,,,,,,,,,,,,,,,,,,,,,,,,,,,,,,,,,,,,,
83.7125,20.68568,0.00068421825,83.7125,20.68568,0.00066934404,,,,,,,,,,,,,,,,,,,,,,,,,,,,,,,,,,,,,,,,,,,,,,,,,,,,,,,,,,,,,83.7125,20.68568,-0.1915656,83.7125,20.68568,-0.06968859,,,,,,,,,,,,,,,,,,,,,,,,,,,,,,,,,,,,,,,,,,,,,,,,,,,,,,,,,,,,,,,
83.7125,20.715658,0.0008478358,83.7125,20.715658,0.00077346415,,,,,,,,,,,,,,,,,,,,,,,,,,,,,,,,,,,,,,,,,,,,,,,,,,,,,,,,,,,,,83.7125,20.715658,0.32824472,83.7125,20.715658,0.25020525,,,,,,,,,,,,,,,,,,,,,,,,,,,,,,,,,,,,,,,,,,,,,,,,,,,,,,,,,,,,,,,
83.7125,20.745638,0.00084783573,83.7125,20.745638,0.00062472105,,,,,,,,,,,,,,,,,,,,,,,,,,,,,,,,,,,,,,,,,,,,,,,,,,,,,,,,,,,,,83.7125,20.745638,0.30339104,83.7125,20.745638,-0.24094926,,,,,,,,,,,,,,,,,,,,,,,,,,,,,,,,,,,,,,,,,,,,,,,,,,,,,,,,,,,,,,,
83.7125,20.775618,0.00080321287,83.7125,20.775618,0.0007734641,,,,,,,,,,,,,,,,,,,,,,,,,,,,,,,,,,,,,,,,,,,,,,,,,,,,,,,,,,,,,83.7125,20.775618,0.21501094,83.7125,20.775618,0.2748543,,,,,,,,,,,,,,,,,,,,,,,,,,,,,,,,,,,,,,,,,,,,,,,,,,,,,,,,,,,,,,,
83.7125,20.805597,0.0008924587,83.7125,20.805597,0.0007437155,,,,,,,,,,,,,,,,,,,,,,,,,,,,,,,,,,,,,,,,,,,,,,,,,,,,,,,,,,,,,83.7125,20.805597,0.4831825,83.7125,20.805597,0.1779273,,,,,,,,,,,,,,,,,,,,,,,,,,,,,,,,,,,,,,,,,,,,,,,,,,,,,,,,,,,,,,,
83.7125,20.835575,0.0009222073,83.7125,20.835575,0.00066934404,,,,,,,,,,,,,,,,,,,,,,,,,,,,,,,,,,,,,,,,,,,,,,,,,,,,,,,,,,,,,83.7125,20.835575,0.5469074,83.7125,20.835575,-0.057406135,,,,,,,,,,,,,,,,,,,,,,,,,,,,,,,,,,,,,,,,,,,,,,,,,,,,,,,,,,,,,,,
83.7125,20.865555,0.00074371556,83.7125,20.865555,0.00066934404,,,,,,,,,,,,,,,,,,,,,,,,,,,,,,,,,,,,,,,,,,,,,,,,,,,,,,,,,,,,,83.7125,20.865555,0.0017869638,83.7125,20.865555,-0.09198333,,,,,,,,,,,,,,,,,,,,,,,,,,,,,,,,,,,,,,,,,,,,,,,,,,,,,,,,,,,,,,,
83.7125,20.895535,0.0010263274,83.7125,20.895535,0.0008924588,,,,,,,,,,,,,,,,,,,,,,,,,,,,,,,,,,,,,,,,,,,,,,,,,,,,,,,,,,,,,83.7125,20.895535,0.9010248,83.7125,20.895535,0.6523809,,,,,,,,,,,,,,,,,,,,,,,,,,,,,,,,,,,,,,,,,,,,,,,,,,,,,,,,,,,,,,,
83.7125,20.925514,0.0006990926,83.7125,20.925514,0.00086271006,,,,,,,,,,,,,,,,,,,,,,,,,,,,,,,,,,,,,,,,,,,,,,,,,,,,,,,,,,,,,83.7125,20.925514,-0.12836075,83.7125,20.925514,0.5689239,,,,,,,,,,,,,,,,,,,,,,,,,,,,,,,,,,,,,,,,,,,,,,,,,,,,,,,,,,,,,,,
83.7125,20.955492,0.0007288412,83.7125,20.955492,0.00058009813,,,,,,,,,,,,,,,,,,,,,,,,,,,,,,,,,,,,,,,,,,,,,,,,,,,,,,,,,,,,,83.7125,20.955492,-0.0380299,83.7125,20.955492,-0.3923651,,,,,,,,,,,,,,,,,,,,,,,,,,,,,,,,,,,,,,,,,,,,,,,,,,,,,,,,,,,,,,,
83.7125,20.985472,0.00077346415,83.7125,20.985472,0.0007437156,,,,,,,,,,,,,,,,,,,,,,,,,,,,,,,,,,,,,,,,,,,,,,,,,,,,,,,,,,,,,83.7125,20.985472,0.069919795,83.7125,20.985472,0.18424359,,,,,,,,,,,,,,,,,,,,,,,,,,,,,,,,,,,,,,,,,,,,,,,,,,,,,,,,,,,,,,,
83.7125,21.015451,0.0005800982,83.7125,21.015451,0.00081808714,,,,,,,,,,,,,,,,,,,,,,,,,,,,,,,,,,,,,,,,,,,,,,,,,,,,,,,,,,,,,83.7125,21.015451,-0.5473838,83.7125,21.015451,0.4139884,,,,,,,,,,,,,,,,,,,,,,,,,,,,,,,,,,,,,,,,,,,,,,,,,,,,,,,,,,,,,,,
83.7125,21.045431,0.0009817046,83.7125,21.045431,0.00077346415,,,,,,,,,,,,,,,,,,,,,,,,,,,,,,,,,,,,,,,,,,,,,,,,,,,,,,,,,,,,,83.7125,21.045431,0.7476795,83.7125,21.045431,0.26258966,,,,,,,,,,,,,,,,,,,,,,,,,,,,,,,,,,,,,,,,,,,,,,,,,,,,,,,,,,,,,,,
83.7125,21.075409,0.0010858248,83.7125,21.075409,0.0006247211,,,,,,,,,,,,,,,,,,,,,,,,,,,,,,,,,,,,,,,,,,,,,,,,,,,,,,,,,,,,,83.7125,21.075409,1.0830517,83.7125,21.075409,-0.25472665,,,,,,,,,,,,,,,,,,,,,,,,,,,,,,,,,,,,,,,,,,,,,,,,,,,,,,,,,,,,,,,
83.7125,21.105389,0.0005206009,83.7125,21.105389,0.00072884123,,,,,,,,,,,,,,,,,,,,,,,,,,,,,,,,,,,,,,,,,,,,,,,,,,,,,,,,,,,,,83.7125,21.105389,-0.72032374,83.7125,21.105389,0.078599356,,,,,,,,,,,,,,,,,,,,,,,,,,,,,,,,,,,,,,,,,,,,,,,,,,,,,,,,,,,,,,,
83.7125,21.135368,0.0009222073,83.7125,21.135368,0.00078833854,,,,,,,,,,,,,,,,,,,,,,,,,,,,,,,,,,,,,,,,,,,,,,,,,,,,,,,,,,,,,83.7125,21.135368,0.5422404,83.7125,21.135368,0.31140888,,,,,,,,,,,,,,,,,,,,,,,,,,,,,,,,,,,,,,,,,,,,,,,,,,,,,,,,,,,,,,,
83.7125,21.165348,0.00058009813,83.7125,21.165348,0.0006990926,,,,,,,,,,,,,,,,,,,,,,,,,,,,,,,,,,,,,,,,,,,,,,,,,,,,,,,,,,,,,83.7125,21.165348,-0.52447534,83.7125,21.165348,0.00517512,,,,,,,,,,,,,,,,,,,,,,,,,,,,,,,,,,,,,,,,,,,,,,,,,,,,,,,,,,,,,,,
83.7125,21.195326,0.00086271006,83.7125,21.195326,0.00062472105,,,,,,,,,,,,,,,,,,,,,,,,,,,,,,,,,,,,,,,,,,,,,,,,,,,,,,,,,,,,,83.7125,21.195326,0.36354387,83.7125,21.195326,-0.24499144,,,,,,,,,,,,,,,,,,,,,,,,,,,,,,,,,,,,,,,,,,,,,,,,,,,,,,,,,,,,,,,
83.7125,21.225306,0.0007437155,83.7125,21.225306,0.0007734641,,,,,,,,,,,,,,,,,,,,,,,,,,,,,,,,,,,,,,,,,,,,,,,,,,,,,,,,,,,,,83.7125,21.225306,0.023315767,83.7125,21.225306,0.28092715,,,,,,,,,,,,,,,,,,,,,,,,,,,,,,,,,,,,,,,,,,,,,,,,,,,,,,,,,,,,,,,
83.7125,21.255285,0.0006098468,83.7125,21.255285,0.0007585899,,,,,,,,,,,,,,,,,,,,,,,,,,,,,,,,,,,,,,,,,,,,,,,,,,,,,,,,,,,,,83.7125,21.255285,-0.4361045,83.7125,21.255285,0.1995574,,,,,,,,,,,,,,,,,,,,,,,,,,,,,,,,,,,,,,,,,,,,,,,,,,,,,,,,,,,,,,,
83.7125,21.285265,0.00068421825,83.7125,21.285265,0.0007139669,,,,,,,,,,,,,,,,,,,,,,,,,,,,,,,,,,,,,,,,,,,,,,,,,,,,,,,,,,,,,83.7125,21.285265,-0.19147502,83.7125,21.285265,0.048478413,,,,,,,,,,,,,,,,,,,,,,,,,,,,,,,,,,,,,,,,,,,,,,,,,,,,,,,,,,,,,,,
83.7125,21.315243,0.0008032128,83.7125,21.315243,0.0007883386,,,,,,,,,,,,,,,,,,,,,,,,,,,,,,,,,,,,,,,,,,,,,,,,,,,,,,,,,,,,,83.7125,21.315243,0.17081094,83.7125,21.315243,0.34926775,,,,,,,,,,,,,,,,,,,,,,,,,,,,,,,,,,,,,,,,,,,,,,,,,,,,,,,,,,,,,,,
83.7125,21.345222,0.0009222073,83.7125,21.345222,0.00046110366,,,,,,,,,,,,,,,,,,,,,,,,,,,,,,,,,,,,,,,,,,,,,,,,,,,,,,,,,,,,,83.7125,21.345222,0.5774895,83.7125,21.345222,-0.7678118,,,,,,,,,,,,,,,,,,,,,,,,,,,,,,,,,,,,,,,,,,,,,,,,,,,,,,,,,,,,,,,
83.7125,21.375202,0.0009519559,83.7125,21.375202,0.00087758445,,,,,,,,,,,,,,,,,,,,,,,,,,,,,,,,,,,,,,,,,,,,,,,,,,,,,,,,,,,,,83.7125,21.375202,0.66612166,83.7125,21.375202,0.64064145,,,,,,,,,,,,,,,,,,,,,,,,,,,,,,,,,,,,,,,,,,,,,,,,,,,,,,,,,,,,,,,
83.7125,21.405182,0.00075858994,83.7125,21.405182,0.00069909263,,,,,,,,,,,,,,,,,,,,,,,,,,,,,,,,,,,,,,,,,,,,,,,,,,,,,,,,,,,,,83.7125,21.405182,0.0053838757,83.7125,21.405182,0.014408403,,,,,,,,,,,,,,,,,,,,,,,,,,,,,,,,,,,,,,,,,,,,,,,,,,,,,,,,,,,,,,,
83.7125,21.435162,0.0011304476,83.7125,21.435162,0.000713967,,,,,,,,,,,,,,,,,,,,,,,,,,,,,,,,,,,,,,,,,,,,,,,,,,,,,,,,,,,,,83.7125,21.435162,1.1860265,83.7125,21.435162,0.052714396,,,,,,,,,,,,,,,,,,,,,,,,,,,,,,,,,,,,,,,,,,,,,,,,,,,,,,,,,,,,,,,
83.7125,21.46514,0.0009222073,83.7125,21.46514,0.000713967,,,,,,,,,,,,,,,,,,,,,,,,,,,,,,,,,,,,,,,,,,,,,,,,,,,,,,,,,,,,,83.7125,21.46514,0.56651866,83.7125,21.46514,0.058107182,,,,,,,,,,,,,,,,,,,,,,,,,,,,,,,,,,,,,,,,,,,,,,,,,,,,,,,,,,,,,,,
83.7125,21.49512,0.00074371556,83.7125,21.49512,0.00080321287,,,,,,,,,,,,,,,,,,,,,,,,,,,,,,,,,,,,,,,,,,,,,,,,,,,,,,,,,,,,,83.7125,21.49512,-0.009679486,83.7125,21.49512,0.37017685,,,,,,,,,,,,,,,,,,,,,,,,,,,,,,,,,,,,,,,,,,,,,,,,,,,,,,,,,,,,,,,
83.7125,21.525099,0.000996579,83.7125,21.525099,0.0007437155,,,,,,,,,,,,,,,,,,,,,,,,,,,,,,,,,,,,,,,,,,,,,,,,,,,,,,,,,,,,,83.7125,21.525099,0.8107901,83.7125,21.525099,0.16604502,,,,,,,,,,,,,,,,,,,,,,,,,,,,,,,,,,,,,,,,,,,,,,,,,,,,,,,,,,,,,,,
83.7125,21.555079,0.0010412018,83.7125,21.555079,0.0008180871,,,,,,,,,,,,,,,,,,,,,,,,,,,,,,,,,,,,,,,,,,,,,,,,,,,,,,,,,,,,,83.7125,21.555079,0.94309235,83.7125,21.555079,0.39881095,,,,,,,,,,,,,,,,,,,,,,,,,,,,,,,,,,,,,,,,,,,,,,,,,,,,,,,,,,,,,,,
83.7125,21.585056,0.00068421825,83.7125,21.585056,0.0007883385,,,,,,,,,,,,,,,,,,,,,,,,,,,,,,,,,,,,,,,,,,,,,,,,,,,,,,,,,,,,,83.7125,21.585056,-0.19366974,83.7125,21.585056,0.33352026,,,,,,,,,,,,,,,,,,,,,,,,,,,,,,,,,,,,,,,,,,,,,,,,,,,,,,,,,,,,,,,
83.7125,21.615036,0.0008924588,83.7125,21.615036,0.0006842183,,,,,,,,,,,,,,,,,,,,,,,,,,,,,,,,,,,,,,,,,,,,,,,,,,,,,,,,,,,,,83.7125,21.615036,0.4776275,83.7125,21.615036,-0.032721546,,,,,,,,,,,,,,,,,,,,,,,,,,,,,,,,,,,,,,,,,,,,,,,,,,,,,,,,,,,,,,,
83.7125,21.645016,0.0008924587,83.7125,21.645016,0.00072884123,,,,,,,,,,,,,,,,,,,,,,,,,,,,,,,,,,,,,,,,,,,,,,,,,,,,,,,,,,,,,83.7125,21.645016,0.44687164,83.7125,21.645016,0.10408315,,,,,,,,,,,,,,,,,,,,,,,,,,,,,,,,,,,,,,,,,,,,,,,,,,,,,,,,,,,,,,,
83.7125,21.674995,0.0008924588,83.7125,21.674995,0.0006395954,,,,,,,,,,,,,,,,,,,,,,,,,,,,,,,,,,,,,,,,,,,,,,,,,,,,,,,,,,,,,83.7125,21.674995,0.45293733,83.7125,21.674995,-0.14464903,,,,,,,,,,,,,,,,,,,,,,,,,,,,,,,,,,,,,,,,,,,,,,,,,,,,,,,,,,,,,,,
83.7125,21.704973,0.0009222073,83.7125,21.704973,0.0006098467,,,,,,,,,,,,,,,,,,,,,,,,,,,,,,,,,,,,,,,,,,,,,,,,,,,,,,,,,,,,,83.7125,21.704973,0.5700953,83.7125,21.704973,-0.29672125,,,,,,,,,,,,,,,,,,,,,,,,,,,,,,,,,,,,,,,,,,,,,,,,,,,,,,,,,,,,,,,
83.7125,21.734953,0.0007734641,83.7125,21.734953,0.00069909263,,,,,,,,,,,,,,,,,,,,,,,,,,,,,,,,,,,,,,,,,,,,,,,,,,,,,,,,,,,,,83.7125,21.734953,0.083950266,83.7125,21.734953,0.031431615,,,,,,,,,,,,,,,,,,,,,,,,,,,,,,,,,,,,,,,,,,,,,,,,,,,,,,,,,,,,,,,
83.7125,21.764933,0.00081808714,83.7125,21.764933,0.0005949724,,,,,,,,,,,,,,,,,,,,,,,,,,,,,,,,,,,,,,,,,,,,,,,,,,,,,,,,,,,,,83.7125,21.764933,0.21277945,83.7125,21.764933,-0.3496723,,,,,,,,,,,,,,,,,,,,,,,,,,,,,,,,,,,,,,,,,,,,,,,,,,,,,,,,,,,,,,,
83.7125,21.794912,0.00080321275,83.7125,21.794912,0.0004908523,,,,,,,,,,,,,,,,,,,,,,,,,,,,,,,,,,,,,,,,,,,,,,,,,,,,,,,,,,,,,83.7125,21.794912,0.15933512,83.7125,21.794912,-0.69058704,,,,,,,,,,,,,,,,,,,,,,,,,,,,,,,,,,,,,,,,,,,,,,,,,,,,,,,,,,,,,,,
83.7125,21.82489,0.00084783573,83.7125,21.82489,0.0006098467,,,,,,,,,,,,,,,,,,,,,,,,,,,,,,,,,,,,,,,,,,,,,,,,,,,,,,,,,,,,,83.7125,21.82489,0.34865427,83.7125,21.82489,-0.28060973,,,,,,,,,,,,,,,,,,,,,,,,,,,,,,,,,,,,,,,,,,,,,,,,,,,,,,,,,,,,,,,
83.7125,21.85487,0.00072884123,83.7125,21.85487,0.0007585899,,,,,,,,,,,,,,,,,,,,,,,,,,,,,,,,,,,,,,,,,,,,,,,,,,,,,,,,,,,,,83.7125,21.85487,-0.04484815,83.7125,21.85487,0.18708496,,,,,,,,,,,,,,,,,,,,,,,,,,,,,,,,,,,,,,,,,,,,,,,,,,,,,,,,,,,,,,,
83.7125,21.88485,0.0006395954,83.7125,21.88485,0.00062472105,,,,,,,,,,,,,,,,,,,,,,,,,,,,,,,,,,,,,,,,,,,,,,,,,,,,,,,,,,,,,83.7125,21.88485,-0.35311195,83.7125,21.88485,-0.23540398,,,,,,,,,,,,,,,,,,,,,,,,,,,,,,,,,,,,,,,,,,,,,,,,,,,,,,,,,,,,,,,
83.7125,21.91483,0.00068421836,83.7125,21.91483,0.00086271006,,,,,,,,,,,,,,,,,,,,,,,,,,,,,,,,,,,,,,,,,,,,,,,,,,,,,,,,,,,,,83.7125,21.91483,-0.21709827,83.7125,21.91483,0.53423786,,,,,,,,,,,,,,,,,,,,,,,,,,,,,,,,,,,,,,,,,,,,,,,,,,,,,,,,,,,,,,,
83.7125,21.944807,0.00069909263,83.7125,21.944807,0.0008627102,,,,,,,,,,,,,,,,,,,,,,,,,,,,,,,,,,,,,,,,,,,,,,,,,,,,,,,,,,,,,83.7125,21.944807,-0.14611603,83.7125,21.944807,0.5825617,,,,,,,,,,,,,,,,,,,,,,,,,,,,,,,,,,,,,,,,,,,,,,,,,,,,,,,,,,,,,,,
83.7125,21.974787,0.000951956,83.7125,21.974787,0.0008924587,,,,,,,,,,,,,,,,,,,,,,,,,,,,,,,,,,,,,,,,,,,,,,,,,,,,,,,,,,,,,83.7125,21.974787,0.6572691,83.7125,21.974787,0.61705965,,,,,,,,,,,,,,,,,,,,,,,,,,,,,,,,,,,,,,,,,,,,,,,,,,,,,,,,,,,,,,,
83.7125,22.004766,0.00078833854,83.7125,22.004766,0.0007585899,,,,,,,,,,,,,,,,,,,,,,,,,,,,,,,,,,,,,,,,,,,,,,,,,,,,,,,,,,,,,83.7125,22.004766,0.117734514,83.7125,22.004766,0.2131094,,,,,,,,,,,,,,,,,,,,,,,,,,,,,,,,,,,,,,,,,,,,,,,,,,,,,,,,,,,,,,,
83.7125,22.034746,0.000669344,83.7125,22.034746,0.000669344,,,,,,,,,,,,,,,,,,,,,,,,,,,,,,,,,,,,,,,,,,,,,,,,,,,,,,,,,,,,,83.7125,22.034746,-0.24677818,83.7125,22.034746,-0.12401969,,,,,,,,,,,,,,,,,,,,,,,,,,,,,,,,,,,,,,,,,,,,,,,,,,,,,,,,,,,,,,,
83.7125,22.064724,0.0008329614,83.7125,22.064724,0.0007139669,,,,,,,,,,,,,,,,,,,,,,,,,,,,,,,,,,,,,,,,,,,,,,,,,,,,,,,,,,,,,83.7125,22.064724,0.28759536,83.7125,22.064724,0.06517336,,,,,,,,,,,,,,,,,,,,,,,,,,,,,,,,,,,,,,,,,,,,,,,,,,,,,,,,,,,,,,,
83.7125,22.094704,0.0009519559,83.7125,22.094704,0.00069909263,,,,,,,,,,,,,,,,,,,,,,,,,,,,,,,,,,,,,,,,,,,,,,,,,,,,,,,,,,,,,83.7125,22.094704,0.6456458,83.7125,22.094704,-0.0034253066,,,,,,,,,,,,,,,,,,,,,,,,,,,,,,,,,,,,,,,,,,,,,,,,,,,,,,,,,,,,,,,
83.7125,22.124683,0.000669344,83.7125,22.124683,0.0005206009,,,,,,,,,,,,,,,,,,,,,,,,,,,,,,,,,,,,,,,,,,,,,,,,,,,,,,,,,,,,,83.7125,22.124683,-0.23935519,83.7125,22.124683,-0.56592894,,,,,,,,,,,,,,,,,,,,,,,,,,,,,,,,,,,,,,,,,,,,,,,,,,,,,,,,,,,,,,,
83.7125,22.154663,0.0007437156,83.7125,22.154663,0.0008180871,,,,,,,,,,,,,,,,,,,,,,,,,,,,,,,,,,,,,,,,,,,,,,,,,,,,,,,,,,,,,83.7125,22.154663,0.004553745,83.7125,22.154663,0.43696573,,,,,,,,,,,,,,,,,,,,,,,,,,,,,,,,,,,,,,,,,,,,,,,,,,,,,,,,,,,,,,,
83.7125,22.184643,0.0009073329,83.7125,22.184643,0.00066934404,,,,,,,,,,,,,,,,,,,,,,,,,,,,,,,,,,,,,,,,,,,,,,,,,,,,,,,,,,,,,83.7125,22.184643,0.5248899,83.7125,22.184643,-0.08699834,,,,,,,,,,,,,,,,,,,,,,,,,,,,,,,,,,,,,,,,,,,,,,,,,,,,,,,,,,,,,,,
83.7125,22.21462,0.0006544697,83.7125,22.21462,0.00056522386,,,,,,,,,,,,,,,,,,,,,,,,,,,,,,,,,,,,,,,,,,,,,,,,,,,,,,,,,,,,,83.7125,22.21462,-0.30235657,83.7125,22.21462,-0.42380893,,,,,,,,,,,,,,,,,,,,,,,,,,,,,,,,,,,,,,,,,,,,,,,,,,,,,,,,,,,,,,,
83.7125,22.2446,0.0008627101,83.7125,22.2446,0.00072884123,,,,,,,,,,,,,,,,,,,,,,,,,,,,,,,,,,,,,,,,,,,,,,,,,,,,,,,,,,,,,83.7125,22.2446,0.37400076,83.7125,22.2446,0.12241606,,,,,,,,,,,,,,,,,,,,,,,,,,,,,,,,,,,,,,,,,,,,,,,,,,,,,,,,,,,,,,,
83.7125,22.27458,0.0009222073,83.7125,22.27458,0.00080321287,,,,,,,,,,,,,,,,,,,,,,,,,,,,,,,,,,,,,,,,,,,,,,,,,,,,,,,,,,,,,83.7125,22.27458,0.5485359,83.7125,22.27458,0.3619419,,,,,,,,,,,,,,,,,,,,,,,,,,,,,,,,,,,,,,,,,,,,,,,,,,,,,,,,,,,,,,,
83.7125,22.30456,0.000713967,83.7125,22.30456,0.0007585899,,,,,,,,,,,,,,,,,,,,,,,,,,,,,,,,,,,,,,,,,,,,,,,,,,,,,,,,,,,,,83.7125,22.30456,-0.10782046,83.7125,22.30456,0.24015982,,,,,,,,,,,,,,,,,,,,,,,,,,,,,,,,,,,,,,,,,,,,,,,,,,,,,,,,,,,,,,,
83.7125,22.334538,0.0007883384,83.7125,22.334538,0.00075858994,,,,,,,,,,,,,,,,,,,,,,,,,,,,,,,,,,,,,,,,,,,,,,,,,,,,,,,,,,,,,83.7125,22.334538,0.12873425,83.7125,22.334538,0.19815093,,,,,,,,,,,,,,,,,,,,,,,,,,,,,,,,,,,,,,,,,,,,,,,,,,,,,,,,,,,,,,,
83.7125,22.364517,0.00066934404,83.7125,22.364517,0.0006842183,,,,,,,,,,,,,,,,,,,,,,,,,,,,,,,,,,,,,,,,,,,,,,,,,,,,,,,,,,,,,83.7125,22.364517,-0.23646858,83.7125,22.364517,-0.018171553,,,,,,,,,,,,,,,,,,,,,,,,,,,,,,,,,,,,,,,,,,,,,,,,,,,,,,,,,,,,,,,
83.7125,22.394497,0.00066934404,83.7125,22.394497,0.00068421825,,,,,,,,,,,,,,,,,,,,,,,,,,,,,,,,,,,,,,,,,,,,,,,,,,,,,,,,,,,,,83.7125,22.394497,-0.23375034,83.7125,22.394497,-0.042666692,,,,,,,,,,,,,,,,,,,,,,,,,,,,,,,,,,,,,,,,,,,,,,,,,,,,,,,,,,,,,,,
83.7125,22.424477,0.0007883385,83.7125,22.424477,0.00072884135,,,,,,,,,,,,,,,,,,,,,,,,,,,,,,,,,,,,,,,,,,,,,,,,,,,,,,,,,,,,,83.7125,22.424477,0.12914008,83.7125,22.424477,0.12638141,,,,,,,,,,,,,,,,,,,,,,,,,,,,,,,,,,,,,,,,,,,,,,,,,,,,,,,,,,,,,,,
83.7125,22.454454,0.00080321287,83.7125,22.454454,0.00072884123,,,,,,,,,,,,,,,,,,,,,,,,,,,,,,,,,,,,,,,,,,,,,,,,,,,,,,,,,,,,,83.7125,22.454454,0.152898,83.7125,22.454454,0.09500516,,,,,,,,,,,,,,,,,,,,,,,,,,,,,,,,,,,,,,,,,,,,,,,,,,,,,,,,,,,,,,,
83.7125,22.484434,0.0007437155,83.7125,22.484434,0.0005949725,,,,,,,,,,,,,,,,,,,,,,,,,,,,,,,,,,,,,,,,,,,,,,,,,,,,,,,,,,,,,83.7125,22.484434,-0.008741866,83.7125,22.484434,-0.32875857,,,,,,,,,,,,,,,,,,,,,,,,,,,,,,,,,,,,,,,,,,,,,,,,,,,,,,,,,,,,,,,
83.7125,22.514414,0.0008478357,83.7125,22.514414,0.00083296135,,,,,,,,,,,,,,,,,,,,,,,,,,,,,,,,,,,,,,,,,,,,,,,,,,,,,,,,,,,,,83.7125,22.514414,0.33897865,83.7125,22.514414,0.4555117,,,,,,,,,,,,,,,,,,,,,,,,,,,,,,,,,,,,,,,,,,,,,,,,,,,,,,,,,,,,,,,
83.7125,22.544394,0.0008478358,83.7125,22.544394,0.000624721,,,,,,,,,,,,,,,,,,,,,,,,,,,,,,,,,,,,,,,,,,,,,,,,,,,,,,,,,,,,,83.7125,22.544394,0.33894384,83.7125,22.544394,-0.24010928,,,,,,,,,,,,,,,,,,,,,,,,,,,,,,,,,,,,,,,,,,,,,,,,,,,,,,,,,,,,,,,
83.7125,22.574371,0.00086271006,83.7125,22.574371,0.0005206008,,,,,,,,,,,,,,,,,,,,,,,,,,,,,,,,,,,,,,,,,,,,,,,,,,,,,,,,,,,,,83.7125,22.574371,0.34283876,83.7125,22.574371,-0.570068,,,,,,,,,,,,,,,,,,,,,,,,,,,,,,,,,,,,,,,,,,,,,,,,,,,,,,,,,,,,,,,
83.7125,22.604351,0.00084783573,83.7125,22.604351,0.0006990925,,,,,,,,,,,,,,,,,,,,,,,,,,,,,,,,,,,,,,,,,,,,,,,,,,,,,,,,,,,,,83.7125,22.604351,0.33692765,83.7125,22.604351,0.029028747,,,,,,,,,,,,,,,,,,,,,,,,,,,,,,,,,,,,,,,,,,,,,,,,,,,,,,,,,,,,,,,
83.7125,22.63433,0.00071396696,83.7125,22.63433,0.00086271006,,,,,,,,,,,,,,,,,,,,,,,,,,,,,,,,,,,,,,,,,,,,,,,,,,,,,,,,,,,,,83.7125,22.63433,-0.111495204,83.7125,22.63433,0.56494343,,,,,,,,,,,,,,,,,,,,,,,,,,,,,,,,,,,,,,,,,,,,,,,,,,,,,,,,,,,,,,,
83.7125,22.66431,0.0007585899,83.7125,22.66431,0.000669344,,,,,,,,,,,,,,,,,,,,,,,,,,,,,,,,,,,,,,,,,,,,,,,,,,,,,,,,,,,,,83.7125,22.66431,0.044529065,83.7125,22.66431,-0.10391748,,,,,,,,,,,,,,,,,,,,,,,,,,,,,,,,,,,,,,,,,,,,,,,,,,,,,,,,,,,,,,,
83.7125,22.694288,0.0008924587,83.7125,22.694288,0.00087758445,,,,,,,,,,,,,,,,,,,,,,,,,,,,,,,,,,,,,,,,,,,,,,,,,,,,,,,,,,,,,83.7125,22.694288,0.47440898,83.7125,22.694288,0.60188794,,,,,,,,,,,,,,,,,,,,,,,,,,,,,,,,,,,,,,,,,,,,,,,,,,,,,,,,,,,,,,,
83.7125,22.724268,0.0006842183,83.7125,22.724268,0.0005800982,,,,,,,,,,,,,,,,,,,,,,,,,,,,,,,,,,,,,,,,,,,,,,,,,,,,,,,,,,,,,83.7125,22.724268,-0.16015334,83.7125,22.724268,-0.37656778,,,,,,,,,,,,,,,,,,,,,,,,,,,,,,,,,,,,,,,,,,,,,,,,,,,,,,,,,,,,,,,
83.7125,22.754248,0.00069909263,83.7125,22.754248,0.0006395953,,,,,,,,,,,,,,,,,,,,,,,,,,,,,,,,,,,,,,,,,,,,,,,,,,,,,,,,,,,,,83.7125,22.754248,-0.15353891,83.7125,22.754248,-0.1872473,,,,,,,,,,,,,,,,,,,,,,,,,,,,,,,,,,,,,,,,,,,,,,,,,,,,,,,,,,,,,,,
83.7125,22.784227,0.0009073329,83.7125,22.784227,0.0006990926,,,,,,,,,,,,,,,,,,,,,,,,,,,,,,,,,,,,,,,,,,,,,,,,,,,,,,,,,,,,,83.7125,22.784227,0.49228108,83.7125,22.784227,-0.010290242,,,,,,,,,,,,,,,,,,,,,,,,,,,,,,,,,,,,,,,,,,,,,,,,,,,,,,,,,,,,,,,
83.7125,22.814205,0.000713967,83.7125,22.814205,0.00086271006,,,,,,,,,,,,,,,,,,,,,,,,,,,,,,,,,,,,,,,,,,,,,,,,,,,,,,,,,,,,,83.7125,22.814205,-0.08146321,83.7125,22.814205,0.5370191,,,,,,,,,,,,,,,,,,,,,,,,,,,,,,,,,,,,,,,,,,,,,,,,,,,,,,,,,,,,,,,
83.7125,22.844185,0.00090733304,83.7125,22.844185,0.00058009813,,,,,,,,,,,,,,,,,,,,,,,,,,,,,,,,,,,,,,,,,,,,,,,,,,,,,,,,,,,,,83.7125,22.844185,0.51128787,83.7125,22.844185,-0.40974987,,,,,,,,,,,,,,,,,,,,,,,,,,,,,,,,,,,,,,,,,,,,,,,,,,,,,,,,,,,,,,,
83.7125,22.874165,0.0007734641,83.7125,22.874165,0.0006247211,,,,,,,,,,,,,,,,,,,,,,,,,,,,,,,,,,,,,,,,,,,,,,,,,,,,,,,,,,,,,83.7125,22.874165,0.09351948,83.7125,22.874165,-0.25118452,,,,,,,,,,,,,,,,,,,,,,,,,,,,,,,,,,,,,,,,,,,,,,,,,,,,,,,,,,,,,,,
83.7125,22.904144,0.0005949724,83.7125,22.904144,0.00065446965,,,,,,,,,,,,,,,,,,,,,,,,,,,,,,,,,,,,,,,,,,,,,,,,,,,,,,,,,,,,,83.7125,22.904144,-0.49050623,83.7125,22.904144,-0.13562065,,,,,,,,,,,,,,,,,,,,,,,,,,,,,,,,,,,,,,,,,,,,,,,,,,,,,,,,,,,,,,,
83.7125,22.934122,0.00083296146,83.7125,22.934122,0.00052060094,,,,,,,,,,,,,,,,,,,,,,,,,,,,,,,,,,,,,,,,,,,,,,,,,,,,,,,,,,,,,83.7125,22.934122,0.26093924,83.7125,22.934122,-0.5881724,,,,,,,,,,,,,,,,,,,,,,,,,,,,,,,,,,,,,,,,,,,,,,,,,,,,,,,,,,,,,,,
83.7125,22.964102,0.00068421836,83.7125,22.964102,0.00066934404,,,,,,,,,,,,,,,,,,,,,,,,,,,,,,,,,,,,,,,,,,,,,,,,,,,,,,,,,,,,,83.7125,22.964102,-0.1792003,83.7125,22.964102,-0.087504834,,,,,,,,,,,,,,,,,,,,,,,,,,,,,,,,,,,,,,,,,,,,,,,,,,,,,,,,,,,,,,,
83.7125,22.994081,0.0006842183,83.7125,22.994081,0.00080321287,,,,,,,,,,,,,,,,,,,,,,,,,,,,,,,,,,,,,,,,,,,,,,,,,,,,,,,,,,,,,83.7125,22.994081,-0.21689028,83.7125,22.994081,0.35583776,,,,,,,,,,,,,,,,,,,,,,,,,,,,,,,,,,,,,,,,,,,,,,,,,,,,,,,,,,,,,,,
83.7125,23.024061,0.0008627101,83.7125,23.024061,0.0005949724,,,,,,,,,,,,,,,,,,,,,,,,,,,,,,,,,,,,,,,,,,,,,,,,,,,,,,,,,,,,,83.7125,23.024061,0.3702996,83.7125,23.024061,-0.34708804,,,,,,,,,,,,,,,,,,,,,,,,,,,,,,,,,,,,,,,,,,,,,,,,,,,,,,,,,,,,,,,
83.7125,23.05404,0.0009519559,83.7125,23.05404,0.00078833854,,,,,,,,,,,,,,,,,,,,,,,,,,,,,,,,,,,,,,,,,,,,,,,,,,,,,,,,,,,,,83.7125,23.05404,0.633178,83.7125,23.05404,0.31475183,,,,,,,,,,,,,,,,,,,,,,,,,,,,,,,,,,,,,,,,,,,,,,,,,,,,,,,,,,,,,,,
83.7125,23.084019,0.00066934404,83.7125,23.084019,0.000669344,,,,,,,,,,,,,,,,,,,,,,,,,,,,,,,,,,,,,,,,,,,,,,,,,,,,,,,,,,,,,83.7125,23.084019,-0.22728221,83.7125,23.084019,-0.10154441,,,,,,,,,,,,,,,,,,,,,,,,,,,,,,,,,,,,,,,,,,,,,,,,,,,,,,,,,,,,,,,
83.7125,23.113998,0.00072884123,83.7125,23.113998,0.000669344,,,,,,,,,,,,,,,,,,,,,,,,,,,,,,,,,,,,,,,,,,,,,,,,,,,,,,,,,,,,,83.7125,23.113998,-0.04037349,83.7125,23.113998,-0.11922305,,,,,,,,,,,,,,,,,,,,,,,,,,,,,,,,,,,,,,,,,,,,,,,,,,,,,,,,,,,,,,,
83.7125,23.143978,0.0007585899,83.7125,23.143978,0.0004759779,,,,,,,,,,,,,,,,,,,,,,,,,,,,,,,,,,,,,,,,,,,,,,,,,,,,,,,,,,,,,83.7125,23.143978,0.039300792,83.7125,23.143978,-0.7111763,,,,,,,,,,,,,,,,,,,,,,,,,,,,,,,,,,,,,,,,,,,,,,,,,,,,,,,,,,,,,,,
83.7125,23.173958,0.0007288412,83.7125,23.173958,0.0005800982,,,,,,,,,,,,,,,,,,,,,,,,,,,,,,,,,,,,,,,,,,,,,,,,,,,,,,,,,,,,,83.7125,23.173958,-0.031657178,83.7125,23.173958,-0.39399898,,,,,,,,,,,,,,,,,,,,,,,,,,,,,,,,,,,,,,,,,,,,,,,,,,,,,,,,,,,,,,,
83.7125,23.203936,0.00084783573,83.7125,23.203936,0.00066934404,,,,,,,,,,,,,,,,,,,,,,,,,,,,,,,,,,,,,,,,,,,,,,,,,,,,,,,,,,,,,83.7125,23.203936,0.3607479,83.7125,23.203936,-0.13231449,,,,,,,,,,,,,,,,,,,,,,,,,,,,,,,,,,,,,,,,,,,,,,,,,,,,,,,,,,,,,,,
83.7125,23.233915,0.00093708164,83.7125,23.233915,0.00078833854,,,,,,,,,,,,,,,,,,,,,,,,,,,,,,,,,,,,,,,,,,,,,,,,,,,,,,,,,,,,,83.7125,23.233915,0.6051737,83.7125,23.233915,0.31134227,,,,,,,,,,,,,,,,,,,,,,,,,,,,,,,,,,,,,,,,,,,,,,,,,,,,,,,,,,,,,,,
83.7125,23.263895,0.0007883385,83.7125,23.263895,0.00083296146,,,,,,,,,,,,,,,,,,,,,,,,,,,,,,,,,,,,,,,,,,,,,,,,,,,,,,,,,,,,,83.7125,23.263895,0.12159947,83.7125,23.263895,0.4208462,,,,,,,,,,,,,,,,,,,,,,,,,,,,,,,,,,,,,,,,,,,,,,,,,,,,,,,,,,,,,,,
83.7125,23.293875,0.0006990926,83.7125,23.293875,0.0006098468,,,,,,,,,,,,,,,,,,,,,,,,,,,,,,,,,,,,,,,,,,,,,,,,,,,,,,,,,,,,,83.7125,23.293875,-0.13883178,83.7125,23.293875,-0.30011994,,,,,,,,,,,,,,,,,,,,,,,,,,,,,,,,,,,,,,,,,,,,,,,,,,,,,,,,,,,,,,,
83.7125,23.323853,0.00092220743,83.7125,23.323853,0.0006544697,,,,,,,,,,,,,,,,,,,,,,,,,,,,,,,,,,,,,,,,,,,,,,,,,,,,,,,,,,,,,83.7125,23.323853,0.53615355,83.7125,23.323853,-0.13052449,,,,,,,,,,,,,,,,,,,,,,,,,,,,,,,,,,,,,,,,,,,,,,,,,,,,,,,,,,,,,,,
83.7125,23.353832,0.00093708164,83.7125,23.353832,0.00080321275,,,,,,,,,,,,,,,,,,,,,,,,,,,,,,,,,,,,,,,,,,,,,,,,,,,,,,,,,,,,,83.7125,23.353832,0.6198423,83.7125,23.353832,0.34894004,,,,,,,,,,,,,,,,,,,,,,,,,,,,,,,,,,,,,,,,,,,,,,,,,,,,,,,,,,,,,,,
83.7125,23.383812,0.00080321287,83.7125,23.383812,0.000669344,,,,,,,,,,,,,,,,,,,,,,,,,,,,,,,,,,,,,,,,,,,,,,,,,,,,,,,,,,,,,83.7125,23.383812,0.17921016,83.7125,23.383812,-0.10787078,,,,,,,,,,,,,,,,,,,,,,,,,,,,,,,,,,,,,,,,,,,,,,,,,,,,,,,,,,,,,,,
83.7125,23.413792,0.00090733304,83.7125,23.413792,0.0005800982,,,,,,,,,,,,,,,,,,,,,,,,,,,,,,,,,,,,,,,,,,,,,,,,,,,,,,,,,,,,,83.7125,23.413792,0.5067076,83.7125,23.413792,-0.3889147,,,,,,,,,,,,,,,,,,,,,,,,,,,,,,,,,,,,,,,,,,,,,,,,,,,,,,,,,,,,,,,
83.7125,23.44377,0.00083296146,83.7125,23.44377,0.0006098467,,,,,,,,,,,,,,,,,,,,,,,,,,,,,,,,,,,,,,,,,,,,,,,,,,,,,,,,,,,,,83.7125,23.44377,0.27567798,83.7125,23.44377,-0.3070326,,,,,,,,,,,,,,,,,,,,,,,,,,,,,,,,,,,,,,,,,,,,,,,,,,,,,,,,,,,,,,,
83.7125,23.47375,0.00078833854,83.7125,23.47375,0.00062472105,,,,,,,,,,,,,,,,,,,,,,,,,,,,,,,,,,,,,,,,,,,,,,,,,,,,,,,,,,,,,83.7125,23.47375,0.16882819,83.7125,23.47375,-0.21367528,,,,,,,,,,,,,,,,,,,,,,,,,,,,,,,,,,,,,,,,,,,,,,,,,,,,,,,,,,,,,,,
83.7125,23.503729,0.00075858994,83.7125,23.503729,0.00072884123,,,,,,,,,,,,,,,,,,,,,,,,,,,,,,,,,,,,,,,,,,,,,,,,,,,,,,,,,,,,,83.7125,23.503729,0.03429479,83.7125,23.503729,0.12516874,,,,,,,,,,,,,,,,,,,,,,,,,,,,,,,,,,,,,,,,,,,,,,,,,,,,,,,,,,,,,,,
83.7125,23.533709,0.0007734641,83.7125,23.533709,0.00086271,,,,,,,,,,,,,,,,,,,,,,,,,,,,,,,,,,,,,,,,,,,,,,,,,,,,,,,,,,,,,83.7125,23.533709,0.09799984,83.7125,23.533709,0.5566289,,,,,,,,,,,,,,,,,,,,,,,,,,,,,,,,,,,,,,,,,,,,,,,,,,,,,,,,,,,,,,,
83.7125,23.563686,0.0007883385,83.7125,23.563686,0.0005949724,,,,,,,,,,,,,,,,,,,,,,,,,,,,,,,,,,,,,,,,,,,,,,,,,,,,,,,,,,,,,83.7125,23.563686,0.13410467,83.7125,23.563686,-0.3138813,,,,,,,,,,,,,,,,,,,,,,,,,,,,,,,,,,,,,,,,,,,,,,,,,,,,,,,,,,,,,,,
83.7125,23.593666,0.0007734642,83.7125,23.593666,0.00066934404,,,,,,,,,,,,,,,,,,,,,,,,,,,,,,,,,,,,,,,,,,,,,,,,,,,,,,,,,,,,,83.7125,23.593666,0.07981557,83.7125,23.593666,-0.10371646,,,,,,,,,,,,,,,,,,,,,,,,,,,,,,,,,,,,,,,,,,,,,,,,,,,,,,,,,,,,,,,
83.7125,23.623646,0.00069909263,83.7125,23.623646,0.000669344,,,,,,,,,,,,,,,,,,,,,,,,,,,,,,,,,,,,,,,,,,,,,,,,,,,,,,,,,,,,,83.7125,23.623646,-0.14353849,83.7125,23.623646,-0.09708246,,,,,,,,,,,,,,,,,,,,,,,,,,,,,,,,,,,,,,,,,,,,,,,,,,,,,,,,,,,,,,,
83.7125,23.653625,0.0005800982,83.7125,23.653625,0.0007883385,,,,,,,,,,,,,,,,,,,,,,,,,,,,,,,,,,,,,,,,,,,,,,,,,,,,,,,,,,,,,83.7125,23.653625,-0.5397389,83.7125,23.653625,0.29757082,,,,,,,,,,,,,,,,,,,,,,,,,,,,,,,,,,,,,,,,,,,,,,,,,,,,,,,,,,,,,,,
83.7125,23.683603,0.0007437156,83.7125,23.683603,0.00084783573,,,,,,,,,,,,,,,,,,,,,,,,,,,,,,,,,,,,,,,,,,,,,,,,,,,,,,,,,,,,,83.7125,23.683603,-0.011246185,83.7125,23.683603,0.5003473,,,,,,,,,,,,,,,,,,,,,,,,,,,,,,,,,,,,,,,,,,,,,,,,,,,,,,,,,,,,,,,
83.7125,23.713583,0.000713967,83.7125,23.713583,0.000713967,,,,,,,,,,,,,,,,,,,,,,,,,,,,,,,,,,,,,,,,,,,,,,,,,,,,,,,,,,,,,83.7125,23.713583,-0.09691174,83.7125,23.713583,0.1027368,,,,,,,,,,,,,,,,,,,,,,,,,,,,,,,,,,,,,,,,,,,,,,,,,,,,,,,,,,,,,,,
83.7125,23.743563,0.00066934404,83.7125,23.743563,0.00065446965,,,,,,,,,,,,,,,,,,,,,,,,,,,,,,,,,,,,,,,,,,,,,,,,,,,,,,,,,,,,,83.7125,23.743563,-0.21902783,83.7125,23.743563,-0.15713924,,,,,,,,,,,,,,,,,,,,,,,,,,,,,,,,,,,,,,,,,,,,,,,,,,,,,,,,,,,,,,,
83.7125,23.773542,0.00071396696,83.7125,23.773542,0.0007734641,,,,,,,,,,,,,,,,,,,,,,,,,,,,,,,,,,,,,,,,,,,,,,,,,,,,,,,,,,,,,83.7125,23.773542,-0.08174103,83.7125,23.773542,0.24527186,,,,,,,,,,,,,,,,,,,,,,,,,,,,,,,,,,,,,,,,,,,,,,,,,,,,,,,,,,,,,,,
83.7125,23.80352,0.00083296146,83.7125,23.80352,0.00086271006,,,,,,,,,,,,,,,,,,,,,,,,,,,,,,,,,,,,,,,,,,,,,,,,,,,,,,,,,,,,,83.7125,23.80352,0.28942975,83.7125,23.80352,0.5565657,,,,,,,,,,,,,,,,,,,,,,,,,,,,,,,,,,,,,,,,,,,,,,,,,,,,,,,,,,,,,,,
83.7125,23.8335,0.0007734642,83.7125,23.8335,0.0007437156,,,,,,,,,,,,,,,,,,,,,,,,,,,,,,,,,,,,,,,,,,,,,,,,,,,,,,,,,,,,,83.7125,23.8335,0.079324216,83.7125,23.8335,0.19874373,,,,,,,,,,,,,,,,,,,,,,,,,,,,,,,,,,,,,,,,,,,,,,,,,,,,,,,,,,,,,,,
83.7125,23.86348,0.0007734642,83.7125,23.86348,0.0007734642,,,,,,,,,,,,,,,,,,,,,,,,,,,,,,,,,,,,,,,,,,,,,,,,,,,,,,,,,,,,,83.7125,23.86348,0.08717456,83.7125,23.86348,0.24329048,,,,,,,,,,,,,,,,,,,,,,,,,,,,,,,,,,,,,,,,,,,,,,,,,,,,,,,,,,,,,,,
83.7125,23.89346,0.0007437156,83.7125,23.89346,0.0005652238,,,,,,,,,,,,,,,,,,,,,,,,,,,,,,,,,,,,,,,,,,,,,,,,,,,,,,,,,,,,,83.7125,23.89346,0.009006228,83.7125,23.89346,-0.44491297,,,,,,,,,,,,,,,,,,,,,,,,,,,,,,,,,,,,,,,,,,,,,,,,,,,,,,,,,,,,,,,
83.7125,23.923439,0.0009073329,83.7125,23.923439,0.0006842183,,,,,,,,,,,,,,,,,,,,,,,,,,,,,,,,,,,,,,,,,,,,,,,,,,,,,,,,,,,,,83.7125,23.923439,0.5313267,83.7125,23.923439,-0.058858328,,,,,,,,,,,,,,,,,,,,,,,,,,,,,,,,,,,,,,,,,,,,,,,,,,,,,,,,,,,,,,,
83.7125,23.953417,0.000713967,83.7125,23.953417,0.0007883385,,,,,,,,,,,,,,,,,,,,,,,,,,,,,,,,,,,,,,,,,,,,,,,,,,,,,,,,,,,,,83.7125,23.953417,-0.092912994,83.7125,23.953417,0.2810596,,,,,,,,,,,,,,,,,,,,,,,,,,,,,,,,,,,,,,,,,,,,,,,,,,,,,,,,,,,,,,,
83.7125,23.983397,0.00083296135,83.7125,23.983397,0.00065446965,,,,,,,,,,,,,,,,,,,,,,,,,,,,,,,,,,,,,,,,,,,,,,,,,,,,,,,,,,,,,83.7125,23.983397,0.27062714,83.7125,23.983397,-0.119207345,,,,,,,,,,,,,,,,,,,,,,,,,,,,,,,,,,,,,,,,,,,,,,,,,,,,,,,,,,,,,,,
83.7125,24.013376,0.0009519559,83.7125,24.013376,0.000669344,,,,,,,,,,,,,,,,,,,,,,,,,,,,,,,,,,,,,,,,,,,,,,,,,,,,,,,,,,,,,83.7125,24.013376,0.67007446,83.7125,24.013376,-0.08571687,,,,,,,,,,,,,,,,,,,,,,,,,,,,,,,,,,,,,,,,,,,,,,,,,,,,,,,,,,,,,,,
83.7125,24.043356,0.00080321287,83.7125,24.043356,0.0009370816,,,,,,,,,,,,,,,,,,,,,,,,,,,,,,,,,,,,,,,,,,,,,,,,,,,,,,,,,,,,,83.7125,24.043356,0.18557352,83.7125,24.043356,0.7942354,,,,,,,,,,,,,,,,,,,,,,,,,,,,,,,,,,,,,,,,,,,,,,,,,,,,,,,,,,,,,,,
83.7125,24.073334,0.0009519559,83.7125,24.073334,0.00087758445,,,,,,,,,,,,,,,,,,,,,,,,,,,,,,,,,,,,,,,,,,,,,,,,,,,,,,,,,,,,,83.7125,24.073334,0.6724193,83.7125,24.073334,0.6172686,,,,,,,,,,,,,,,,,,,,,,,,,,,,,,,,,,,,,,,,,,,,,,,,,,,,,,,,,,,,,,,
83.7125,24.103313,0.000996579,83.7125,24.103313,0.0007288412,,,,,,,,,,,,,,,,,,,,,,,,,,,,,,,,,,,,,,,,,,,,,,,,,,,,,,,,,,,,,83.7125,24.103313,0.79857403,83.7125,24.103313,0.13714406,,,,,,,,,,,,,,,,,,,,,,,,,,,,,,,,,,,,,,,,,,,,,,,,,,,,,,,,,,,,,,,
83.7125,24.133293,0.00071396696,83.7125,24.133293,0.0008924587,,,,,,,,,,,,,,,,,,,,,,,,,,,,,,,,,,,,,,,,,,,,,,,,,,,,,,,,,,,,,83.7125,24.133293,-0.11877843,83.7125,24.133293,0.6452986,,,,,,,,,,,,,,,,,,,,,,,,,,,,,,,,,,,,,,,,,,,,,,,,,,,,,,,,,,,,,,,
83.7125,24.163273,0.00065446965,83.7125,24.163273,0.00084783573,,,,,,,,,,,,,,,,,,,,,,,,,,,,,,,,,,,,,,,,,,,,,,,,,,,,,,,,,,,,,83.7125,24.163273,-0.2993202,83.7125,24.163273,0.48630035,,,,,,,,,,,,,,,,,,,,,,,,,,,,,,,,,,,,,,,,,,,,,,,,,,,,,,,,,,,,,,,
83.7125,24.19325,0.0008924587,83.7125,24.19325,0.00072884123,,,,,,,,,,,,,,,,,,,,,,,,,,,,,,,,,,,,,,,,,,,,,,,,,,,,,,,,,,,,,83.7125,24.19325,0.4830171,83.7125,24.19325,0.07710782,,,,,,,,,,,,,,,,,,,,,,,,,,,,,,,,,,,,,,,,,,,,,,,,,,,,,,,,,,,,,,,
83.7125,24.22323,0.0007883385,83.7125,24.22323,0.0006395954,,,,,,,,,,,,,,,,,,,,,,,,,,,,,,,,,,,,,,,,,,,,,,,,,,,,,,,,,,,,,83.7125,24.22323,0.11769998,83.7125,24.22323,-0.16337134,,,,,,,,,,,,,,,,,,,,,,,,,,,,,,,,,,,,,,,,,,,,,,,,,,,,,,,,,,,,,,,
83.7125,24.25321,0.0011155733,83.7125,24.25321,0.00068421825,,,,,,,,,,,,,,,,,,,,,,,,,,,,,,,,,,,,,,,,,,,,,,,,,,,,,,,,,,,,,83.7125,24.25321,1.1656511,83.7125,24.25321,-0.057681546,,,,,,,,,,,,,,,,,,,,,,,,,,,,,,,,,,,,,,,,,,,,,,,,,,,,,,,,,,,,,,,
83.7125,24.28319,0.0007883385,83.7125,24.28319,0.000713967,,,,,,,,,,,,,,,,,,,,,,,,,,,,,,,,,,,,,,,,,,,,,,,,,,,,,,,,,,,,,83.7125,24.28319,0.09485182,83.7125,24.28319,0.08210046,,,,,,,,,,,,,,,,,,,,,,,,,,,,,,,,,,,,,,,,,,,,,,,,,,,,,,,,,,,,,,,
83.7125,24.313168,0.00066934404,83.7125,24.313168,0.0006990926,,,,,,,,,,,,,,,,,,,,,,,,,,,,,,,,,,,,,,,,,,,,,,,,,,,,,,,,,,,,,83.7125,24.313168,-0.24591981,83.7125,24.313168,0.017169721,,,,,,,,,,,,,,,,,,,,,,,,,,,,,,,,,,,,,,,,,,,,,,,,,,,,,,,,,,,,,,,
83.7125,24.343147,0.0006544697,83.7125,24.343147,0.0008180871,,,,,,,,,,,,,,,,,,,,,,,,,,,,,,,,,,,,,,,,,,,,,,,,,,,,,,,,,,,,,83.7125,24.343147,-0.29825747,83.7125,24.343147,0.41873628,,,,,,,,,,,,,,,,,,,,,,,,,,,,,,,,,,,,,,,,,,,,,,,,,,,,,,,,,,,,,,,
83.7125,24.373127,0.00081808714,83.7125,24.373127,0.00090733304,,,,,,,,,,,,,,,,,,,,,,,,,,,,,,,,,,,,,,,,,,,,,,,,,,,,,,,,,,,,,83.7125,24.373127,0.22609594,83.7125,24.373127,0.68903536,,,,,,,,,,,,,,,,,,,,,,,,,,,,,,,,,,,,,,,,,,,,,,,,,,,,,,,,,,,,,,,
83.7125,24.403107,0.00077346415,83.7125,24.403107,0.0007883385,,,,,,,,,,,,,,,,,,,,,,,,,,,,,,,,,,,,,,,,,,,,,,,,,,,,,,,,,,,,,83.7125,24.403107,0.121848375,83.7125,24.403107,0.32310247,,,,,,,,,,,,,,,,,,,,,,,,,,,,,,,,,,,,,,,,,,,,,,,,,,,,,,,,,,,,,,,
83.7125,24.433084,0.0008180871,83.7125,24.433084,0.00071396696,,,,,,,,,,,,,,,,,,,,,,,,,,,,,,,,,,,,,,,,,,,,,,,,,,,,,,,,,,,,,83.7125,24.433084,0.25229225,83.7125,24.433084,0.08073713,,,,,,,,,,,,,,,,,,,,,,,,,,,,,,,,,,,,,,,,,,,,,,,,,,,,,,,,,,,,,,,
83.7125,24.463064,0.00072884123,83.7125,24.463064,0.00074371556,,,,,,,,,,,,,,,,,,,,,,,,,,,,,,,,,,,,,,,,,,,,,,,,,,,,,,,,,,,,,83.7125,24.463064,-0.06779924,83.7125,24.463064,0.16826005,,,,,,,,,,,,,,,,,,,,,,,,,,,,,,,,,,,,,,,,,,,,,,,,,,,,,,,,,,,,,,,
83.7125,24.493044,0.0006395953,83.7125,24.493044,0.00047597795,,,,,,,,,,,,,,,,,,,,,,,,,,,,,,,,,,,,,,,,,,,,,,,,,,,,,,,,,,,,,83.7125,24.493044,-0.32310188,83.7125,24.493044,-0.7394262,,,,,,,,,,,,,,,,,,,,,,,,,,,,,,,,,,,,,,,,,,,,,,,,,,,,,,,,,,,,,,,
83.7125,24.523024,0.000713967,83.7125,24.523024,0.0006544697,,,,,,,,,,,,,,,,,,,,,,,,,,,,,,,,,,,,,,,,,,,,,,,,,,,,,,,,,,,,,83.7125,24.523024,-0.10136184,83.7125,24.523024,-0.11168708,,,,,,,,,,,,,,,,,,,,,,,,,,,,,,,,,,,,,,,,,,,,,,,,,,,,,,,,,,,,,,,
83.7125,24.553001,0.00075858994,83.7125,24.553001,0.0007437156,,,,,,,,,,,,,,,,,,,,,,,,,,,,,,,,,,,,,,,,,,,,,,,,,,,,,,,,,,,,,83.7125,24.553001,0.019262195,83.7125,24.553001,0.16207391,,,,,,,,,,,,,,,,,,,,,,,,,,,,,,,,,,,,,,,,,,,,,,,,,,,,,,,,,,,,,,,
83.7125,24.582981,0.00086271006,83.7125,24.582981,0.00069909263,,,,,,,,,,,,,,,,,,,,,,,,,,,,,,,,,,,,,,,,,,,,,,,,,,,,,,,,,,,,,83.7125,24.582981,0.36654252,83.7125,24.582981,0.0030339824,,,,,,,,,,,,,,,,,,,,,,,,,,,,,,,,,,,,,,,,,,,,,,,,,,,,,,,,,,,,,,,
83.7125,24.61296,0.00087758445,83.7125,24.61296,0.00077346415,,,,,,,,,,,,,,,,,,,,,,,,,,,,,,,,,,,,,,,,,,,,,,,,,,,,,,,,,,,,,83.7125,24.61296,0.39233893,83.7125,24.61296,0.26451114,,,,,,,,,,,,,,,,,,,,,,,,,,,,,,,,,,,,,,,,,,,,,,,,,,,,,,,,,,,,,,,
83.7125,24.64294,0.0008478358,83.7125,24.64294,0.0005949724,,,,,,,,,,,,,,,,,,,,,,,,,,,,,,,,,,,,,,,,,,,,,,,,,,,,,,,,,,,,,83.7125,24.64294,0.31090766,83.7125,24.64294,-0.31047425,,,,,,,,,,,,,,,,,,,,,,,,,,,,,,,,,,,,,,,,,,,,,,,,,,,,,,,,,,,,,,,
83.7125,24.672918,0.0005800982,83.7125,24.672918,0.0006544697,,,,,,,,,,,,,,,,,,,,,,,,,,,,,,,,,,,,,,,,,,,,,,,,,,,,,,,,,,,,,83.7125,24.672918,-0.52628875,83.7125,24.672918,-0.14360449,,,,,,,,,,,,,,,,,,,,,,,,,,,,,,,,,,,,,,,,,,,,,,,,,,,,,,,,,,,,,,,
83.7125,24.702898,0.0009668302,83.7125,24.702898,0.00062472105,,,,,,,,,,,,,,,,,,,,,,,,,,,,,,,,,,,,,,,,,,,,,,,,,,,,,,,,,,,,,83.7125,24.702898,0.668222,83.7125,24.702898,-0.22420862,,,,,,,,,,,,,,,,,,,,,,,,,,,,,,,,,,,,,,,,,,,,,,,,,,,,,,,,,,,,,,,
83.7125,24.732878,0.00066934404,83.7125,24.732878,0.00068421825,,,,,,,,,,,,,,,,,,,,,,,,,,,,,,,,,,,,,,,,,,,,,,,,,,,,,,,,,,,,,83.7125,24.732878,-0.25641727,83.7125,24.732878,-0.03860083,,,,,,,,,,,,,,,,,,,,,,,,,,,,,,,,,,,,,,,,,,,,,,,,,,,,,,,,,,,,,,,
83.7125,24.762857,0.0007734642,83.7125,24.762857,0.00065446965,,,,,,,,,,,,,,,,,,,,,,,,,,,,,,,,,,,,,,,,,,,,,,,,,,,,,,,,,,,,,83.7125,24.762857,0.07859676,83.7125,24.762857,-0.11360713,,,,,,,,,,,,,,,,,,,,,,,,,,,,,,,,,,,,,,,,,,,,,,,,,,,,,,,,,,,,,,,
83.7125,24.792837,0.0008329614,83.7125,24.792837,0.0007288412,,,,,,,,,,,,,,,,,,,,,,,,,,,,,,,,,,,,,,,,,,,,,,,,,,,,,,,,,,,,,83.7125,24.792837,0.28235886,83.7125,24.792837,0.1159499,,,,,,,,,,,,,,,,,,,,,,,,,,,,,,,,,,,,,,,,,,,,,,,,,,,,,,,,,,,,,,,
83.7125,24.822815,0.00058009813,83.7125,24.822815,0.00065446965,,,,,,,,,,,,,,,,,,,,,,,,,,,,,,,,,,,,,,,,,,,,,,,,,,,,,,,,,,,,,83.7125,24.822815,-0.52727336,83.7125,24.822815,-0.1396089,,,,,,,,,,,,,,,,,,,,,,,,,,,,,,,,,,,,,,,,,,,,,,,,,,,,,,,,,,,,,,,
83.7125,24.852795,0.0006098467,83.7125,24.852795,0.00068421825,,,,,,,,,,,,,,,,,,,,,,,,,,,,,,,,,,,,,,,,,,,,,,,,,,,,,,,,,,,,,83.7125,24.852795,-0.41544887,83.7125,24.852795,-0.055592272,,,,,,,,,,,,,,,,,,,,,,,,,,,,,,,,,,,,,,,,,,,,,,,,,,,,,,,,,,,,,,,
83.7125,24.882774,0.00083296146,83.7125,24.882774,0.00058009813,,,,,,,,,,,,,,,,,,,,,,,,,,,,,,,,,,,,,,,,,,,,,,,,,,,,,,,,,,,,,83.7125,24.882774,0.2781118,83.7125,24.882774,-0.38094023,,,,,,,,,,,,,,,,,,,,,,,,,,,,,,,,,,,,,,,,,,,,,,,,,,,,,,,,,,,,,,,
83.7125,24.912754,0.0009222073,83.7125,24.912754,0.00072884123,,,,,,,,,,,,,,,,,,,,,,,,,,,,,,,,,,,,,,,,,,,,,,,,,,,,,,,,,,,,,83.7125,24.912754,0.5399012,83.7125,24.912754,0.12530679,,,,,,,,,,,,,,,,,,,,,,,,,,,,,,,,,,,,,,,,,,,,,,,,,,,,,,,,,,,,,,,
83.7125,24.942732,0.0007437156,83.7125,24.942732,0.000669344,,,,,,,,,,,,,,,,,,,,,,,,,,,,,,,,,,,,,,,,,,,,,,,,,,,,,,,,,,,,,83.7125,24.942732,0.021030001,83.7125,24.942732,-0.039310124,,,,,,,,,,,,,,,,,,,,,,,,,,,,,,,,,,,,,,,,,,,,,,,,,,,,,,,,,,,,,,,
83.7125,24.972712,0.0009073329,83.7125,24.972712,0.0006990926,,,,,,,,,,,,,,,,,,,,,,,,,,,,,,,,,,,,,,,,,,,,,,,,,,,,,,,,,,,,,83.7125,24.972712,0.53483146,83.7125,24.972712,0.014946182,,,,,,,,,,,,,,,,,,,,,,,,,,,,,,,,,,,,,,,,,,,,,,,,,,,,,,,,,,,,,,,
83.7125,25.002691,0.0009817046,83.7125,25.002691,0.00066934404,,,,,,,,,,,,,,,,,,,,,,,,,,,,,,,,,,,,,,,,,,,,,,,,,,,,,,,,,,,,,83.7125,25.002691,0.74359095,83.7125,25.002691,-0.09161529,,,,,,,,,,,,,,,,,,,,,,,,,,,,,,,,,,,,,,,,,,,,,,,,,,,,,,,,,,,,,,,
83.7125,25.032671,0.00083296135,83.7125,25.032671,0.000713967,,,,,,,,,,,,,,,,,,,,,,,,,,,,,,,,,,,,,,,,,,,,,,,,,,,,,,,,,,,,,83.7125,25.032671,0.27374697,83.7125,25.032671,0.07462064,,,,,,,,,,,,,,,,,,,,,,,,,,,,,,,,,,,,,,,,,,,,,,,,,,,,,,,,,,,,,,,
83.7125,25.062649,0.0007883385,83.7125,25.062649,0.000713967,,,,,,,,,,,,,,,,,,,,,,,,,,,,,,,,,,,,,,,,,,,,,,,,,,,,,,,,,,,,,83.7125,25.062649,0.13709548,83.7125,25.062649,0.07065274,,,,,,,,,,,,,,,,,,,,,,,,,,,,,,,,,,,,,,,,,,,,,,,,,,,,,,,,,,,,,,,
83.7125,25.092628,0.000669344,83.7125,25.092628,0.00074371556,,,,,,,,,,,,,,,,,,,,,,,,,,,,,,,,,,,,,,,,,,,,,,,,,,,,,,,,,,,,,83.7125,25.092628,-0.24074644,83.7125,25.092628,0.16763522,,,,,,,,,,,,,,,,,,,,,,,,,,,,,,,,,,,,,,,,,,,,,,,,,,,,,,,,,,,,,,,
83.7125,25.122608,0.0006247211,83.7125,25.122608,0.00093708164,,,,,,,,,,,,,,,,,,,,,,,,,,,,,,,,,,,,,,,,,,,,,,,,,,,,,,,,,,,,,83.7125,25.122608,-0.3603031,83.7125,25.122608,0.7805616,,,,,,,,,,,,,,,,,,,,,,,,,,,,,,,,,,,,,,,,,,,,,,,,,,,,,,,,,,,,,,,
83.7125,25.152588,0.0006693441,83.7125,25.152588,0.0008329615,,,,,,,,,,,,,,,,,,,,,,,,,,,,,,,,,,,,,,,,,,,,,,,,,,,,,,,,,,,,,83.7125,25.152588,-0.24242751,83.7125,25.152588,0.4440023,,,,,,,,,,,,,,,,,,,,,,,,,,,,,,,,,,,,,,,,,,,,,,,,,,,,,,,,,,,,,,,
83.7125,25.182566,0.0006395953,83.7125,25.182566,0.0005949724,,,,,,,,,,,,,,,,,,,,,,,,,,,,,,,,,,,,,,,,,,,,,,,,,,,,,,,,,,,,,83.7125,25.182566,-0.32583657,83.7125,25.182566,-0.3527248,,,,,,,,,,,,,,,,,,,,,,,,,,,,,,,,,,,,,,,,,,,,,,,,,,,,,,,,,,,,,,,
83.7125,25.212545,0.00072884123,83.7125,25.212545,0.00077346415,,,,,,,,,,,,,,,,,,,,,,,,,,,,,,,,,,,,,,,,,,,,,,,,,,,,,,,,,,,,,83.7125,25.212545,-0.032193203,83.7125,25.212545,0.28351417,,,,,,,,,,,,,,,,,,,,,,,,,,,,,,,,,,,,,,,,,,,,,,,,,,,,,,,,,,,,,,,
83.7125,25.242525,0.0008478358,83.7125,25.242525,0.0007139669,,,,,,,,,,,,,,,,,,,,,,,,,,,,,,,,,,,,,,,,,,,,,,,,,,,,,,,,,,,,,83.7125,25.242525,0.33562353,83.7125,25.242525,0.08138347,,,,,,,,,,,,,,,,,,,,,,,,,,,,,,,,,,,,,,,,,,,,,,,,,,,,,,,,,,,,,,,
83.7125,25.272505,0.0007585899,83.7125,25.272505,0.00086271006,,,,,,,,,,,,,,,,,,,,,,,,,,,,,,,,,,,,,,,,,,,,,,,,,,,,,,,,,,,,,83.7125,25.272505,0.04123548,83.7125,25.272505,0.56142133,,,,,,,,,,,,,,,,,,,,,,,,,,,,,,,,,,,,,,,,,,,,,,,,,,,,,,,,,,,,,,,
83.7125,25.302483,0.00084783573,83.7125,25.302483,0.00066934404,,,,,,,,,,,,,,,,,,,,,,,,,,,,,,,,,,,,,,,,,,,,,,,,,,,,,,,,,,,,,83.7125,25.302483,0.32670888,83.7125,25.302483,-0.0498182,,,,,,,,,,,,,,,,,,,,,,,,,,,,,,,,,,,,,,,,,,,,,,,,,,,,,,,,,,,,,,,
83.7125,25.332462,0.0008627101,83.7125,25.332462,0.00078833854,,,,,,,,,,,,,,,,,,,,,,,,,,,,,,,,,,,,,,,,,,,,,,,,,,,,,,,,,,,,,83.7125,25.332462,0.37497032,83.7125,25.332462,0.2936378,,,,,,,,,,,,,,,,,,,,,,,,,,,,,,,,,,,,,,,,,,,,,,,,,,,,,,,,,,,,,,,
83.7125,25.362442,0.0006842183,83.7125,25.362442,0.0007437156,,,,,,,,,,,,,,,,,,,,,,,,,,,,,,,,,,,,,,,,,,,,,,,,,,,,,,,,,,,,,83.7125,25.362442,-0.17158124,83.7125,25.362442,0.15671368,,,,,,,,,,,,,,,,,,,,,,,,,,,,,,,,,,,,,,,,,,,,,,,,,,,,,,,,,,,,,,,
83.7125,25.392422,0.00080321287,83.7125,25.392422,0.0006098468,,,,,,,,,,,,,,,,,,,,,,,,,,,,,,,,,,,,,,,,,,,,,,,,,,,,,,,,,,,,,83.7125,25.392422,0.1854536,83.7125,25.392422,-0.30464518,,,,,,,,,,,,,,,,,,,,,,,,,,,,,,,,,,,,,,,,,,,,,,,,,,,,,,,,,,,,,,,
83.7125,25.4224,0.00072884123,83.7125,25.4224,0.0005949724,,,,,,,,,,,,,,,,,,,,,,,,,,,,,,,,,,,,,,,,,,,,,,,,,,,,,,,,,,,,,83.7125,25.4224,-0.034169316,83.7125,25.4224,-0.33356655,,,,,,,,,,,,,,,,,,,,,,,,,,,,,,,,,,,,,,,,,,,,,,,,,,,,,,,,,,,,,,,
83.7125,25.45238,0.000713967,83.7125,25.45238,0.0007734642,,,,,,,,,,,,,,,,,,,,,,,,,,,,,,,,,,,,,,,,,,,,,,,,,,,,,,,,,,,,,83.7125,25.45238,-0.118683524,83.7125,25.45238,0.26518166,,,,,,,,,,,,,,,,,,,,,,,,,,,,,,,,,,,,,,,,,,,,,,,,,,,,,,,,,,,,,,,
83.7125,25.482359,0.000713967,83.7125,25.482359,0.00056522375,,,,,,,,,,,,,,,,,,,,,,,,,,,,,,,,,,,,,,,,,,,,,,,,,,,,,,,,,,,,,83.7125,25.482359,-0.090708286,83.7125,25.482359,-0.4272827,,,,,,,,,,,,,,,,,,,,,,,,,,,,,,,,,,,,,,,,,,,,,,,,,,,,,,,,,,,,,,,
83.7125,25.512339,0.0007437155,83.7125,25.512339,0.000713967,,,,,,,,,,,,,,,,,,,,,,,,,,,,,,,,,,,,,,,,,,,,,,,,,,,,,,,,,,,,,83.7125,25.512339,-0.015633259,83.7125,25.512339,0.089855045,,,,,,,,,,,,,,,,,,,,,,,,,,,,,,,,,,,,,,,,,,,,,,,,,,,,,,,,,,,,,,,
83.7125,25.542316,0.0008627101,83.7125,25.542316,0.00072884123,,,,,,,,,,,,,,,,,,,,,,,,,,,,,,,,,,,,,,,,,,,,,,,,,,,,,,,,,,,,,83.7125,25.542316,0.3699305,83.7125,25.542316,0.12193974,,,,,,,,,,,,,,,,,,,,,,,,,,,,,,,,,,,,,,,,,,,,,,,,,,,,,,,,,,,,,,,
83.7125,25.572296,0.0008329614,83.7125,25.572296,0.0006098468,,,,,,,,,,,,,,,,,,,,,,,,,,,,,,,,,,,,,,,,,,,,,,,,,,,,,,,,,,,,,83.7125,25.572296,0.28922182,83.7125,25.572296,-0.26961184,,,,,,,,,,,,,,,,,,,,,,,,,,,,,,,,,,,,,,,,,,,,,,,,,,,,,,,,,,,,,,,
83.7125,25.602276,0.0006990926,83.7125,25.602276,0.00083296146,,,,,,,,,,,,,,,,,,,,,,,,,,,,,,,,,,,,,,,,,,,,,,,,,,,,,,,,,,,,,83.7125,25.602276,-0.14811534,83.7125,25.602276,0.48319107,,,,,,,,,,,,,,,,,,,,,,,,,,,,,,,,,,,,,,,,,,,,,,,,,,,,,,,,,,,,,,,
83.7125,25.632256,0.00068421825,83.7125,25.632256,0.0007585899,,,,,,,,,,,,,,,,,,,,,,,,,,,,,,,,,,,,,,,,,,,,,,,,,,,,,,,,,,,,,83.7125,25.632256,-0.17185037,83.7125,25.632256,0.21456142,,,,,,,,,,,,,,,,,,,,,,,,,,,,,,,,,,,,,,,,,,,,,,,,,,,,,,,,,,,,,,,
83.7125,25.662235,0.00062472105,83.7125,25.662235,0.00093708164,,,,,,,,,,,,,,,,,,,,,,,,,,,,,,,,,,,,,,,,,,,,,,,,,,,,,,,,,,,,,83.7125,25.662235,-0.37639916,83.7125,25.662235,0.820117,,,,,,,,,,,,,,,,,,,,,,,,,,,,,,,,,,,,,,,,,,,,,,,,,,,,,,,,,,,,,,,
83.7125,25.692213,0.0007585899,83.7125,25.692213,0.00077346415,,,,,,,,,,,,,,,,,,,,,,,,,,,,,,,,,,,,,,,,,,,,,,,,,,,,,,,,,,,,,83.7125,25.692213,0.040477216,83.7125,25.692213,0.30395174,,,,,,,,,,,,,,,,,,,,,,,,,,,,,,,,,,,,,,,,,,,,,,,,,,,,,,,,,,,,,,,
83.7125,25.722193,0.00093708164,83.7125,25.722193,0.0005652238,,,,,,,,,,,,,,,,,,,,,,,,,,,,,,,,,,,,,,,,,,,,,,,,,,,,,,,,,,,,,83.7125,25.722193,0.5932977,83.7125,25.722193,-0.44930533,,,,,,,,,,,,,,,,,,,,,,,,,,,,,,,,,,,,,,,,,,,,,,,,,,,,,,,,,,,,,,,
83.7125,25.752172,0.00074371556,83.7125,25.752172,0.0008924587,,,,,,,,,,,,,,,,,,,,,,,,,,,,,,,,,,,,,,,,,,,,,,,,,,,,,,,,,,,,,83.7125,25.752172,0.010023858,83.7125,25.752172,0.626708,,,,,,,,,,,,,,,,,,,,,,,,,,,,,,,,,,,,,,,,,,,,,,,,,,,,,,,,,,,,,,,
83.7125,25.782152,0.0007437156,83.7125,25.782152,0.0006395953,,,,,,,,,,,,,,,,,,,,,,,,,,,,,,,,,,,,,,,,,,,,,,,,,,,,,,,,,,,,,83.7125,25.782152,-0.006058494,83.7125,25.782152,-0.18770702,,,,,,,,,,,,,,,,,,,,,,,,,,,,,,,,,,,,,,,,,,,,,,,,,,,,,,,,,,,,,,,
83.7125,25.81213,0.0007585899,83.7125,25.81213,0.00053547515,,,,,,,,,,,,,,,,,,,,,,,,,,,,,,,,,,,,,,,,,,,,,,,,,,,,,,,,,,,,,83.7125,25.81213,0.038502403,83.7125,25.81213,-0.5080679,,,,,,,,,,,,,,,,,,,,,,,,,,,,,,,,,,,,,,,,,,,,,,,,,,,,,,,,,,,,,,,
83.7125,25.84211,0.00075858994,83.7125,25.84211,0.0007437156,,,,,,,,,,,,,,,,,,,,,,,,,,,,,,,,,,,,,,,,,,,,,,,,,,,,,,,,,,,,,83.7125,25.84211,0.056141496,83.7125,25.84211,0.16428387,,,,,,,,,,,,,,,,,,,,,,,,,,,,,,,,,,,,,,,,,,,,,,,,,,,,,,,,,,,,,,,
83.7125,25.87209,0.00087758445,83.7125,25.87209,0.00069909263,,,,,,,,,,,,,,,,,,,,,,,,,,,,,,,,,,,,,,,,,,,,,,,,,,,,,,,,,,,,,83.7125,25.87209,0.4277862,83.7125,25.87209,0.008475814,,,,,,,,,,,,,,,,,,,,,,,,,,,,,,,,,,,,,,,,,,,,,,,,,,,,,,,,,,,,,,,
83.7125,25.90207,0.0007883385,83.7125,25.90207,0.0006395953,,,,,,,,,,,,,,,,,,,,,,,,,,,,,,,,,,,,,,,,,,,,,,,,,,,,,,,,,,,,,83.7125,25.90207,0.12471911,83.7125,25.90207,-0.17412947,,,,,,,,,,,,,,,,,,,,,,,,,,,,,,,,,,,,,,,,,,,,,,,,,,,,,,,,,,,,,,,
83.7125,25.932047,0.00078833854,83.7125,25.932047,0.0007585899,,,,,,,,,,,,,,,,,,,,,,,,,,,,,,,,,,,,,,,,,,,,,,,,,,,,,,,,,,,,,83.7125,25.932047,0.14997143,83.7125,25.932047,0.21402243,,,,,,,,,,,,,,,,,,,,,,,,,,,,,,,,,,,,,,,,,,,,,,,,,,,,,,,,,,,,,,,
83.7125,25.962027,0.0008924588,83.7125,25.962027,0.00092220743,,,,,,,,,,,,,,,,,,,,,,,,,,,,,,,,,,,,,,,,,,,,,,,,,,,,,,,,,,,,,83.7125,25.962027,0.4687889,83.7125,25.962027,0.77341485,,,,,,,,,,,,,,,,,,,,,,,,,,,,,,,,,,,,,,,,,,,,,,,,,,,,,,,,,,,,,,,
83.7125,25.992006,0.00050572655,83.7125,25.992006,0.00069909263,,,,,,,,,,,,,,,,,,,,,,,,,,,,,,,,,,,,,,,,,,,,,,,,,,,,,,,,,,,,,83.7125,25.992006,-0.7512167,83.7125,25.992006,0.0035629768,,,,,,,,,,,,,,,,,,,,,,,,,,,,,,,,,,,,,,,,,,,,,,,,,,,,,,,,,,,,,,,
83.7125,26.021986,0.0006990925,83.7125,26.021986,0.0007139669,,,,,,,,,,,,,,,,,,,,,,,,,,,,,,,,,,,,,,,,,,,,,,,,,,,,,,,,,,,,,83.7125,26.021986,-0.15003994,83.7125,26.021986,0.059425738,,,,,,,,,,,,,,,,,,,,,,,,,,,,,,,,,,,,,,,,,,,,,,,,,,,,,,,,,,,,,,,
83.7125,26.051964,0.0007734642,83.7125,26.051964,0.0007883385,,,,,,,,,,,,,,,,,,,,,,,,,,,,,,,,,,,,,,,,,,,,,,,,,,,,,,,,,,,,,83.7125,26.051964,0.09343585,83.7125,26.051964,0.32285634,,,,,,,,,,,,,,,,,,,,,,,,,,,,,,,,,,,,,,,,,,,,,,,,,,,,,,,,,,,,,,,
83.7125,26.081944,0.00072884123,83.7125,26.081944,0.000669344,,,,,,,,,,,,,,,,,,,,,,,,,,,,,,,,,,,,,,,,,,,,,,,,,,,,,,,,,,,,,83.7125,26.081944,-0.040784422,83.7125,26.081944,-0.1090093,,,,,,,,,,,,,,,,,,,,,,,,,,,,,,,,,,,,,,,,,,,,,,,,,,,,,,,,,,,,,,,
83.7125,26.111923,0.00072884123,83.7125,26.111923,0.00068421825,,,,,,,,,,,,,,,,,,,,,,,,,,,,,,,,,,,,,,,,,,,,,,,,,,,,,,,,,,,,,83.7125,26.111923,-0.03900116,83.7125,26.111923,-0.040115412,,,,,,,,,,,,,,,,,,,,,,,,,,,,,,,,,,,,,,,,,,,,,,,,,,,,,,,,,,,,,,,
83.7125,26.141903,0.0008032128,83.7125,26.141903,0.00058009813,,,,,,,,,,,,,,,,,,,,,,,,,,,,,,,,,,,,,,,,,,,,,,,,,,,,,,,,,,,,,83.7125,26.141903,0.15518115,83.7125,26.141903,-0.37433732,,,,,,,,,,,,,,,,,,,,,,,,,,,,,,,,,,,,,,,,,,,,,,,,,,,,,,,,,,,,,,,
83.7125,26.17188,0.0007734642,83.7125,26.17188,0.0006842183,,,,,,,,,,,,,,,,,,,,,,,,,,,,,,,,,,,,,,,,,,,,,,,,,,,,,,,,,,,,,83.7125,26.17188,0.05998259,83.7125,26.17188,-0.06646366,,,,,,,,,,,,,,,,,,,,,,,,,,,,,,,,,,,,,,,,,,,,,,,,,,,,,,,,,,,,,,,
83.7125,26.20186,0.00090733304,83.7125,26.20186,0.0006098468,,,,,,,,,,,,,,,,,,,,,,,,,,,,,,,,,,,,,,,,,,,,,,,,,,,,,,,,,,,,,83.7125,26.20186,0.5271946,83.7125,26.20186,-0.27802387,,,,,,,,,,,,,,,,,,,,,,,,,,,,,,,,,,,,,,,,,,,,,,,,,,,,,,,,,,,,,,,
83.7125,26.23184,0.00066934404,83.7125,26.23184,0.0007734641,,,,,,,,,,,,,,,,,,,,,,,,,,,,,,,,,,,,,,,,,,,,,,,,,,,,,,,,,,,,,83.7125,26.23184,-0.24137409,83.7125,26.23184,0.24025872,,,,,,,,,,,,,,,,,,,,,,,,,,,,,,,,,,,,,,,,,,,,,,,,,,,,,,,,,,,,,,,
83.7125,26.26182,0.0009519559,83.7125,26.26182,0.0006395954,,,,,,,,,,,,,,,,,,,,,,,,,,,,,,,,,,,,,,,,,,,,,,,,,,,,,,,,,,,,,83.7125,26.26182,0.6457892,83.7125,26.26182,-0.17915763,,,,,,,,,,,,,,,,,,,,,,,,,,,,,,,,,,,,,,,,,,,,,,,,,,,,,,,,,,,,,,,
83.7125,26.291798,0.0008180871,83.7125,26.291798,0.00068421825,,,,,,,,,,,,,,,,,,,,,,,,,,,,,,,,,,,,,,,,,,,,,,,,,,,,,,,,,,,,,83.7125,26.291798,0.25030208,83.7125,26.291798,-0.023701217,,,,,,,,,,,,,,,,,,,,,,,,,,,,,,,,,,,,,,,,,,,,,,,,,,,,,,,,,,,,,,,
83.7125,26.321777,0.0009222073,83.7125,26.321777,0.0007734642,,,,,,,,,,,,,,,,,,,,,,,,,,,,,,,,,,,,,,,,,,,,,,,,,,,,,,,,,,,,,83.7125,26.321777,0.5761564,83.7125,26.321777,0.2505066,,,,,,,,,,,,,,,,,,,,,,,,,,,,,,,,,,,,,,,,,,,,,,,,,,,,,,,,,,,,,,,
83.7125,26.351757,0.0005503495,83.7125,26.351757,0.00055034953,,,,,,,,,,,,,,,,,,,,,,,,,,,,,,,,,,,,,,,,,,,,,,,,,,,,,,,,,,,,,83.7125,26.351757,-0.59117687,83.7125,26.351757,-0.5013453,,,,,,,,,,,,,,,,,,,,,,,,,,,,,,,,,,,,,,,,,,,,,,,,,,,,,,,,,,,,,,,
83.7125,26.381737,0.00065446965,83.7125,26.381737,0.00086271,,,,,,,,,,,,,,,,,,,,,,,,,,,,,,,,,,,,,,,,,,,,,,,,,,,,,,,,,,,,,83.7125,26.381737,-0.27618182,83.7125,26.381737,0.55085003,,,,,,,,,,,,,,,,,,,,,,,,,,,,,,,,,,,,,,,,,,,,,,,,,,,,,,,,,,,,,,,
83.7125,26.411715,0.0008478358,83.7125,26.411715,0.0010858247,,,,,,,,,,,,,,,,,,,,,,,,,,,,,,,,,,,,,,,,,,,,,,,,,,,,,,,,,,,,,83.7125,26.411715,0.3205653,83.7125,26.411715,1.30946,,,,,,,,,,,,,,,,,,,,,,,,,,,,,,,,,,,,,,,,,,,,,,,,,,,,,,,,,,,,,,,
83.7125,26.441694,0.0007734641,83.7125,26.441694,0.0006990927,,,,,,,,,,,,,,,,,,,,,,,,,,,,,,,,,,,,,,,,,,,,,,,,,,,,,,,,,,,,,83.7125,26.441694,0.09215559,83.7125,26.441694,0.035590034,,,,,,,,,,,,,,,,,,,,,,,,,,,,,,,,,,,,,,,,,,,,,,,,,,,,,,,,,,,,,,,
83.7125,26.471674,0.0008180872,83.7125,26.471674,0.00062472105,,,,,,,,,,,,,,,,,,,,,,,,,,,,,,,,,,,,,,,,,,,,,,,,,,,,,,,,,,,,,83.7125,26.471674,0.21391821,83.7125,26.471674,-0.22739983,,,,,,,,,,,,,,,,,,,,,,,,,,,,,,,,,,,,,,,,,,,,,,,,,,,,,,,,,,,,,,,
83.7125,26.501654,0.00083296135,83.7125,26.501654,0.00055034953,,,,,,,,,,,,,,,,,,,,,,,,,,,,,,,,,,,,,,,,,,,,,,,,,,,,,,,,,,,,,83.7125,26.501654,0.28749907,83.7125,26.501654,-0.48074892,,,,,,,,,,,,,,,,,,,,,,,,,,,,,,,,,,,,,,,,,,,,,,,,,,,,,,,,,,,,,,,
83.7125,26.531633,0.00078833854,83.7125,26.531633,0.00083296146,,,,,,,,,,,,,,,,,,,,,,,,,,,,,,,,,,,,,,,,,,,,,,,,,,,,,,,,,,,,,83.7125,26.531633,0.14339904,83.7125,26.531633,0.41991436,,,,,,,,,,,,,,,,,,,,,,,,,,,,,,,,,,,,,,,,,,,,,,,,,,,,,,,,,,,,,,,
83.7125,26.561611,0.0008924587,83.7125,26.561611,0.0006247211,,,,,,,,,,,,,,,,,,,,,,,,,,,,,,,,,,,,,,,,,,,,,,,,,,,,,,,,,,,,,83.7125,26.561611,0.45380703,83.7125,26.561611,-0.26542664,,,,,,,,,,,,,,,,,,,,,,,,,,,,,,,,,,,,,,,,,,,,,,,,,,,,,,,,,,,,,,,
83.7125,26.59159,0.0007437155,83.7125,26.59159,0.00069909263,,,,,,,,,,,,,,,,,,,,,,,,,,,,,,,,,,,,,,,,,,,,,,,,,,,,,,,,,,,,,83.7125,26.59159,0.016006013,83.7125,26.59159,0.04263482,,,,,,,,,,,,,,,,,,,,,,,,,,,,,,,,,,,,,,,,,,,,,,,,,,,,,,,,,,,,,,,
83.7125,26.62157,0.0008180872,83.7125,26.62157,0.0007734642,,,,,,,,,,,,,,,,,,,,,,,,,,,,,,,,,,,,,,,,,,,,,,,,,,,,,,,,,,,,,83.7125,26.62157,0.23420416,83.7125,26.62157,0.28500897,,,,,,,,,,,,,,,,,,,,,,,,,,,,,,,,,,,,,,,,,,,,,,,,,,,,,,,,,,,,,,,
83.7125,26.65155,0.0006842183,83.7125,26.65155,0.00074371556,,,,,,,,,,,,,,,,,,,,,,,,,,,,,,,,,,,,,,,,,,,,,,,,,,,,,,,,,,,,,83.7125,26.65155,-0.20156156,83.7125,26.65155,0.1534249,,,,,,,,,,,,,,,,,,,,,,,,,,,,,,,,,,,,,,,,,,,,,,,,,,,,,,,,,,,,,,,
83.7125,26.681528,0.00090733304,83.7125,26.681528,0.0005949724,,,,,,,,,,,,,,,,,,,,,,,,,,,,,,,,,,,,,,,,,,,,,,,,,,,,,,,,,,,,,83.7125,26.681528,0.4985011,83.7125,26.681528,-0.35477224,,,,,,,,,,,,,,,,,,,,,,,,,,,,,,,,,,,,,,,,,,,,,,,,,,,,,,,,,,,,,,,
83.7125,26.711508,0.000713967,83.7125,26.711508,0.0006395953,,,,,,,,,,,,,,,,,,,,,,,,,,,,,,,,,,,,,,,,,,,,,,,,,,,,,,,,,,,,,83.7125,26.711508,-0.103372246,83.7125,26.711508,-0.19841138,,,,,,,,,,,,,,,,,,,,,,,,,,,,,,,,,,,,,,,,,,,,,,,,,,,,,,,,,,,,,,,
83.7125,26.741488,0.00056522375,83.7125,26.741488,0.00066934404,,,,,,,,,,,,,,,,,,,,,,,,,,,,,,,,,,,,,,,,,,,,,,,,,,,,,,,,,,,,,83.7125,26.741488,-0.54481,83.7125,26.741488,-0.08469694,,,,,,,,,,,,,,,,,,,,,,,,,,,,,,,,,,,,,,,,,,,,,,,,,,,,,,,,,,,,,,,
83.7125,26.771467,0.0008180871,83.7125,26.771467,0.00047597795,,,,,,,,,,,,,,,,,,,,,,,,,,,,,,,,,,,,,,,,,,,,,,,,,,,,,,,,,,,,,83.7125,26.771467,0.2161079,83.7125,26.771467,-0.72800756,,,,,,,,,,,,,,,,,,,,,,,,,,,,,,,,,,,,,,,,,,,,,,,,,,,,,,,,,,,,,,,
83.7125,26.801445,0.0010560761,83.7125,26.801445,0.0006098467,,,,,,,,,,,,,,,,,,,,,,,,,,,,,,,,,,,,,,,,,,,,,,,,,,,,,,,,,,,,,83.7125,26.801445,0.95777375,83.7125,26.801445,-0.26862258,,,,,,,,,,,,,,,,,,,,,,,,,,,,,,,,,,,,,,,,,,,,,,,,,,,,,,,,,,,,,,,
83.7125,26.831425,0.0007288412,83.7125,26.831425,0.0007288412,,,,,,,,,,,,,,,,,,,,,,,,,,,,,,,,,,,,,,,,,,,,,,,,,,,,,,,,,,,,,83.7125,26.831425,-0.07512244,83.7125,26.831425,0.111159936,,,,,,,,,,,,,,,,,,,,,,,,,,,,,,,,,,,,,,,,,,,,,,,,,,,,,,,,,,,,,,,
83.7125,26.861404,0.00086271006,83.7125,26.861404,0.00072884123,,,,,,,,,,,,,,,,,,,,,,,,,,,,,,,,,,,,,,,,,,,,,,,,,,,,,,,,,,,,,83.7125,26.861404,0.358441,83.7125,26.861404,0.11080483,,,,,,,,,,,,,,,,,,,,,,,,,,,,,,,,,,,,,,,,,,,,,,,,,,,,,,,,,,,,,,,
83.7125,26.891384,0.0005800982,83.7125,26.891384,0.00066934404,,,,,,,,,,,,,,,,,,,,,,,,,,,,,,,,,,,,,,,,,,,,,,,,,,,,,,,,,,,,,83.7125,26.891384,-0.54291415,83.7125,26.891384,-0.09259215,,,,,,,,,,,,,,,,,,,,,,,,,,,,,,,,,,,,,,,,,,,,,,,,,,,,,,,,,,,,,,,
83.7125,26.921362,0.00074371556,83.7125,26.921362,0.00071396696,,,,,,,,,,,,,,,,,,,,,,,,,,,,,,,,,,,,,,,,,,,,,,,,,,,,,,,,,,,,,83.7125,26.921362,-0.0349671,83.7125,26.921362,0.06345378,,,,,,,,,,,,,,,,,,,,,,,,,,,,,,,,,,,,,,,,,,,,,,,,,,,,,,,,,,,,,,,
83.7125,26.951342,0.00071396696,83.7125,26.951342,0.00069909263,,,,,,,,,,,,,,,,,,,,,,,,,,,,,,,,,,,,,,,,,,,,,,,,,,,,,,,,,,,,,83.7125,26.951342,-0.10802029,83.7125,26.951342,-0.0036305455,,,,,,,,,,,,,,,,,,,,,,,,,,,,,,,,,,,,,,,,,,,,,,,,,,,,,,,,,,,,,,,
83.7125,26.981321,0.0006544697,83.7125,26.981321,0.00068421825,,,,,,,,,,,,,,,,,,,,,,,,,,,,,,,,,,,,,,,,,,,,,,,,,,,,,,,,,,,,,83.7125,26.981321,-0.26828378,83.7125,26.981321,-0.03810128,,,,,,,,,,,,,,,,,,,,,,,,,,,,,,,,,,,,,,,,,,,,,,,,,,,,,,,,,,,,,,,
83.7125,27.011301,0.0008627101,83.7125,27.011301,0.00065446965,,,,,,,,,,,,,,,,,,,,,,,,,,,,,,,,,,,,,,,,,,,,,,,,,,,,,,,,,,,,,83.7125,27.011301,0.37505972,83.7125,27.011301,-0.13186419,,,,,,,,,,,,,,,,,,,,,,,,,,,,,,,,,,,,,,,,,,,,,,,,,,,,,,,,,,,,,,,
83.7125,27.041279,0.000669344,83.7125,27.041279,0.00087758445,,,,,,,,,,,,,,,,,,,,,,,,,,,,,,,,,,,,,,,,,,,,,,,,,,,,,,,,,,,,,83.7125,27.041279,-0.2518543,83.7125,27.041279,0.59674746,,,,,,,,,,,,,,,,,,,,,,,,,,,,,,,,,,,,,,,,,,,,,,,,,,,,,,,,,,,,,,,
83.7125,27.071259,0.0006247212,83.7125,27.071259,0.00066934404,,,,,,,,,,,,,,,,,,,,,,,,,,,,,,,,,,,,,,,,,,,,,,,,,,,,,,,,,,,,,83.7125,27.071259,-0.38929573,83.7125,27.071259,-0.08623775,,,,,,,,,,,,,,,,,,,,,,,,,,,,,,,,,,,,,,,,,,,,,,,,,,,,,,,,,,,,,,,
83.7125,27.101238,0.00080321287,83.7125,27.101238,0.00083296146,,,,,,,,,,,,,,,,,,,,,,,,,,,,,,,,,,,,,,,,,,,,,,,,,,,,,,,,,,,,,83.7125,27.101238,0.16707346,83.7125,27.101238,0.46900457,,,,,,,,,,,,,,,,,,,,,,,,,,,,,,,,,,,,,,,,,,,,,,,,,,,,,,,,,,,,,,,
83.7125,27.131218,0.0005354752,83.7125,27.131218,0.0006395954,,,,,,,,,,,,,,,,,,,,,,,,,,,,,,,,,,,,,,,,,,,,,,,,,,,,,,,,,,,,,83.7125,27.131218,-0.6676238,83.7125,27.131218,-0.19690388,,,,,,,,,,,,,,,,,,,,,,,,,,,,,,,,,,,,,,,,,,,,,,,,,,,,,,,,,,,,,,,
83.7125,27.161196,0.0006842183,83.7125,27.161196,0.00086271,,,,,,,,,,,,,,,,,,,,,,,,,,,,,,,,,,,,,,,,,,,,,,,,,,,,,,,,,,,,,83.7125,27.161196,-0.18748225,83.7125,27.161196,0.53818995,,,,,,,,,,,,,,,,,,,,,,,,,,,,,,,,,,,,,,,,,,,,,,,,,,,,,,,,,,,,,,,
83.7125,27.191175,0.0009073329,83.7125,27.191175,0.0005800982,,,,,,,,,,,,,,,,,,,,,,,,,,,,,,,,,,,,,,,,,,,,,,,,,,,,,,,,,,,,,83.7125,27.191175,0.53008616,83.7125,27.191175,-0.40512872,,,,,,,,,,,,,,,,,,,,,,,,,,,,,,,,,,,,,,,,,,,,,,,,,,,,,,,,,,,,,,,
83.7125,27.221155,0.0006247211,83.7125,27.221155,0.0006247211,,,,,,,,,,,,,,,,,,,,,,,,,,,,,,,,,,,,,,,,,,,,,,,,,,,,,,,,,,,,,83.7125,27.221155,-0.39290768,83.7125,27.221155,-0.2498592,,,,,,,,,,,,,,,,,,,,,,,,,,,,,,,,,,,,,,,,,,,,,,,,,,,,,,,,,,,,,,,
83.7125,27.251135,0.0009222073,83.7125,27.251135,0.0005949724,,,,,,,,,,,,,,,,,,,,,,,,,,,,,,,,,,,,,,,,,,,,,,,,,,,,,,,,,,,,,83.7125,27.251135,0.55737364,83.7125,27.251135,-0.3338983,,,,,,,,,,,,,,,,,,,,,,,,,,,,,,,,,,,,,,,,,,,,,,,,,,,,,,,,,,,,,,,
83.7125,27.281113,0.0008478358,83.7125,27.281113,0.00062472105,,,,,,,,,,,,,,,,,,,,,,,,,,,,,,,,,,,,,,,,,,,,,,,,,,,,,,,,,,,,,83.7125,27.281113,0.30975518,83.7125,27.281113,-0.2347891,,,,,,,,,,,,,,,,,,,,,,,,,,,,,,,,,,,,,,,,,,,,,,,,,,,,,,,,,,,,,,,
83.7125,27.311092,0.00069909263,83.7125,27.311092,0.000669344,,,,,,,,,,,,,,,,,,,,,,,,,,,,,,,,,,,,,,,,,,,,,,,,,,,,,,,,,,,,,83.7125,27.311092,-0.16332822,83.7125,27.311092,-0.09221946,,,,,,,,,,,,,,,,,,,,,,,,,,,,,,,,,,,,,,,,,,,,,,,,,,,,,,,,,,,,,,,
83.7125,27.341072,0.0008924587,83.7125,27.341072,0.0006247211,,,,,,,,,,,,,,,,,,,,,,,,,,,,,,,,,,,,,,,,,,,,,,,,,,,,,,,,,,,,,83.7125,27.341072,0.46115345,83.7125,27.341072,-0.2865376,,,,,,,,,,,,,,,,,,,,,,,,,,,,,,,,,,,,,,,,,,,,,,,,,,,,,,,,,,,,,,,
83.7125,27.371052,0.0007883385,83.7125,27.371052,0.0006842183,,,,,,,,,,,,,,,,,,,,,,,,,,,,,,,,,,,,,,,,,,,,,,,,,,,,,,,,,,,,,83.7125,27.371052,0.14270736,83.7125,27.371052,-0.036983225,,,,,,,,,,,,,,,,,,,,,,,,,,,,,,,,,,,,,,,,,,,,,,,,,,,,,,,,,,,,,,,
83.7125,27.401031,0.00066934404,83.7125,27.401031,0.0005652238,,,,,,,,,,,,,,,,,,,,,,,,,,,,,,,,,,,,,,,,,,,,,,,,,,,,,,,,,,,,,83.7125,27.401031,-0.24637893,83.7125,27.401031,-0.40339926,,,,,,,,,,,,,,,,,,,,,,,,,,,,,,,,,,,,,,,,,,,,,,,,,,,,,,,,,,,,,,,
83.7125,27.43101,0.00087758445,83.7125,27.43101,0.00062472105,,,,,,,,,,,,,,,,,,,,,,,,,,,,,,,,,,,,,,,,,,,,,,,,,,,,,,,,,,,,,83.7125,27.43101,0.4145584,83.7125,27.43101,-0.22708088,,,,,,,,,,,,,,,,,,,,,,,,,,,,,,,,,,,,,,,,,,,,,,,,,,,,,,,,,,,,,,,
83.7125,27.460989,0.0007734641,83.7125,27.460989,0.0007585899,,,,,,,,,,,,,,,,,,,,,,,,,,,,,,,,,,,,,,,,,,,,,,,,,,,,,,,,,,,,,83.7125,27.460989,0.108161196,83.7125,27.460989,0.18769309,,,,,,,,,,,,,,,,,,,,,,,,,,,,,,,,,,,,,,,,,,,,,,,,,,,,,,,,,,,,,,,
83.7125,27.490969,0.0007585899,83.7125,27.490969,0.00062472105,,,,,,,,,,,,,,,,,,,,,,,,,,,,,,,,,,,,,,,,,,,,,,,,,,,,,,,,,,,,,83.7125,27.490969,0.0650821,83.7125,27.490969,-0.22234689,,,,,,,,,,,,,,,,,,,,,,,,,,,,,,,,,,,,,,,,,,,,,,,,,,,,,,,,,,,,,,,
83.7125,27.520948,0.0008627101,83.7125,27.520948,0.0008627101,,,,,,,,,,,,,,,,,,,,,,,,,,,,,,,,,,,,,,,,,,,,,,,,,,,,,,,,,,,,,83.7125,27.520948,0.37038702,83.7125,27.520948,0.59203696,,,,,,,,,,,,,,,,,,,,,,,,,,,,,,,,,,,,,,,,,,,,,,,,,,,,,,,,,,,,,,,
83.7125,27.550926,0.00072884123,83.7125,27.550926,0.00072884123,,,,,,,,,,,,,,,,,,,,,,,,,,,,,,,,,,,,,,,,,,,,,,,,,,,,,,,,,,,,,83.7125,27.550926,-0.02709841,83.7125,27.550926,0.083654754,,,,,,,,,,,,,,,,,,,,,,,,,,,,,,,,,,,,,,,,,,,,,,,,,,,,,,,,,,,,,,,
83.7125,27.580906,0.0007437156,83.7125,27.580906,0.0005652238,,,,,,,,,,,,,,,,,,,,,,,,,,,,,,,,,,,,,,,,,,,,,,,,,,,,,,,,,,,,,83.7125,27.580906,-0.05434595,83.7125,27.580906,-0.43700272,,,,,,,,,,,,,,,,,,,,,,,,,,,,,,,,,,,,,,,,,,,,,,,,,,,,,,,,,,,,,,,
83.7125,27.610886,0.00090733304,83.7125,27.610886,0.00066934404,,,,,,,,,,,,,,,,,,,,,,,,,,,,,,,,,,,,,,,,,,,,,,,,,,,,,,,,,,,,,83.7125,27.610886,0.5251799,83.7125,27.610886,-0.124048986,,,,,,,,,,,,,,,,,,,,,,,,,,,,,,,,,,,,,,,,,,,,,,,,,,,,,,,,,,,,,,,
83.7125,27.640865,0.0006395954,83.7125,27.640865,0.0008180872,,,,,,,,,,,,,,,,,,,,,,,,,,,,,,,,,,,,,,,,,,,,,,,,,,,,,,,,,,,,,83.7125,27.640865,-0.333511,83.7125,27.640865,0.40402645,,,,,,,,,,,,,,,,,,,,,,,,,,,,,,,,,,,,,,,,,,,,,,,,,,,,,,,,,,,,,,,
83.7125,27.670843,0.0007585899,83.7125,27.670843,0.00069909263,,,,,,,,,,,,,,,,,,,,,,,,,,,,,,,,,,,,,,,,,,,,,,,,,,,,,,,,,,,,,83.7125,27.670843,0.03909443,83.7125,27.670843,-8.477105e-06,,,,,,,,,,,,,,,,,,,,,,,,,,,,,,,,,,,,,,,,,,,,,,,,,,,,,,,,,,,,,,,
83.7125,27.700823,0.00090733304,83.7125,27.700823,0.00092220743,,,,,,,,,,,,,,,,,,,,,,,,,,,,,,,,,,,,,,,,,,,,,,,,,,,,,,,,,,,,,83.7125,27.700823,0.5186234,83.7125,27.700823,0.76755565,,,,,,,,,,,,,,,,,,,,,,,,,,,,,,,,,,,,,,,,,,,,,,,,,,,,,,,,,,,,,,,
83.7125,27.730803,0.0009519559,83.7125,27.730803,0.0006098468,,,,,,,,,,,,,,,,,,,,,,,,,,,,,,,,,,,,,,,,,,,,,,,,,,,,,,,,,,,,,83.7125,27.730803,0.6300824,83.7125,27.730803,-0.27003253,,,,,,,,,,,,,,,,,,,,,,,,,,,,,,,,,,,,,,,,,,,,,,,,,,,,,,,,,,,,,,,
83.7125,27.760782,0.0009817046,83.7125,27.760782,0.00071396696,,,,,,,,,,,,,,,,,,,,,,,,,,,,,,,,,,,,,,,,,,,,,,,,,,,,,,,,,,,,,83.7125,27.760782,0.7447631,83.7125,27.760782,0.05556141,,,,,,,,,,,,,,,,,,,,,,,,,,,,,,,,,,,,,,,,,,,,,,,,,,,,,,,,,,,,,,,
83.7125,27.79076,0.00066934404,83.7125,27.79076,0.00074371556,,,,,,,,,,,,,,,,,,,,,,,,,,,,,,,,,,,,,,,,,,,,,,,,,,,,,,,,,,,,,83.7125,27.79076,-0.26249564,83.7125,27.79076,0.1623742,,,,,,,,,,,,,,,,,,,,,,,,,,,,,,,,,,,,,,,,,,,,,,,,,,,,,,,,,,,,,,,
83.7125,27.82074,0.0005503495,83.7125,27.82074,0.0007437156,,,,,,,,,,,,,,,,,,,,,,,,,,,,,,,,,,,,,,,,,,,,,,,,,,,,,,,,,,,,,83.7125,27.82074,-0.6198859,83.7125,27.82074,0.13643938,,,,,,,,,,,,,,,,,,,,,,,,,,,,,,,,,,,,,,,,,,,,,,,,,,,,,,,,,,,,,,,
83.7125,27.85072,0.00072884123,83.7125,27.85072,0.00077346415,,,,,,,,,,,,,,,,,,,,,,,,,,,,,,,,,,,,,,,,,,,,,,,,,,,,,,,,,,,,,83.7125,27.85072,-0.058238294,83.7125,27.85072,0.23867781,,,,,,,,,,,,,,,,,,,,,,,,,,,,,,,,,,,,,,,,,,,,,,,,,,,,,,,,,,,,,,,
83.7125,27.8807,0.0007585899,83.7125,27.8807,0.000713967,,,,,,,,,,,,,,,,,,,,,,,,,,,,,,,,,,,,,,,,,,,,,,,,,,,,,,,,,,,,,83.7125,27.8807,0.054156225,83.7125,27.8807,0.06020191,,,,,,,,,,,,,,,,,,,,,,,,,,,,,,,,,,,,,,,,,,,,,,,,,,,,,,,,,,,,,,,
83.7125,27.910677,0.0009073329,83.7125,27.910677,0.00084783573,,,,,,,,,,,,,,,,,,,,,,,,,,,,,,,,,,,,,,,,,,,,,,,,,,,,,,,,,,,,,83.7125,27.910677,0.5250047,83.7125,27.910677,0.50542283,,,,,,,,,,,,,,,,,,,,,,,,,,,,,,,,,,,,,,,,,,,,,,,,,,,,,,,,,,,,,,,
83.7125,27.940657,0.0007883386,83.7125,27.940657,0.00062472105,,,,,,,,,,,,,,,,,,,,,,,,,,,,,,,,,,,,,,,,,,,,,,,,,,,,,,,,,,,,,83.7125,27.940657,0.13531126,83.7125,27.940657,-0.23421536,,,,,,,,,,,,,,,,,,,,,,,,,,,,,,,,,,,,,,,,,,,,,,,,,,,,,,,,,,,,,,,
83.7125,27.970636,0.00055034953,83.7125,27.970636,0.0007585899,,,,,,,,,,,,,,,,,,,,,,,,,,,,,,,,,,,,,,,,,,,,,,,,,,,,,,,,,,,,,83.7125,27.970636,-0.6228703,83.7125,27.970636,0.22501867,,,,,,,,,,,,,,,,,,,,,,,,,,,,,,,,,,,,,,,,,,,,,,,,,,,,,,,,,,,,,,,
83.7125,28.000616,0.0007437155,83.7125,28.000616,0.00071396696,,,,,,,,,,,,,,,,,,,,,,,,,,,,,,,,,,,,,,,,,,,,,,,,,,,,,,,,,,,,,83.7125,28.000616,-0.0044900985,83.7125,28.000616,0.06293604,,,,,,,,,,,,,,,,,,,,,,,,,,,,,,,,,,,,,,,,,,,,,,,,,,,,,,,,,,,,,,,
83.7125,28.030594,0.0007734642,83.7125,28.030594,0.00058009813,,,,,,,,,,,,,,,,,,,,,,,,,,,,,,,,,,,,,,,,,,,,,,,,,,,,,,,,,,,,,83.7125,28.030594,0.10097768,83.7125,28.030594,-0.38567674,,,,,,,,,,,,,,,,,,,,,,,,,,,,,,,,,,,,,,,,,,,,,,,,,,,,,,,,,,,,,,,
83.7125,28.060574,0.000669344,83.7125,28.060574,0.0006544697,,,,,,,,,,,,,,,,,,,,,,,,,,,,,,,,,,,,,,,,,,,,,,,,,,,,,,,,,,,,,83.7125,28.060574,-0.2575661,83.7125,28.060574,-0.15087518,,,,,,,,,,,,,,,,,,,,,,,,,,,,,,,,,,,,,,,,,,,,,,,,,,,,,,,,,,,,,,,
83.7125,28.090553,0.0008180871,83.7125,28.090553,0.00060984667,,,,,,,,,,,,,,,,,,,,,,,,,,,,,,,,,,,,,,,,,,,,,,,,,,,,,,,,,,,,,83.7125,28.090553,0.2301057,83.7125,28.090553,-0.25584283,,,,,,,,,,,,,,,,,,,,,,,,,,,,,,,,,,,,,,,,,,,,,,,,,,,,,,,,,,,,,,,
83.7125,28.120533,0.00071396696,83.7125,28.120533,0.00074371556,,,,,,,,,,,,,,,,,,,,,,,,,,,,,,,,,,,,,,,,,,,,,,,,,,,,,,,,,,,,,83.7125,28.120533,-0.10799681,83.7125,28.120533,0.18420729,,,,,,,,,,,,,,,,,,,,,,,,,,,,,,,,,,,,,,,,,,,,,,,,,,,,,,,,,,,,,,,
83.7125,28.150513,0.0007437156,83.7125,28.150513,0.0005503495,,,,,,,,,,,,,,,,,,,,,,,,,,,,,,,,,,,,,,,,,,,,,,,,,,,,,,,,,,,,,83.7125,28.150513,-0.013504969,83.7125,28.150513,-0.4786824,,,,,,,,,,,,,,,,,,,,,,,,,,,,,,,,,,,,,,,,,,,,,,,,,,,,,,,,,,,,,,,
83.7125,28.18049,0.0008478358,83.7125,28.18049,0.00066934404,,,,,,,,,,,,,,,,,,,,,,,,,,,,,,,,,,,,,,,,,,,,,,,,,,,,,,,,,,,,,83.7125,28.18049,0.32466802,83.7125,28.18049,-0.101881824,,,,,,,,,,,,,,,,,,,,,,,,,,,,,,,,,,,,,,,,,,,,,,,,,,,,,,,,,,,,,,,
83.7125,28.21047,0.00050572655,83.7125,28.21047,0.000713967,,,,,,,,,,,,,,,,,,,,,,,,,,,,,,,,,,,,,,,,,,,,,,,,,,,,,,,,,,,,,83.7125,28.21047,-0.74758935,83.7125,28.21047,0.05722773,,,,,,,,,,,,,,,,,,,,,,,,,,,,,,,,,,,,,,,,,,,,,,,,,,,,,,,,,,,,,,,
83.7125,28.24045,0.0007437156,83.7125,28.24045,0.0007139669,,,,,,,,,,,,,,,,,,,,,,,,,,,,,,,,,,,,,,,,,,,,,,,,,,,,,,,,,,,,,83.7125,28.24045,-0.007869627,83.7125,28.24045,0.058484223,,,,,,,,,,,,,,,,,,,,,,,,,,,,,,,,,,,,,,,,,,,,,,,,,,,,,,,,,,,,,,,
83.7125,28.27043,0.00068421836,83.7125,28.27043,0.00069909263,,,,,,,,,,,,,,,,,,,,,,,,,,,,,,,,,,,,,,,,,,,,,,,,,,,,,,,,,,,,,83.7125,28.27043,-0.20763811,83.7125,28.27043,0.0031133096,,,,,,,,,,,,,,,,,,,,,,,,,,,,,,,,,,,,,,,,,,,,,,,,,,,,,,,,,,,,,,,
83.7125,28.300407,0.00071396696,83.7125,28.300407,0.0005354752,,,,,,,,,,,,,,,,,,,,,,,,,,,,,,,,,,,,,,,,,,,,,,,,,,,,,,,,,,,,,83.7125,28.300407,-0.092089854,83.7125,28.300407,-0.52370876,,,,,,,,,,,,,,,,,,,,,,,,,,,,,,,,,,,,,,,,,,,,,,,,,,,,,,,,,,,,,,,
83.7125,28.330387,0.00080321287,83.7125,28.330387,0.000669344,,,,,,,,,,,,,,,,,,,,,,,,,,,,,,,,,,,,,,,,,,,,,,,,,,,,,,,,,,,,,83.7125,28.330387,0.17930695,83.7125,28.330387,-0.07743408,,,,,,,,,,,,,,,,,,,,,,,,,,,,,,,,,,,,,,,,,,,,,,,,,,,,,,,,,,,,,,,
83.7125,28.360367,0.0006544697,83.7125,28.360367,0.0005652238,,,,,,,,,,,,,,,,,,,,,,,,,,,,,,,,,,,,,,,,,,,,,,,,,,,,,,,,,,,,,83.7125,28.360367,-0.2645196,83.7125,28.360367,-0.4181422,,,,,,,,,,,,,,,,,,,,,,,,,,,,,,,,,,,,,,,,,,,,,,,,,,,,,,,,,,,,,,,
83.7125,28.390347,0.00069909263,83.7125,28.390347,0.000669344,,,,,,,,,,,,,,,,,,,,,,,,,,,,,,,,,,,,,,,,,,,,,,,,,,,,,,,,,,,,,83.7125,28.390347,-0.16060802,83.7125,28.390347,-0.10666157,,,,,,,,,,,,,,,,,,,,,,,,,,,,,,,,,,,,,,,,,,,,,,,,,,,,,,,,,,,,,,,
83.7125,28.420324,0.0008180871,83.7125,28.420324,0.0006395953,,,,,,,,,,,,,,,,,,,,,,,,,,,,,,,,,,,,,,,,,,,,,,,,,,,,,,,,,,,,,83.7125,28.420324,0.23753487,83.7125,28.420324,-0.17501572,,,,,,,,,,,,,,,,,,,,,,,,,,,,,,,,,,,,,,,,,,,,,,,,,,,,,,,,,,,,,,,
83.7125,28.450304,0.00084783573,83.7125,28.450304,0.0006395953,,,,,,,,,,,,,,,,,,,,,,,,,,,,,,,,,,,,,,,,,,,,,,,,,,,,,,,,,,,,,83.7125,28.450304,0.3170454,83.7125,28.450304,-0.18972427,,,,,,,,,,,,,,,,,,,,,,,,,,,,,,,,,,,,,,,,,,,,,,,,,,,,,,,,,,,,,,,
83.7125,28.480284,0.00074371556,83.7125,28.480284,0.0008329615,,,,,,,,,,,,,,,,,,,,,,,,,,,,,,,,,,,,,,,,,,,,,,,,,,,,,,,,,,,,,83.7125,28.480284,-0.015893936,83.7125,28.480284,0.4678103,,,,,,,,,,,,,,,,,,,,,,,,,,,,,,,,,,,,,,,,,,,,,,,,,,,,,,,,,,,,,,,
83.7125,28.510263,0.00080321287,83.7125,28.510263,0.0006544697,,,,,,,,,,,,,,,,,,,,,,,,,,,,,,,,,,,,,,,,,,,,,,,,,,,,,,,,,,,,,83.7125,28.510263,0.1427431,83.7125,28.510263,-0.13420914,,,,,,,,,,,,,,,,,,,,,,,,,,,,,,,,,,,,,,,,,,,,,,,,,,,,,,,,,,,,,,,
83.7125,28.540241,0.0009519559,83.7125,28.540241,0.0007883385,,,,,,,,,,,,,,,,,,,,,,,,,,,,,,,,,,,,,,,,,,,,,,,,,,,,,,,,,,,,,83.7125,28.540241,0.6240651,83.7125,28.540241,0.3165429,,,,,,,,,,,,,,,,,,,,,,,,,,,,,,,,,,,,,,,,,,,,,,,,,,,,,,,,,,,,,,,
83.7125,28.57022,0.0006990927,83.7125,28.57022,0.0007883384,,,,,,,,,,,,,,,,,,,,,,,,,,,,,,,,,,,,,,,,,,,,,,,,,,,,,,,,,,,,,83.7125,28.57022,-0.13213915,83.7125,28.57022,0.32461342,,,,,,,,,,,,,,,,,,,,,,,,,,,,,,,,,,,,,,,,,,,,,,,,,,,,,,,,,,,,,,,
83.7125,28.6002,0.00072884123,83.7125,28.6002,0.0006990927,,,,,,,,,,,,,,,,,,,,,,,,,,,,,,,,,,,,,,,,,,,,,,,,,,,,,,,,,,,,,83.7125,28.6002,-0.05716224,83.7125,28.6002,-0.0074569117,,,,,,,,,,,,,,,,,,,,,,,,,,,,,,,,,,,,,,,,,,,,,,,,,,,,,,,,,,,,,,,
83.7125,28.63018,0.000669344,83.7125,28.63018,0.00069909263,,,,,,,,,,,,,,,,,,,,,,,,,,,,,,,,,,,,,,,,,,,,,,,,,,,,,,,,,,,,,83.7125,28.63018,-0.2374369,83.7125,28.63018,-0.002711826,,,,,,,,,,,,,,,,,,,,,,,,,,,,,,,,,,,,,,,,,,,,,,,,,,,,,,,,,,,,,,,
83.7125,28.660158,0.0008180871,83.7125,28.660158,0.0008180871,,,,,,,,,,,,,,,,,,,,,,,,,,,,,,,,,,,,,,,,,,,,,,,,,,,,,,,,,,,,,83.7125,28.660158,0.26015538,83.7125,28.660158,0.39850947,,,,,,,,,,,,,,,,,,,,,,,,,,,,,,,,,,,,,,,,,,,,,,,,,,,,,,,,,,,,,,,
83.7125,28.690138,0.0007288412,83.7125,28.690138,0.00065446965,,,,,,,,,,,,,,,,,,,,,,,,,,,,,,,,,,,,,,,,,,,,,,,,,,,,,,,,,,,,,83.7125,28.690138,-0.04763429,83.7125,28.690138,-0.153618,,,,,,,,,,,,,,,,,,,,,,,,,,,,,,,,,,,,,,,,,,,,,,,,,,,,,,,,,,,,,,,
83.7125,28.720118,0.0005503495,83.7125,28.720118,0.00077346415,,,,,,,,,,,,,,,,,,,,,,,,,,,,,,,,,,,,,,,,,,,,,,,,,,,,,,,,,,,,,83.7125,28.720118,-0.63514763,83.7125,28.720118,0.2547519,,,,,,,,,,,,,,,,,,,,,,,,,,,,,,,,,,,,,,,,,,,,,,,,,,,,,,,,,,,,,,,
83.7125,28.750097,0.0005949724,83.7125,28.750097,0.0007734642,,,,,,,,,,,,,,,,,,,,,,,,,,,,,,,,,,,,,,,,,,,,,,,,,,,,,,,,,,,,,83.7125,28.750097,-0.46358082,83.7125,28.750097,0.2702533,,,,,,,,,,,,,,,,,,,,,,,,,,,,,,,,,,,,,,,,,,,,,,,,,,,,,,,,,,,,,,,
83.7125,28.780075,0.0007734642,83.7125,28.780075,0.00069909263,,,,,,,,,,,,,,,,,,,,,,,,,,,,,,,,,,,,,,,,,,,,,,,,,,,,,,,,,,,,,83.7125,28.780075,0.060710747,83.7125,28.780075,0.030682879,,,,,,,,,,,,,,,,,,,,,,,,,,,,,,,,,,,,,,,,,,,,,,,,,,,,,,,,,,,,,,,
83.7125,28.810055,0.00083296146,83.7125,28.810055,0.00069909263,,,,,,,,,,,,,,,,,,,,,,,,,,,,,,,,,,,,,,,,,,,,,,,,,,,,,,,,,,,,,83.7125,28.810055,0.27088165,83.7125,28.810055,0.0021602842,,,,,,,,,,,,,,,,,,,,,,,,,,,,,,,,,,,,,,,,,,,,,,,,,,,,,,,,,,,,,,,
83.7125,28.840034,0.0007883385,83.7125,28.840034,0.00055034953,,,,,,,,,,,,,,,,,,,,,,,,,,,,,,,,,,,,,,,,,,,,,,,,,,,,,,,,,,,,,83.7125,28.840034,0.13210456,83.7125,28.840034,-0.45671797,,,,,,,,,,,,,,,,,,,,,,,,,,,,,,,,,,,,,,,,,,,,,,,,,,,,,,,,,,,,,,,
83.7125,28.870014,0.000713967,83.7125,28.870014,0.0006395953,,,,,,,,,,,,,,,,,,,,,,,,,,,,,,,,,,,,,,,,,,,,,,,,,,,,,,,,,,,,,83.7125,28.870014,-0.095959105,83.7125,28.870014,-0.15297616,,,,,,,,,,,,,,,,,,,,,,,,,,,,,,,,,,,,,,,,,,,,,,,,,,,,,,,,,,,,,,,
83.7125,28.899992,0.00084783573,83.7125,28.899992,0.00071396696,,,,,,,,,,,,,,,,,,,,,,,,,,,,,,,,,,,,,,,,,,,,,,,,,,,,,,,,,,,,,83.7125,28.899992,0.29078257,83.7125,28.899992,0.06512651,,,,,,,,,,,,,,,,,,,,,,,,,,,,,,,,,,,,,,,,,,,,,,,,,,,,,,,,,,,,,,,
83.7125,28.929972,0.0007734642,83.7125,28.929972,0.0007288412,,,,,,,,,,,,,,,,,,,,,,,,,,,,,,,,,,,,,,,,,,,,,,,,,,,,,,,,,,,,,83.7125,28.929972,0.0779779,83.7125,28.929972,0.12254087,,,,,,,,,,,,,,,,,,,,,,,,,,,,,,,,,,,,,,,,,,,,,,,,,,,,,,,,,,,,,,,
83.7125,28.959951,0.0005652239,83.7125,28.959951,0.00084783573,,,,,,,,,,,,,,,,,,,,,,,,,,,,,,,,,,,,,,,,,,,,,,,,,,,,,,,,,,,,,83.7125,28.959951,-0.55855745,83.7125,28.959951,0.48035976,,,,,,,,,,,,,,,,,,,,,,,,,,,,,,,,,,,,,,,,,,,,,,,,,,,,,,,,,,,,,,,
83.7125,28.989931,0.0007585899,83.7125,28.989931,0.00074371556,,,,,,,,,,,,,,,,,,,,,,,,,,,,,,,,,,,,,,,,,,,,,,,,,,,,,,,,,,,,,83.7125,28.989931,0.03081678,83.7125,28.989931,0.14737555,,,,,,,,,,,,,,,,,,,,,,,,,,,,,,,,,,,,,,,,,,,,,,,,,,,,,,,,,,,,,,,
83.7125,29.01991,0.00075858994,83.7125,29.01991,0.0006544697,,,,,,,,,,,,,,,,,,,,,,,,,,,,,,,,,,,,,,,,,,,,,,,,,,,,,,,,,,,,,83.7125,29.01991,0.03321016,83.7125,29.01991,-0.16388084,,,,,,,,,,,,,,,,,,,,,,,,,,,,,,,,,,,,,,,,,,,,,,,,,,,,,,,,,,,,,,,
83.7125,29.049889,0.0007437156,83.7125,29.049889,0.00087758445,,,,,,,,,,,,,,,,,,,,,,,,,,,,,,,,,,,,,,,,,,,,,,,,,,,,,,,,,,,,,83.7125,29.049889,-0.043319568,83.7125,29.049889,0.631601,,,,,,,,,,,,,,,,,,,,,,,,,,,,,,,,,,,,,,,,,,,,,,,,,,,,,,,,,,,,,,,
83.7125,29.079868,0.0006990926,83.7125,29.079868,0.0006842183,,,,,,,,,,,,,,,,,,,,,,,,,,,,,,,,,,,,,,,,,,,,,,,,,,,,,,,,,,,,,83.7125,29.079868,-0.13669689,83.7125,29.079868,-0.033405304,,,,,,,,,,,,,,,,,,,,,,,,,,,,,,,,,,,,,,,,,,,,,,,,,,,,,,,,,,,,,,,
83.7125,29.109848,0.00081808714,83.7125,29.109848,0.00065446965,,,,,,,,,,,,,,,,,,,,,,,,,,,,,,,,,,,,,,,,,,,,,,,,,,,,,,,,,,,,,83.7125,29.109848,0.24341673,83.7125,29.109848,-0.13299173,,,,,,,,,,,,,,,,,,,,,,,,,,,,,,,,,,,,,,,,,,,,,,,,,,,,,,,,,,,,,,,
83.7125,29.139828,0.0008329614,83.7125,29.139828,0.0006990926,,,,,,,,,,,,,,,,,,,,,,,,,,,,,,,,,,,,,,,,,,,,,,,,,,,,,,,,,,,,,83.7125,29.139828,0.28755152,83.7125,29.139828,0.0064430404,,,,,,,,,,,,,,,,,,,,,,,,,,,,,,,,,,,,,,,,,,,,,,,,,,,,,,,,,,,,,,,
83.7125,29.169806,0.00090733304,83.7125,29.169806,0.00059497246,,,,,,,,,,,,,,,,,,,,,,,,,,,,,,,,,,,,,,,,,,,,,,,,,,,,,,,,,,,,,83.7125,29.169806,0.51585203,83.7125,29.169806,-0.3338056,,,,,,,,,,,,,,,,,,,,,,,,,,,,,,,,,,,,,,,,,,,,,,,,,,,,,,,,,,,,,,,
83.7125,29.199785,0.0006990926,83.7125,29.199785,0.0005503495,,,,,,,,,,,,,,,,,,,,,,,,,,,,,,,,,,,,,,,,,,,,,,,,,,,,,,,,,,,,,83.7125,29.199785,-0.15701026,83.7125,29.199785,-0.46593726,,,,,,,,,,,,,,,,,,,,,,,,,,,,,,,,,,,,,,,,,,,,,,,,,,,,,,,,,,,,,,,
83.7125,29.229765,0.00090733304,83.7125,29.229765,0.0006544697,,,,,,,,,,,,,,,,,,,,,,,,,,,,,,,,,,,,,,,,,,,,,,,,,,,,,,,,,,,,,83.7125,29.229765,0.5105738,83.7125,29.229765,-0.12788564,,,,,,,,,,,,,,,,,,,,,,,,,,,,,,,,,,,,,,,,,,,,,,,,,,,,,,,,,,,,,,,
83.7125,29.259745,0.00066934404,83.7125,29.259745,0.0006395954,,,,,,,,,,,,,,,,,,,,,,,,,,,,,,,,,,,,,,,,,,,,,,,,,,,,,,,,,,,,,83.7125,29.259745,-0.25364456,83.7125,29.259745,-0.18753885,,,,,,,,,,,,,,,,,,,,,,,,,,,,,,,,,,,,,,,,,,,,,,,,,,,,,,,,,,,,,,,
83.7125,29.289722,0.00072884123,83.7125,29.289722,0.00059497246,,,,,,,,,,,,,,,,,,,,,,,,,,,,,,,,,,,,,,,,,,,,,,,,,,,,,,,,,,,,,83.7125,29.289722,-0.06188844,83.7125,29.289722,-0.34725,,,,,,,,,,,,,,,,,,,,,,,,,,,,,,,,,,,,,,,,,,,,,,,,,,,,,,,,,,,,,,,
83.7125,29.319702,0.0006247212,83.7125,29.319702,0.00068421836,,,,,,,,,,,,,,,,,,,,,,,,,,,,,,,,,,,,,,,,,,,,,,,,,,,,,,,,,,,,,83.7125,29.319702,-0.3868215,83.7125,29.319702,-0.061895754,,,,,,,,,,,,,,,,,,,,,,,,,,,,,,,,,,,,,,,,,,,,,,,,,,,,,,,,,,,,,,,
83.7125,29.349682,0.00090733304,83.7125,29.349682,0.0006395954,,,,,,,,,,,,,,,,,,,,,,,,,,,,,,,,,,,,,,,,,,,,,,,,,,,,,,,,,,,,,83.7125,29.349682,0.49834353,83.7125,29.349682,-0.18899049,,,,,,,,,,,,,,,,,,,,,,,,,,,,,,,,,,,,,,,,,,,,,,,,,,,,,,,,,,,,,,,
83.7125,29.379662,0.0008924588,83.7125,29.379662,0.0006098468,,,,,,,,,,,,,,,,,,,,,,,,,,,,,,,,,,,,,,,,,,,,,,,,,,,,,,,,,,,,,83.7125,29.379662,0.45390642,83.7125,29.379662,-0.3008017,,,,,,,,,,,,,,,,,,,,,,,,,,,,,,,,,,,,,,,,,,,,,,,,,,,,,,,,,,,,,,,
83.7125,29.40964,0.0007585899,83.7125,29.40964,0.0008924587,,,,,,,,,,,,,,,,,,,,,,,,,,,,,,,,,,,,,,,,,,,,,,,,,,,,,,,,,,,,,83.7125,29.40964,0.020206848,83.7125,29.40964,0.63634354,,,,,,,,,,,,,,,,,,,,,,,,,,,,,,,,,,,,,,,,,,,,,,,,,,,,,,,,,,,,,,,
83.7125,29.43962,0.00080321275,83.7125,29.43962,0.0006247211,,,,,,,,,,,,,,,,,,,,,,,,,,,,,,,,,,,,,,,,,,,,,,,,,,,,,,,,,,,,,83.7125,29.43962,0.18740927,83.7125,29.43962,-0.23404911,,,,,,,,,,,,,,,,,,,,,,,,,,,,,,,,,,,,,,,,,,,,,,,,,,,,,,,,,,,,,,,
83.7125,29.469599,0.00069909263,83.7125,29.469599,0.00081808714,,,,,,,,,,,,,,,,,,,,,,,,,,,,,,,,,,,,,,,,,,,,,,,,,,,,,,,,,,,,,83.7125,29.469599,-0.14781843,83.7125,29.469599,0.4269669,,,,,,,,,,,,,,,,,,,,,,,,,,,,,,,,,,,,,,,,,,,,,,,,,,,,,,,,,,,,,,,
83.7125,29.499578,0.0007437156,83.7125,29.499578,0.0006098468,,,,,,,,,,,,,,,,,,,,,,,,,,,,,,,,,,,,,,,,,,,,,,,,,,,,,,,,,,,,,83.7125,29.499578,-0.01950717,83.7125,29.499578,-0.26833066,,,,,,,,,,,,,,,,,,,,,,,,,,,,,,,,,,,,,,,,,,,,,,,,,,,,,,,,,,,,,,,
83.7125,29.529556,0.0005800982,83.7125,29.529556,0.0006544697,,,,,,,,,,,,,,,,,,,,,,,,,,,,,,,,,,,,,,,,,,,,,,,,,,,,,,,,,,,,,83.7125,29.529556,-0.523513,83.7125,29.529556,-0.13587362,,,,,,,,,,,,,,,,,,,,,,,,,,,,,,,,,,,,,,,,,,,,,,,,,,,,,,,,,,,,,,,
83.7125,29.559536,0.00080321287,83.7125,29.559536,0.0006098467,,,,,,,,,,,,,,,,,,,,,,,,,,,,,,,,,,,,,,,,,,,,,,,,,,,,,,,,,,,,,83.7125,29.559536,0.18014604,83.7125,29.559536,-0.24225892,,,,,,,,,,,,,,,,,,,,,,,,,,,,,,,,,,,,,,,,,,,,,,,,,,,,,,,,,,,,,,,
83.7125,29.589516,0.00062472105,83.7125,29.589516,0.0006990926,,,,,,,,,,,,,,,,,,,,,,,,,,,,,,,,,,,,,,,,,,,,,,,,,,,,,,,,,,,,,83.7125,29.589516,-0.3788387,83.7125,29.589516,0.010314498,,,,,,,,,,,,,,,,,,,,,,,,,,,,,,,,,,,,,,,,,,,,,,,,,,,,,,,,,,,,,,,
83.7125,29.619495,0.00068421836,83.7125,29.619495,0.0006098467,,,,,,,,,,,,,,,,,,,,,,,,,,,,,,,,,,,,,,,,,,,,,,,,,,,,,,,,,,,,,83.7125,29.619495,-0.20424452,83.7125,29.619495,-0.2778766,,,,,,,,,,,,,,,,,,,,,,,,,,,,,,,,,,,,,,,,,,,,,,,,,,,,,,,,,,,,,,,
83.7125,29.649473,0.0005206009,83.7125,29.649473,0.00090733304,,,,,,,,,,,,,,,,,,,,,,,,,,,,,,,,,,,,,,,,,,,,,,,,,,,,,,,,,,,,,83.7125,29.649473,-0.7006289,83.7125,29.649473,0.69038504,,,,,,,,,,,,,,,,,,,,,,,,,,,,,,,,,,,,,,,,,,,,,,,,,,,,,,,,,,,,,,,
83.7125,29.679453,0.0006395953,83.7125,29.679453,0.0008329615,,,,,,,,,,,,,,,,,,,,,,,,,,,,,,,,,,,,,,,,,,,,,,,,,,,,,,,,,,,,,83.7125,29.679453,-0.30633247,83.7125,29.679453,0.42721668,,,,,,,,,,,,,,,,,,,,,,,,,,,,,,,,,,,,,,,,,,,,,,,,,,,,,,,,,,,,,,,
83.7125,29.709433,0.00074371556,83.7125,29.709433,0.00074371556,,,,,,,,,,,,,,,,,,,,,,,,,,,,,,,,,,,,,,,,,,,,,,,,,,,,,,,,,,,,,83.7125,29.709433,-0.0045844945,83.7125,29.709433,0.1545372,,,,,,,,,,,,,,,,,,,,,,,,,,,,,,,,,,,,,,,,,,,,,,,,,,,,,,,,,,,,,,,
83.7125,29.739412,0.00069909263,83.7125,29.739412,0.0007734641,,,,,,,,,,,,,,,,,,,,,,,,,,,,,,,,,,,,,,,,,,,,,,,,,,,,,,,,,,,,,83.7125,29.739412,-0.15320301,83.7125,29.739412,0.25583744,,,,,,,,,,,,,,,,,,,,,,,,,,,,,,,,,,,,,,,,,,,,,,,,,,,,,,,,,,,,,,,
83.7125,29.76939,0.00050572655,83.7125,29.76939,0.00058009813,,,,,,,,,,,,,,,,,,,,,,,,,,,,,,,,,,,,,,,,,,,,,,,,,,,,,,,,,,,,,83.7125,29.76939,-0.7593794,83.7125,29.76939,-0.37801123,,,,,,,,,,,,,,,,,,,,,,,,,,,,,,,,,,,,,,,,,,,,,,,,,,,,,,,,,,,,,,,
83.7125,29.79937,0.0007734643,83.7125,29.79937,0.00069909263,,,,,,,,,,,,,,,,,,,,,,,,,,,,,,,,,,,,,,,,,,,,,,,,,,,,,,,,,,,,,83.7125,29.79937,0.086523496,83.7125,29.79937,0.0047499537,,,,,,,,,,,,,,,,,,,,,,,,,,,,,,,,,,,,,,,,,,,,,,,,,,,,,,,,,,,,,,,
83.7125,29.82935,0.0006395954,83.7125,29.82935,0.00072884123,,,,,,,,,,,,,,,,,,,,,,,,,,,,,,,,,,,,,,,,,,,,,,,,,,,,,,,,,,,,,83.7125,29.82935,-0.34850153,83.7125,29.82935,0.11097333,,,,,,,,,,,,,,,,,,,,,,,,,,,,,,,,,,,,,,,,,,,,,,,,,,,,,,,,,,,,,,,
83.7125,29.85933,0.0005206009,83.7125,29.85933,0.0005503495,,,,,,,,,,,,,,,,,,,,,,,,,,,,,,,,,,,,,,,,,,,,,,,,,,,,,,,,,,,,,83.7125,29.85933,-0.71255946,83.7125,29.85933,-0.45853207,,,,,,,,,,,,,,,,,,,,,,,,,,,,,,,,,,,,,,,,,,,,,,,,,,,,,,,,,,,,,,,
83.7125,29.889309,0.00071396696,83.7125,29.889309,0.00068421825,,,,,,,,,,,,,,,,,,,,,,,,,,,,,,,,,,,,,,,,,,,,,,,,,,,,,,,,,,,,,83.7125,29.889309,-0.09497662,83.7125,29.889309,-0.043474447,,,,,,,,,,,,,,,,,,,,,,,,,,,,,,,,,,,,,,,,,,,,,,,,,,,,,,,,,,,,,,,
83.7125,29.919287,0.00092220743,83.7125,29.919287,0.0008180871,,,,,,,,,,,,,,,,,,,,,,,,,,,,,,,,,,,,,,,,,,,,,,,,,,,,,,,,,,,,,83.7125,29.919287,0.55722964,83.7125,29.919287,0.43364745,,,,,,,,,,,,,,,,,,,,,,,,,,,,,,,,,,,,,,,,,,,,,,,,,,,,,,,,,,,,,,,
83.7125,29.949266,0.0005800982,83.7125,29.949266,0.00074371556,,,,,,,,,,,,,,,,,,,,,,,,,,,,,,,,,,,,,,,,,,,,,,,,,,,,,,,,,,,,,83.7125,29.949266,-0.5380085,83.7125,29.949266,0.18435809,,,,,,,,,,,,,,,,,,,,,,,,,,,,,,,,,,,,,,,,,,,,,,,,,,,,,,,,,,,,,,,
83.7125,29.979246,0.0007288412,83.7125,29.979246,0.00069909263,,,,,,,,,,,,,,,,,,,,,,,,,,,,,,,,,,,,,,,,,,,,,,,,,,,,,,,,,,,,,83.7125,29.979246,-0.036972906,83.7125,29.979246,0.039995674,,,,,,,,,,,,,,,,,,,,,,,,,,,,,,,,,,,,,,,,,,,,,,,,,,,,,,,,,,,,,,,
