a2672317.023913
Narit-cm 23/07/2026 17:02:00 23/07/2026 17:02:39 0045 0013.384714 0052.542598 00.0 00.0
0000152 0010 0000000 0010 05 0000000 0010 0000000 0010
1 0 1 05024 0 0750 3.75 00532.s 0 0 01 000 16 000152 0.500 BT0
1 2 1 04090 0 0750 3.75 00532.s 0 0 01 000 16 000152 0.500 S2A0
1 1 1 05024 0 0750 3.75 00532.s 0 0 00 000 00 000152 3.1746 BC0
1 3 1 04090 0 0750 3.75 00532.s 0 0 00 000 00 000152 3.1746 S2P0
1 5 0 05024 0 0000 1.00 00000.o 0 0 00 000 00 000000 0.000 OF0
532.000 .s Analog 0 	532.000 .s Analog StErr 0 	532.000 .s Photon Counting 0 	532.000 .s PC StErr 0 	0.000 .o Overflow Info 0 
438.604	4.68256	22.8947	2.89109	0
480.15	0.932532	4.47368	1.02794	1
410.65	10.1417	26.0526	1.75607	1
15.6031	3.46708	13.4211	1.75607	1
86.3729	6.64734	4.47368	1.09219	1
122.544	6.79279	8.42105	1.5205	1
0	0	6.84211	1.22068	1
45.642	3.00034	5.52632	1.11361	1
46.7311	2.92637	3.15789	0.878035	1
0	0	3.15789	0.878035	1
19.4724	1.10893	3.15789	0.878035	1
17.7327	1.03444	2.10526	0.728127	1
0.0675613	0.0301368	3.42105	0.985112	1
10.8175	0.392803	3.68421	0.942281	1
9.16279	0.345012	3.94737	0.963697	0
1.82511	0.108501	3.42105	0.920866	1
7.51723	0.118047	4.21053	1.00653	0
6.70473	0.105217	3.94737	0.963697	0
4.73582	0.0421621	2.63158	0.89945	0
6.69615	0.0358921	2.89474	0.835204	0
6.32968	0.0347034	3.68421	0.942281	0
5.71957	0.0135897	1.84211	0.685296	0
6.23336	0.00928856	1.31579	0.578218	0
5.97115	0.0139042	3.68421	1.07077	0
5.78488	0.00825514	2.36842	0.770957	0
5.99549	0.0062128	3.15789	0.878035	0
5.94083	0.00631083	2.10526	0.728127	0
5.93947	0.00604124	2.36842	0.770957	0
6.03811	0.00484443	1.84211	0.685296	0
5.98646	0.00493429	1.84211	0.685296	0
5.96502	0.00509768	0.789474	0.449725	0
5.99193	0.00516712	2.10526	0.728127	0
5.95062	0.00534276	1.84211	0.685296	0
5.93285	0.0049057	2.10526	0.728127	0
5.97953	0.00555925	1.57895	0.642465	0
5.98435	0.0046402	1.84211	0.685296	0
5.98781	0.00503641	2.36842	0.770957	0
6.00056	0.00450949	2.36842	0.770957	0
5.96904	0.00463203	1.31579	0.578218	0
5.94133	0.00445639	1.84211	0.685296	0
5.94444	0.00475865	1.57895	0.642465	0
5.93902	0.0046647	2.10526	0.728127	0
5.93139	0.00424807	1.05263	0.513972	0
5.95122	0.00443188	1.57895	0.642465	0
5.96658	0.00467696	1.31579	0.578218	0
5.96733	0.0048526	2.36842	0.856619	0
5.96668	0.00492204	1.05263	0.513972	0
5.96462	0.00465653	1.31579	0.578218	0
5.96025	0.00489345	1.84211	0.685296	0
5.96527	0.00484035	2.89474	0.835204	0
5.97029	0.00461977	0.789474	0.449725	0
5.97642	0.00476682	2.36842	0.856619	0
5.98189	0.00430525	1.05263	0.513972	0
5.97471	0.00466879	1.84211	0.685296	0
5.97085	0.00546122	2.63158	0.813788	0
5.96452	0.0053591	3.42105	0.985112	0
5.94585	0.0051181	1.57895	0.642465	0
5.93978	0.00532234	0.789474	0.449725	0
5.93857	0.00461569	1.31579	0.578218	0
5.9474	0.00420722	1.57895	0.642465	0
5.96136	0.00519571	2.10526	0.813788	0
5.96934	0.0051998	2.36842	0.856619	0
5.96241	0.0046116	1.31579	0.578218	0
5.96246	0.00437469	1.84211	0.685296	0
5.96056	0.00394989	1.57895	0.642465	0
5.95619	0.00437469	0.789474	0.449725	0
5.95995	0.00457893	1.84211	0.685296	0
5.96136	0.00458301	0.526316	0.364063	0
5.96216	0.00488119	1.84211	0.685296	0
5.96266	0.00388045	0.263158	0.256986	0
5.96728	0.00372931	1.31579	0.578218	0
5.96773	0.00412961	1.31579	0.578218	0
5.95835	0.00474231	2.10526	0.728127	0
5.94766	0.00394172	0.526316	0.364063	0
5.94389	0.00461569	1.31579	0.578218	0
5.95614	0.00469738	0.789474	0.449725	0
5.95242	0.00451766	1.05263	0.513972	0
5.94881	0.0042399	1.57895	0.642465	0
5.95965	0.00470147	2.36842	0.770957	0
5.96708	0.00459118	2.63158	0.813788	0
5.96869	0.00527332	3.42105	0.920866	0
5.9724	0.00553474	2.89474	0.835204	0
5.96899	0.00559193	2.10526	0.813788	0
5.96492	0.00631491	2.63158	0.813788	0
5.96879	0.00508134	1.31579	0.578218	0
5.96226	0.0046402	0.789474	0.449725	0
5.95383	0.00409285	1.84211	0.685296	0
5.9604	0.00442371	1.57895	0.642465	0
5.96447	0.00492612	2.36842	0.770957	0
5.95955	0.00438695	1.84211	0.685296	0
5.95754	0.0039458	1.84211	0.685296	0
5.95433	0.00419088	0.789474	0.449725	0
5.9457	0.00406426	1.05263	0.513972	0
5.95503	0.00512627	2.10526	0.728127	0
5.96246	0.00494655	1.57895	0.642465	0
5.95795	0.00538769	2.89474	0.835204	0
5.95669	0.00537544	2.63158	0.813788	0
5.95975	0.004293	2.36842	0.770957	0
5.96111	0.00421539	1.84211	0.770957	0
5.96648	0.00400707	1.31579	0.578218	0
5.9586	0.0045585	1.57895	0.642465	0
5.95147	0.00400707	1.84211	0.685296	0
5.9588	0.00460343	1.05263	0.513972	0
5.96382	0.00473414	2.10526	0.728127	0
5.95428	0.00442371	1.84211	0.685296	0
5.95554	0.00443188	1.57895	0.642465	0
5.96061	0.00395397	1.31579	0.578218	0
5.95508	0.0046933	2.10526	0.728127	0
5.9604	0.00571038	1.31579	0.578218	0
5.95679	0.00531417	1.57895	0.728127	0
5.95247	0.00481992	2.10526	0.728127	0
5.95503	0.00478316	1.57895	0.642465	0
5.95262	0.00453808	0.526316	0.364063	0
5.94836	0.00403158	1.05263	0.513972	0
5.94766	0.00392129	0.526316	0.364063	0
5.94996	0.00439512	3.42105	0.985112	0
5.95142	0.00407651	0.526316	0.364063	0
5.94565	0.0037048	0.526316	0.364063	0
5.95328	0.00414595	1.57895	0.642465	0
5.95262	0.00435427	2.10526	0.728127	0
5.95288	0.00495063	3.15789	0.878035	0
5.95348	0.00434201	1.84211	0.685296	0
5.94836	0.00409285	1.57895	0.642465	0
5.94776	0.00409285	1.05263	0.513972	0
5.95734	0.00448498	1.57895	0.642465	0
5.95805	0.00484443	1.84211	0.685296	0
5.95594	0.00439512	1.31579	0.578218	0
5.95724	0.00522022	2.10526	0.813788	0
5.95629	0.00485668	2.10526	0.728127	0
5.96231	0.00482401	1.05263	0.513972	0
5.9584	0.00437469	1.05263	0.513972	0
5.94645	0.00443188	2.36842	0.770957	0
5.95032	0.00446455	1.84211	0.685296	0
5.95318	0.00446047	2.10526	0.728127	0
5.9455	0.00482401	1.05263	0.513972	0
5.94705	0.00432159	1.57895	0.642465	0
5.95217	0.00428483	1.57895	0.642465	0
5.94264	0.00390495	1.84211	0.685296	0
5.94801	0.00455442	1.31579	0.578218	0
5.95734	0.00424807	1.84211	0.685296	0
5.95393	0.00481992	2.63158	0.813788	0
5.94866	0.00456259	1.31579	0.578218	0
5.95247	0.00404383	1.05263	0.513972	0
5.95599	0.00461569	1.57895	0.642465	0
5.95795	0.00521614	1.31579	0.578218	0
5.94941	0.00388045	0.526316	0.364063	0
5.94976	0.00407243	1.57895	0.642465	0
5.95559	0.00471372	2.36842	0.856619	0
5.94991	0.0046933	1.84211	0.685296	0
5.94781	0.00448089	2.10526	0.728127	0
5.94525	0.00444005	0.526316	0.364063	0
5.93822	0.00394989	1.31579	0.578218	0
5.94404	0.00434201	2.10526	0.728127	0
5.95167	0.00489753	2.10526	0.728127	0
5.9467	0.0042113	1.05263	0.513972	0
5.9463	0.00425215	2.10526	0.728127	0
5.95242	0.00477499	1.57895	0.642465	0
5.95077	0.00439103	1.84211	0.685296	0
5.95729	0.00446455	1.84211	0.685296	0
5.96337	0.00541629	3.42105	0.920866	0
5.95759	0.00572264	1.84211	0.685296	0
5.94495	0.00455033	1.05263	0.513972	0
5.94735	0.00490979	3.42105	0.920866	0
5.95097	0.00486894	2.10526	0.728127	0
5.94063	0.00441554	1.57895	0.642465	0
5.93631	0.00379058	1.05263	0.513972	0
5.94143	0.00375791	0.789474	0.449725	0
5.93972	0.00421947	1.31579	0.578218	0
5.94334	0.00448089	2.10526	0.728127	0
5.95373	0.00478724	1.84211	0.685296	0
5.9461	0.0041051	1.31579	0.578218	0
5.94239	0.00480358	1.31579	0.578218	0
5.9473	0.00490162	2.36842	0.856619	0
5.95102	0.00481175	1.84211	0.685296	0
5.9468	0.00518346	1.84211	0.685296	0
5.9463	0.00503641	1.31579	0.578218	0
5.94966	0.0051712	1.31579	0.578218	0
5.93932	0.00441962	1.31579	0.578218	0
5.94565	0.00490979	2.36842	0.770957	0
5.94941	0.00422764	1.05263	0.513972	0
5.93983	0.0037334	0.789474	0.449725	0
5.94339	0.00437469	1.57895	0.642465	0
5.95599	0.00493021	1.57895	0.642465	0
5.95373	0.00498739	2.63158	0.813788	0
5.95107	0.00471781	3.42105	0.920866	0
5.95333	0.00494655	2.63158	0.813788	0
5.947	0.00444822	0	0	0
5.93762	0.00383551	1.05263	0.513972	0
5.94439	0.00411736	2.10526	0.728127	0
5.94956	0.00508543	2.10526	0.728127	0
5.94796	0.00468921	2.10526	0.728127	0
5.9451	0.00424807	1.84211	0.685296	0
5.9462	0.00432976	1.31579	0.578218	0
5.95308	0.00460343	2.36842	0.770957	0
5.95187	0.00495063	1.84211	0.685296	0
5.94916	0.00521205	1.84211	0.685296	0
5.95493	0.00504458	1.31579	0.578218	0
5.95097	0.00574714	2.63158	0.89945	0
5.94454	0.00468104	1.84211	0.685296	0
5.95047	0.00467696	1.84211	0.685296	0
5.95032	0.00409285	1.31579	0.578218	0
5.94223	0.00448906	1.57895	0.642465	0
5.9464	0.00463203	2.36842	0.770957	0
5.95107	0.00509768	1.31579	0.578218	0
5.94489	0.00459935	0.789474	0.449725	0
5.94239	0.00436652	1.05263	0.513972	0
5.94575	0.00459118	2.89474	0.920866	0
5.9473	0.00448498	1.05263	0.513972	0
5.9454	0.00492612	1.84211	0.685296	0
5.94585	0.00454625	2.36842	0.856619	0
5.94776	0.00461569	1.05263	0.513972	0
5.946	0.00496289	3.68421	0.942281	0
5.94073	0.00446455	1.05263	0.513972	0
5.94173	0.00515487	1.84211	0.685296	0
5.94028	0.00411327	2.10526	0.728127	0
5.93722	0.00471372	1.31579	0.578218	0
5.94183	0.00407243	2.10526	0.728127	0
5.94555	0.00442371	1.31579	0.578218	0
5.93988	0.00416637	1.05263	0.513972	0
5.93691	0.00480358	1.57895	0.642465	0
5.93787	0.00401116	0.789474	0.449725	0
5.93802	0.00417046	1.31579	0.578218	0
5.94434	0.00460752	1.05263	0.513972	0
5.94585	0.00409285	1.84211	0.685296	0
5.94143	0.00434201	1.57895	0.642465	0
5.94299	0.00482809	1.57895	0.642465	0
5.93802	0.00438695	1.05263	0.513972	0
5.93862	0.00408876	0.789474	0.449725	0
5.94259	0.00423581	2.10526	0.728127	0
5.95207	0.00464837	1.84211	0.685296	0
5.9457	0.00461569	2.10526	0.728127	0
5.94038	0.00465245	1.57895	0.642465	0
5.94771	0.00461569	2.10526	0.728127	0
5.94961	0.00526515	3.15789	0.963697	0
5.95283	0.00539178	2.63158	0.813788	0
5.94776	0.00477091	3.15789	0.878035	0
5.94495	0.0049057	2.36842	0.856619	0
5.94444	0.005065	2.36842	0.770957	0
5.94068	0.00474231	1.31579	0.578218	0
5.93907	0.0044523	1.05263	0.513972	0
5.94163	0.00436244	2.36842	0.770957	0
5.94269	0.00447681	1.05263	0.513972	0
5.93445	0.00447272	2.89474	0.920866	0
5.94545	0.00529374	1.84211	0.685296	0
5.94766	0.00526515	2.36842	0.770957	0
5.93365	0.00366804	1.31579	0.578218	0
5.93842	0.00479133	2.36842	0.770957	0
5.94289	0.00441554	1.05263	0.513972	0
5.93696	0.00437878	0.789474	0.449725	0
5.94048	0.00502416	2.63158	0.813788	0
5.94213	0.00484035	1.31579	0.578218	0
5.94038	0.00444005	1.57895	0.642465	0
5.95252	0.00455442	1.57895	0.728127	0
5.95062	0.00505683	2.36842	0.770957	0
5.93988	0.00461977	1.05263	0.513972	0
5.93952	0.00454625	2.10526	0.728127	0
5.9461	0.00478316	1.31579	0.578218	0
5.93561	0.00377016	1.31579	0.578218	0
5.93912	0.00482401	2.10526	0.728127	0
5.95042	0.00484035	1.84211	0.685296	0
5.94525	0.00465245	1.84211	0.770957	0
5.93777	0.00435018	1.05263	0.513972	0
5.946	0.00487711	2.10526	0.728127	0
5.94801	0.00507726	2.36842	0.770957	0
5.94379	0.00495472	2.63158	0.813788	0
5.94259	0.00467696	1.84211	0.685296	0
5.94108	0.00531825	1.84211	0.685296	0
5.93882	0.00491795	0.526316	0.364063	0
5.93315	0.00428074	1.57895	0.642465	0
5.93536	0.00433385	0.789474	0.449725	0
5.93531	0.00448906	0.789474	0.449725	0
5.93892	0.00441145	2.10526	0.728127	0
5.94023	0.00435427	2.36842	0.770957	0
5.93716	0.00462386	1.84211	0.685296	0
5.93877	0.00470555	1.84211	0.685296	0
5.94028	0.00504458	2.10526	0.728127	0
5.94274	0.00454625	2.10526	0.728127	0
5.94188	0.00446455	2.36842	0.770957	0
5.93932	0.00462386	0.789474	0.449725	0
5.93631	0.00442371	1.57895	0.728127	0
5.94003	0.00419088	1.31579	0.578218	0
5.93797	0.00364762	1.05263	0.513972	0
5.94128	0.00454216	1.31579	0.578218	0
5.94856	0.00444413	2.63158	0.813788	0
5.945	0.00483626	2.10526	0.728127	0
5.94203	0.00538769	2.36842	0.770957	0
5.94264	0.00545305	1.31579	0.578218	0
5.93596	0.00410919	0.263158	0.256986	0
5.92878	0.00435427	1.05263	0.513972	0
5.9324	0.00371297	1.05263	0.513972	0
5.93832	0.00409693	1.05263	0.513972	0
5.94299	0.00525698	2.89474	0.920866	0
5.93917	0.00508951	1.05263	0.513972	0
5.93561	0.00417863	1.05263	0.513972	0
5.93967	0.00424398	1.84211	0.685296	0
5.94404	0.00467287	1.57895	0.642465	0
5.94188	0.00552249	2.36842	0.770957	0
5.94419	0.00508951	2.10526	0.728127	0
5.94279	0.00496697	1.57895	0.642465	0
5.93706	0.00493838	2.63158	0.813788	0
5.93445	0.00463203	0.263158	0.256986	0
5.93616	0.00435018	1.31579	0.578218	0
5.93782	0.00430117	1.57895	0.642465	0
5.93817	0.00431342	1.31579	0.578218	0
5.93641	0.00447681	1.31579	0.578218	0
5.94289	0.00480767	1.05263	0.513972	0
5.93737	0.00464837	1.84211	0.685296	0
5.93315	0.0045585	1.57895	0.642465	0
5.93044	0.00457893	0.526316	0.364063	0
5.93561	0.00457076	1.57895	0.642465	0
5.94198	0.00417046	1.31579	0.578218	0
5.94389	0.0046933	2.10526	0.728127	0
5.93711	0.00460343	1.84211	0.685296	0
5.93415	0.00456259	1.05263	0.513972	0
5.93817	0.00471781	2.36842	0.770957	0
5.94023	0.00489345	1.57895	0.642465	0
5.9328	0.00424807	1.31579	0.578218	0
5.93345	0.00406426	1.05263	0.513972	0
5.9341	0.00422356	1.57895	0.642465	0
5.93024	0.00415003	1.84211	0.685296	0
5.93275	0.00358635	1.31579	0.578218	0
5.93962	0.00495063	2.63158	0.813788	0
5.94038	0.00479133	2.36842	0.770957	0
5.94033	0.00469738	1.05263	0.513972	0
5.93722	0.00415003	0.789474	0.449725	0
5.94118	0.00477499	2.89474	0.835204	0
5.95438	0.00552657	3.42105	0.920866	0
5.94595	0.00452174	1.31579	0.578218	0
5.93942	0.00460752	2.10526	0.813788	0
5.94911	0.0046116	2.36842	0.770957	0
5.94464	0.00487302	1.57895	0.642465	0
5.93079	0.00446864	1.84211	0.685296	0
5.93621	0.00466879	1.05263	0.513972	0
5.93817	0.00379058	1.84211	0.685296	0
5.93631	0.00448498	2.10526	0.728127	0
5.94334	0.00487302	3.15789	0.878035	0
5.94419	0.00510177	2.36842	0.770957	0
5.9322	0.00446864	1.57895	0.642465	0
5.93405	0.00465653	1.84211	0.685296	0
5.94239	0.00426032	2.10526	0.728127	0
5.94033	0.00468513	2.36842	0.770957	0
5.93807	0.00491387	2.36842	0.770957	0
5.93787	0.00465245	1.31579	0.578218	0
5.93681	0.00454625	2.10526	0.813788	0
5.93415	0.00437061	0.263158	0.256986	0
5.93049	0.00399482	1.57895	0.642465	0
5.9337	0.00426441	2.36842	0.770957	0
5.93802	0.0043992	1.84211	0.685296	0
5.93691	0.00460752	2.10526	0.728127	0
5.93681	0.00438695	0.789474	0.449725	0
5.94093	0.00504458	0.789474	0.449725	0
5.94836	0.00470147	1.84211	0.685296	0
5.94344	0.00467287	1.31579	0.578218	0
5.93952	0.00426032	1.31579	0.578218	0
5.94188	0.0046402	1.31579	0.578218	0
5.93461	0.00437878	1.57895	0.642465	0
5.92863	0.004052	1.31579	0.578218	0
5.93787	0.00448089	1.84211	0.685296	0
5.946	0.0051712	2.89474	0.835204	0
5.94254	0.00481175	1.84211	0.685296	0
5.93927	0.00479133	1.57895	0.642465	0
5.93496	0.00435018	1.84211	0.685296	0
5.93059	0.00479133	1.31579	0.685296	0
5.93636	0.00489753	1.84211	0.685296	0
5.93556	0.00494655	2.36842	0.770957	0
5.93345	0.00433385	1.05263	0.513972	0
5.93551	0.00448498	1.31579	0.578218	0
5.94088	0.00495472	1.84211	0.685296	0
5.94043	0.00460752	2.63158	0.813788	0
5.93767	0.00469738	1.57895	0.642465	0
5.93681	0.00455033	2.10526	0.813788	0
5.93039	0.00408876	1.31579	0.578218	0
5.93802	0.00440328	1.84211	0.685296	0
5.94023	0.00435835	1.05263	0.642465	0
5.93636	0.00464428	1.57895	0.642465	0
5.93797	0.00432976	2.36842	0.770957	0
5.94314	0.00509768	2.10526	0.728127	0
5.94003	0.00442779	2.36842	0.770957	0
5.92713	0.0045585	1.57895	0.642465	0
5.92457	0.00383143	0.789474	0.449725	0
5.93345	0.00398665	1.57895	0.642465	0
5.93636	0.00515078	2.36842	0.770957	0
5.94083	0.0049588	1.84211	0.685296	0
5.93506	0.00453808	0.526316	0.364063	0
5.93375	0.00486894	2.10526	0.728127	0
5.94198	0.00499556	1.57895	0.642465	0
5.93832	0.0049588	2.36842	0.856619	0
5.9338	0.00465245	1.84211	0.685296	0
5.93932	0.00511402	1.84211	0.685296	0
5.94324	0.00481175	2.10526	0.728127	0
5.93285	0.00437061	1.05263	0.513972	0
5.92833	0.00417454	1.31579	0.578218	0
5.92883	0.00374974	0.526316	0.364063	0
5.9339	0.0043461	2.36842	0.856619	0
5.93917	0.00508134	1.05263	0.513972	0
5.93842	0.00456259	2.10526	0.728127	0
5.93365	0.00484443	2.10526	0.813788	0
5.93526	0.00455033	2.10526	0.728127	0
5.93797	0.00455033	1.57895	0.642465	0
5.93335	0.0046402	1.84211	0.685296	0
5.94183	0.00502824	2.63158	0.89945	0
5.94153	0.00458301	1.05263	0.513972	0
5.93174	0.0041868	1.57895	0.642465	0
5.93405	0.00453399	1.05263	0.513972	0
5.93852	0.00428483	1.31579	0.578218	0
5.93255	0.00419088	0.789474	0.449725	0
5.93144	0.0038396	1.84211	0.685296	0
5.93335	0.00391721	1.31579	0.578218	0
5.93124	0.00487711	1.57895	0.642465	0
5.9333	0.00412144	0.789474	0.449725	0
5.93827	0.00403158	2.10526	0.728127	0
5.93772	0.00460752	1.84211	0.685296	0
5.9331	0.00468104	1.57895	0.642465	0
5.92908	0.004293	1.84211	0.770957	0
5.9341	0.00440328	1.57895	0.642465	0
5.93777	0.00513853	2.36842	0.770957	0
5.93476	0.00440737	2.10526	0.728127	0
5.92768	0.00351282	1.84211	0.685296	0
5.93069	0.00396214	1.05263	0.513972	0
5.93661	0.00437878	1.84211	0.685296	0
5.93641	0.00527332	2.89474	0.835204	0
5.93827	0.00527332	1.31579	0.578218	0
5.93139	0.004052	0.526316	0.364063	0
5.92818	0.00375382	1.57895	0.642465	0
5.93526	0.0041868	2.63158	0.813788	0
5.94259	0.00452174	2.36842	0.856619	0
5.93551	0.00475865	2.10526	0.728127	0
5.93576	0.00518754	2.36842	0.856619	0
5.94058	0.00473006	2.36842	0.770957	0
5.93405	0.00392129	1.05263	0.513972	0
5.93646	0.00414187	2.89474	0.920866	0
5.93907	0.00486077	1.31579	0.578218	0
5.93466	0.00392946	1.57895	0.642465	0
5.92778	0.00403975	1.31579	0.578218	0
5.93676	0.00467696	2.89474	0.920866	0
5.93245	0.00446864	1.84211	0.685296	0
5.93576	0.00504049	1.57895	0.642465	0
5.9335	0.00468513	2.10526	0.728127	0
5.92572	0.00437061	0.526316	0.364063	0
5.92908	0.00409693	1.05263	0.513972	0
5.93962	0.00526924	2.89474	0.920866	0
5.93425	0.0049057	1.05263	0.513972	0
5.92833	0.00421539	0.789474	0.449725	0
5.93581	0.00501599	3.42105	0.920866	0
5.94369	0.00529374	1.84211	0.685296	0
5.93671	0.00520797	2.63158	0.813788	0
5.93651	0.00435835	0.789474	0.449725	0
5.9327	0.00449315	2.36842	0.770957	0
5.933	0.00439103	1.31579	0.578218	0
5.92928	0.00418271	1.57895	0.642465	0
5.93461	0.00436244	1.31579	0.578218	0
5.93315	0.004052	0.526316	0.364063	0
5.93546	0.00449723	2.36842	0.770957	0
5.94178	0.00422356	2.89474	0.835204	0
5.93636	0.00526924	2.89474	0.920866	0
5.93129	0.00488528	1.05263	0.513972	0
5.93531	0.00460343	0.789474	0.449725	0
5.9335	0.00464837	1.57895	0.728127	0
5.93591	0.00496289	2.10526	0.728127	0
5.93892	0.00492612	1.05263	0.513972	0
5.93616	0.00459935	1.57895	0.728127	0
5.93385	0.00441554	1.84211	0.685296	0
5.93787	0.00494246	1.31579	0.578218	0
5.94058	0.00512627	3.15789	0.963697	0
5.93265	0.00452583	2.89474	0.835204	0
5.9341	0.00503641	2.36842	0.770957	0
5.93455	0.00500782	1.57895	0.642465	0
5.92738	0.00415003	1.05263	0.513972	0
5.93074	0.00478316	2.89474	0.835204	0
5.93742	0.00472597	1.31579	0.578218	0
5.92863	0.00430525	1.05263	0.513972	0
5.92773	0.00402341	1.05263	0.513972	0
5.93922	0.00457484	2.10526	0.728127	0
5.94058	0.00440328	1.31579	0.578218	0
5.93445	0.00449723	1.31579	0.578218	0
5.93445	0.00463203	2.10526	0.728127	0
5.93696	0.00484035	1.57895	0.728127	0
5.93852	0.00521205	2.10526	0.728127	0
5.93496	0.00432568	1.05263	0.513972	0
5.93762	0.00439103	2.63158	0.813788	0
5.93967	0.0056246	1.84211	0.685296	0
5.93466	0.00468104	1.84211	0.685296	0
5.93315	0.00509768	2.10526	0.728127	0
5.94043	0.00544488	2.63158	0.813788	0
5.93571	0.00463203	1.57895	0.642465	0
5.93184	0.00476274	1.57895	0.642465	0
5.933	0.00471781	0.789474	0.449725	0
5.93245	0.00499556	2.10526	0.728127	0
5.93586	0.00468513	1.57895	0.642465	0
5.93215	0.00403158	1.31579	0.578218	0
5.92793	0.00423173	0.789474	0.449725	0
5.9339	0.0037334	0.789474	0.449725	0
5.93596	0.00443596	1.84211	0.770957	0
5.93275	0.00482401	1.57895	0.642465	0
5.92843	0.00398665	0.526316	0.364063	0
5.9328	0.0045871	1.84211	0.685296	0
5.93215	0.00404383	1.31579	0.578218	0
5.92733	0.00421947	1.84211	0.685296	0
5.93616	0.00527332	1.84211	0.770957	0
5.92989	0.00468921	1.31579	0.578218	0
5.92903	0.00463611	1.57895	0.642465	0
5.92999	0.00452583	2.36842	0.856619	0
5.93024	0.00493838	1.31579	0.578218	0
5.93345	0.00461977	1.31579	0.578218	0
5.94228	0.00475865	2.10526	0.728127	0
5.94118	0.00555108	1.57895	0.642465	0
5.93114	0.00429708	1.05263	0.513972	0
5.92587	0.00448498	2.10526	0.728127	0
5.9339	0.00430117	1.84211	0.685296	0
5.92758	0.0043461	1.05263	0.513972	0
5.92652	0.00487302	2.10526	0.728127	0
5.93621	0.00468104	2.36842	0.770957	0
5.93621	0.00478724	2.10526	0.728127	0
5.92843	0.00394989	0.789474	0.449725	0
5.93144	0.00473006	1.84211	0.685296	0
5.93882	0.00528966	1.57895	0.642465	0
5.92878	0.00431751	0.789474	0.449725	0
5.93079	0.00410102	1.31579	0.578218	0
5.93646	0.00424398	1.31579	0.578218	0
5.93872	0.00450949	2.63158	0.89945	0
5.93993	0.00464428	1.84211	0.685296	0
5.93581	0.00461977	1.57895	0.642465	0
5.92999	0.00460752	1.57895	0.642465	0
5.93069	0.00443188	1.31579	0.578218	0
5.93681	0.00437061	1.57895	0.642465	0
5.93471	0.00473006	3.15789	0.878035	0
5.9338	0.00451357	1.05263	0.513972	0
5.92994	0.00491387	1.84211	0.685296	0
5.93139	0.00454216	1.84211	0.685296	0
5.93215	0.00446047	1.57895	0.642465	0
5.93139	0.0045871	1.84211	0.685296	0
5.93305	0.0038927	1.31579	0.578218	0
5.93506	0.00503641	2.10526	0.728127	0
5.93927	0.00457076	2.89474	0.920866	0
5.93676	0.00470147	1.05263	0.513972	0
5.9341	0.00461977	3.15789	0.878035	0
5.93395	0.00431342	1.31579	0.578218	0
5.92888	0.00395805	0.789474	0.449725	0
5.92427	0.00353325	1.05263	0.513972	0
5.92783	0.00401524	1.57895	0.642465	0
5.9339	0.00441145	2.89474	0.835204	0
5.93656	0.00472189	2.63158	0.813788	0
5.93315	0.0047995	1.57895	0.642465	0
5.92758	0.00438695	2.10526	0.728127	0
5.9341	0.00404383	1.57895	0.642465	0
5.93862	0.00538361	3.15789	0.878035	0
5.93445	0.00449315	1.05263	0.513972	0
5.93737	0.00483626	2.63158	0.813788	0
5.93676	0.00446864	1.31579	0.578218	0
5.92733	0.00446864	1.84211	0.685296	0
5.92612	0.00430934	1.05263	0.513972	0
5.92843	0.00425624	1.57895	0.642465	0
5.92999	0.00480358	2.10526	0.728127	0
5.93245	0.00460752	1.05263	0.513972	0
5.93972	0.00449315	2.63158	0.813788	0
5.94655	0.00495063	2.36842	0.770957	0
5.94294	0.00458301	2.10526	0.728127	0
5.93636	0.00464428	2.89474	0.835204	0
5.93812	0.00520797	2.10526	0.813788	0
5.93496	0.00504458	2.10526	0.728127	0
5.93435	0.00439512	1.57895	0.642465	0
5.93832	0.00473414	1.57895	0.642465	0
5.93978	0.00618421	3.42105	1.17785	0
5.94023	0.00523656	1.05263	0.513972	0
5.93295	0.00457076	1.31579	0.578218	0
5.92743	0.00435835	0.789474	0.449725	0
5.93009	0.00412961	0.789474	0.449725	0
5.93194	0.00446864	1.84211	0.685296	0
5.9325	0.00461569	1.31579	0.578218	0
5.92813	0.00537952	2.36842	0.856619	0
5.93335	0.00560827	1.57895	0.642465	0
5.94058	0.0051467	1.31579	0.578218	0
5.9335	0.0046116	2.10526	0.728127	0
5.9326	0.00504866	2.89474	0.835204	0
5.93134	0.004052	1.05263	0.513972	0
5.92135	0.00369255	0.526316	0.364063	0
5.92758	0.00348015	0.789474	0.449725	0
5.93646	0.00397031	2.36842	0.770957	0
5.933	0.00470555	1.57895	0.642465	0
5.93295	0.0043461	0.789474	0.449725	0
5.93611	0.00478724	3.15789	0.878035	0
5.9338	0.00448089	0.789474	0.449725	0
5.93174	0.00510585	2.36842	0.856619	0
5.9331	0.00493429	1.05263	0.513972	0
5.92492	0.00430525	0.789474	0.449725	0
5.92507	0.00408468	0.526316	0.364063	0
5.93742	0.00481175	2.89474	0.835204	0
5.93546	0.00428483	0.789474	0.449725	0
5.92487	0.0042399	1.05263	0.513972	0
5.9325	0.00416229	1.57895	0.642465	0
5.93631	0.0037334	1.31579	0.578218	0
5.93215	0.00450949	2.10526	0.728127	0
5.9343	0.00460752	2.10526	0.728127	0
5.9326	0.00455033	1.84211	0.685296	0
5.93732	0.00562052	2.89474	0.920866	0
5.93345	0.00515487	1.31579	0.578218	0
5.92798	0.00428483	1.31579	0.578218	0
5.93847	0.00455442	1.84211	0.685296	0
5.9342	0.00504866	1.57895	0.642465	0
5.93531	0.0056246	1.84211	0.770957	0
5.94555	0.00526515	2.63158	0.813788	0
5.93511	0.00553883	1.05263	0.513972	0
5.93099	0.00449315	1.84211	0.685296	0
5.94073	0.00477499	2.36842	0.770957	0
5.94078	0.00503233	1.31579	0.578218	0
5.93696	0.00477908	2.63158	0.813788	0
5.93862	0.00448498	2.36842	0.770957	0
5.92622	0.0045054	0.789474	0.449725	0
5.92261	0.00334127	0.526316	0.364063	0
5.92984	0.00416637	2.10526	0.728127	0
5.93099	0.00453399	0.789474	0.449725	0
5.92647	0.00423173	1.31579	0.578218	0
5.92647	0.00453808	1.57895	0.642465	0
5.92908	0.00422764	1.84211	0.685296	0
5.93079	0.00393355	1.57895	0.642465	0
5.92908	0.00435835	1.84211	0.685296	0
5.93134	0.00438286	1.57895	0.642465	0
5.9337	0.00493021	2.63158	0.89945	0
5.92602	0.00403158	0.789474	0.449725	0
5.92427	0.00390087	1.31579	0.578218	0
5.93189	0.0039989	1.57895	0.642465	0
5.93807	0.0047995	1.84211	0.685296	0
5.94284	0.00535502	1.57895	0.728127	0
5.93215	0.00520388	1.31579	0.578218	0
5.93184	0.00442371	1.31579	0.578218	0
5.9333	0.00368847	1.31579	0.578218	0
5.9345	0.00473006	1.84211	0.685296	0
5.93676	0.00488119	1.31579	0.578218	0
5.93576	0.00469738	1.31579	0.578218	0
5.93706	0.00473006	1.84211	0.685296	0
5.93104	0.00519163	2.89474	0.835204	0
5.93521	0.00455442	1.05263	0.513972	0
5.93737	0.00474231	1.57895	0.642465	0
5.93159	0.00422764	1.57895	0.642465	0
5.9334	0.00419497	1.05263	0.513972	0
5.93993	0.00435835	2.36842	0.770957	0
5.93972	0.00473414	2.10526	0.728127	0
5.93375	0.00469738	1.05263	0.513972	0
5.92447	0.00435018	1.84211	0.685296	0
5.92682	0.00439512	0.263158	0.256986	0
5.93205	0.00427258	1.84211	0.685296	0
5.93491	0.00430934	1.57895	0.642465	0
5.93696	0.00470555	1.84211	0.685296	0
5.93104	0.00514261	0.789474	0.449725	0
5.92858	0.00425624	1.31579	0.578218	0
5.92933	0.00498331	0.789474	0.449725	0
5.92974	0.00489753	2.63158	0.813788	0
5.92783	0.00436244	0.526316	0.364063	0
5.92381	0.00422764	0.789474	0.449725	0
5.92677	0.00375382	1.05263	0.513972	0
5.93014	0.00366804	0.526316	0.364063	0
5.92974	0.00401524	0.789474	0.449725	0
5.93842	0.00428074	1.31579	0.578218	0
5.94073	0.0046116	1.57895	0.642465	0
5.92843	0.00428074	1.57895	0.642465	0
5.93004	0.00443188	1.31579	0.578218	0
5.93385	0.00437878	0.789474	0.449725	0
5.92863	0.00394989	0.789474	0.449725	0
5.93541	0.00474231	1.84211	0.685296	0
5.93481	0.00456667	0.789474	0.449725	0
5.93179	0.00468513	2.36842	0.770957	0
5.93415	0.00481584	1.57895	0.642465	0
5.9333	0.00477091	2.36842	0.770957	0
5.93029	0.00415003	1.05263	0.513972	0
5.9336	0.00440737	1.31579	0.578218	0
5.93375	0.00467287	1.31579	0.578218	0
5.92949	0.00426849	1.31579	0.578218	0
5.92843	0.00392538	0.789474	0.449725	0
5.93169	0.00477091	1.31579	0.578218	0
5.93671	0.00504458	2.63158	0.813788	0
5.93476	0.00484851	1.31579	0.578218	0
5.9339	0.00503641	2.89474	0.835204	0
5.93109	0.00494655	1.31579	0.578218	0
5.92969	0.00445639	2.10526	0.728127	0
5.9334	0.00377016	1.31579	0.578218	0
5.93536	0.00488528	1.31579	0.578218	0
5.93541	0.00484035	2.89474	0.920866	0
5.93024	0.00435018	0.789474	0.449725	0
5.93154	0.00437469	2.10526	0.728127	0
5.9332	0.00419497	0.526316	0.364063	0
5.9328	0.00461569	1.84211	0.770957	0
5.92928	0.00463203	1.57895	0.642465	0
5.93606	0.00462386	1.84211	0.685296	0
5.93496	0.00431751	1.05263	0.513972	0
5.9329	0.00440328	1.57895	0.642465	0
5.93345	0.00398256	0.526316	0.364063	0
5.93737	0.00480358	1.31579	0.578218	0
5.93972	0.00542445	3.42105	0.985112	0
5.93164	0.00453808	0.789474	0.449725	0
5.92778	0.00397848	1.31579	0.578218	0
5.93511	0.00528558	2.63158	0.813788	0
5.93109	0.00453808	1.31579	0.578218	0
5.93445	0.00481992	2.89474	0.835204	0
5.933	0.00499148	2.10526	0.728127	0
5.92416	0.00441145	1.05263	0.513972	0
5.92758	0.00449315	1.05263	0.513972	0
5.93516	0.00488936	2.10526	0.813788	0
5.93194	0.00491387	1.31579	0.578218	0
5.93169	0.00502007	2.63158	0.89945	0
5.93777	0.00532234	2.10526	0.728127	0
5.93205	0.00512219	1.57895	0.642465	0
5.92838	0.00475865	1.31579	0.578218	0
5.9344	0.00472597	1.57895	0.642465	0
5.93551	0.0048526	3.15789	0.878035	0
5.93696	0.00507726	2.10526	0.728127	0
5.93822	0.00493021	1.05263	0.513972	0
5.93651	0.00504458	1.84211	0.685296	0
5.93666	0.00500782	2.63158	0.813788	0
5.93837	0.00510993	2.36842	0.770957	0
5.93566	0.0050119	2.36842	0.770957	0
5.92703	0.00418271	0.526316	0.364063	0
5.92356	0.00328408	0.789474	0.449725	0
5.93305	0.00417863	1.57895	0.728127	0
5.93205	0.00370889	1.05263	0.513972	0
5.93169	0.00467287	2.10526	0.728127	0
5.93355	0.00478316	1.57895	0.642465	0
5.93295	0.0045585	0.789474	0.449725	0
5.93129	0.00434201	2.36842	0.770957	0
5.93491	0.00464837	2.10526	0.728127	0
5.93425	0.00479541	2.10526	0.728127	0
5.93466	0.00511402	3.68421	1.00653	0
5.94103	0.0046933	1.84211	0.770957	0
5.93054	0.00447272	1.31579	0.578218	0
5.92733	0.00429708	0.263158	0.256986	0
5.93782	0.00441554	2.36842	0.770957	0
5.94148	0.0039989	1.84211	0.685296	0
5.92838	0.00385185	0.526316	0.364063	0
5.92602	0.00392129	1.31579	0.578218	0
5.93556	0.00466879	1.31579	0.578218	0
5.93546	0.00409285	2.36842	0.770957	0
5.934	0.00464837	2.10526	0.728127	0
5.934	0.00471372	1.57895	0.642465	0
5.92738	0.00430934	2.10526	0.728127	0
5.92713	0.00414187	0.789474	0.449725	0
5.92241	0.00374974	0.526316	0.364063	0
5.92497	0.00391312	2.89474	0.835204	0
5.93199	0.00421539	1.31579	0.578218	0
5.93455	0.005306	2.36842	0.770957	0
5.93962	0.00472597	2.36842	0.770957	0
5.93722	0.00513444	2.36842	0.770957	0
5.92632	0.00430117	0.789474	0.449725	0
5.92923	0.00379467	2.10526	0.728127	0
5.93199	0.00427666	1.57895	0.642465	0
5.93089	0.00438695	1.57895	0.642465	0
5.9321	0.00482401	3.15789	0.878035	0
5.93606	0.00500782	2.36842	0.770957	0
5.93134	0.00481584	1.57895	0.642465	0
5.92989	0.00464428	2.36842	0.856619	0
5.9337	0.00477908	1.31579	0.578218	0
5.92632	0.00458301	2.36842	0.770957	0
5.93099	0.00455033	1.05263	0.513972	0
5.93395	0.00490162	2.36842	0.770957	0
5.934	0.00540403	1.84211	0.770957	0
5.92693	0.00419088	1.57895	0.642465	0
5.92452	0.0041051	1.05263	0.642465	0
5.92959	0.00494246	1.05263	0.642465	0
5.92828	0.00453399	1.05263	0.513972	0
5.92979	0.00436244	2.36842	0.770957	0
5.93124	0.00397031	1.57895	0.642465	0
5.9216	0.00393355	0.789474	0.449725	0
5.92386	0.0044523	1.84211	0.685296	0
5.93536	0.0047995	2.10526	0.728127	0
5.92918	0.005306	2.89474	0.835204	0
5.9329	0.00490162	2.10526	0.728127	0
5.93666	0.00498331	2.36842	0.770957	0
5.92908	0.00493429	1.05263	0.513972	0
5.92186	0.00444005	1.31579	0.578218	0
5.93024	0.00446455	1.31579	0.578218	0
5.9334	0.00431342	1.05263	0.513972	0
5.93104	0.00400707	2.10526	0.728127	0
5.93822	0.00467696	2.63158	0.813788	0
5.94228	0.00481584	1.84211	0.685296	0
5.9345	0.0047995	2.36842	0.770957	0
5.9321	0.00510585	1.57895	0.642465	0
5.93696	0.00435427	1.57895	0.642465	0
5.93114	0.00406834	1.31579	0.578218	0
5.93109	0.00454216	1.05263	0.513972	0
5.93455	0.00461977	2.63158	0.813788	0
5.93255	0.00461569	1.57895	0.642465	0
5.93225	0.00456667	1.57895	0.728127	0
5.93922	0.00518754	2.89474	0.835204	0
5.93747	0.00482809	1.84211	0.685296	0
5.93491	0.00475048	1.57895	0.642465	0
5.93857	0.00509768	1.84211	0.685296	0
5.92813	0.00424398	0.789474	0.449725	0
5.92321	0.00406426	1.84211	0.685296	0
5.93752	0.00477091	2.10526	0.728127	0
5.93586	0.00503233	1.84211	0.685296	0
5.92913	0.00374157	0.526316	0.364063	0
5.9329	0.00491795	1.31579	0.578218	0
5.93169	0.0046116	1.84211	0.685296	0
5.92908	0.00442779	1.05263	0.513972	0
5.92833	0.00549798	1.84211	0.685296	0
5.93601	0.00531417	2.36842	0.856619	0
5.93837	0.00477908	1.57895	0.642465	0
5.9343	0.00471372	1.31579	0.578218	0
5.93546	0.00488119	2.10526	0.728127	0
5.93455	0.00471781	1.31579	0.578218	0
5.9332	0.00446455	1.31579	0.578218	0
5.92999	0.00451357	1.05263	0.513972	0
5.92115	0.00390904	0.526316	0.364063	0
5.92703	0.00452583	1.31579	0.578218	0
5.93039	0.00419497	1.31579	0.578218	0
5.92743	0.00394172	0.526316	0.364063	0
5.93862	0.00457076	2.63158	0.813788	0
5.93621	0.00446864	1.31579	0.578218	0
5.93104	0.00426849	1.84211	0.685296	0
5.93998	0.00513444	1.57895	0.642465	0
5.93375	0.00535502	1.84211	0.685296	0
5.92472	0.00388862	0.789474	0.449725	0
5.92848	0.00417046	1.84211	0.685296	0
5.92964	0.00492204	1.57895	0.642465	0
5.92682	0.00484035	1.05263	0.513972	0
5.92442	0.00374157	0.789474	0.449725	0
5.92753	0.00372931	1.84211	0.685296	0
5.92833	0.00386819	0.263158	0.256986	0
5.93129	0.0047995	1.31579	0.685296	0
5.93561	0.00460752	1.84211	0.685296	0
5.92597	0.00416637	1.31579	0.578218	0
5.92582	0.004293	1.31579	0.578218	0
5.93646	0.00452991	1.31579	0.578218	0
5.93205	0.00440737	1.84211	0.685296	0
5.92657	0.00416637	1.84211	0.685296	0
5.93546	0.00411327	0.526316	0.364063	0
5.93014	0.00407651	1.57895	0.642465	0
5.93205	0.00412553	0.263158	0.256986	0
5.9343	0.00394172	1.05263	0.513972	0
5.9339	0.00463611	1.84211	0.685296	0
5.9335	0.00457484	2.10526	0.89945	0
5.93174	0.00496697	1.31579	0.578218	0
5.93531	0.00480767	2.89474	0.835204	0
5.93034	0.0048526	1.57895	0.642465	0
5.92858	0.00441554	1.57895	0.642465	0
5.93059	0.00479541	1.84211	0.685296	0
5.92703	0.00446455	0.526316	0.364063	0
5.92251	0.00384368	0.526316	0.364063	0
5.93365	0.00513444	2.36842	0.770957	0
5.93476	0.0047464	1.57895	0.642465	0
5.92135	0.0044523	1.31579	0.578218	0
5.92135	0.00414595	1.57895	0.642465	0
5.93144	0.00424807	1.31579	0.578218	0
5.9329	0.00432976	0.789474	0.449725	0
5.9323	0.00468513	2.36842	0.770957	0
5.93275	0.00443188	0.526316	0.364063	0
5.93119	0.00426849	2.10526	0.728127	0
5.93114	0.00455033	0.789474	0.449725	0
5.92788	0.00411736	1.05263	0.513972	0
5.92612	0.00419497	1.84211	0.685296	0
5.9323	0.00394172	1.05263	0.513972	0
5.93144	0.00384368	0.789474	0.449725	0
5.93079	0.00409693	1.05263	0.513972	0
5.93596	0.00515487	1.31579	0.578218	0
5.93591	0.00456259	0.526316	0.364063	0
5.93014	0.0039989	1.05263	0.513972	0
5.93445	0.00447272	1.84211	0.685296	0
5.94178	0.00546939	2.10526	0.728127	0
5.93711	0.00512219	2.10526	0.728127	0
5.93084	0.00493838	2.10526	0.728127	0
5.93079	0.0045585	1.57895	0.642465	0
5.9337	0.00486077	1.57895	0.642465	0
5.9332	0.00483626	2.10526	0.728127	0
5.92547	0.00424807	0.263158	0.256986	0
5.92206	0.0043992	1.05263	0.513972	0
5.93039	0.00438695	1.57895	0.642465	0
5.9341	0.00425624	2.10526	0.728127	0
5.9335	0.00481584	1.31579	0.578218	0
5.934	0.00470147	1.84211	0.685296	0
5.93711	0.00468513	1.57895	0.642465	0
5.9344	0.0047995	1.57895	0.642465	0
5.93716	0.00486894	0.789474	0.449725	0
5.93546	0.00455033	2.10526	0.728127	0
5.93325	0.00497106	1.57895	0.642465	0
5.93149	0.00508951	2.10526	0.728127	0
5.94093	0.00532642	3.94737	1.04936	0
5.93561	0.00428891	1.05263	0.513972	0
5.92286	0.00382734	1.57895	0.642465	0
5.92808	0.00394989	1.05263	0.513972	0
5.9345	0.00495472	2.36842	0.856619	0
5.93461	0.00446864	1.84211	0.685296	0
5.93988	0.0049588	2.63158	0.813788	0
5.93681	0.00479133	1.31579	0.578218	0
5.92421	0.0046402	1.31579	0.578218	0
5.92542	0.00435018	1.57895	0.642465	0
5.92938	0.00435018	0.526316	0.364063	0
5.92853	0.00420722	1.57895	0.728127	0
5.93842	0.00454625	1.84211	0.685296	0
5.93631	0.00419497	1.57895	0.642465	0
5.93069	0.00437469	2.36842	0.770957	0
5.93059	0.0040806	0.526316	0.364063	0
5.93656	0.00428483	1.84211	0.685296	0
5.93641	0.00458301	1.57895	0.642465	0
5.92913	0.0043461	1.31579	0.578218	0
5.92773	0.00466062	1.31579	0.578218	0
5.9333	0.00502416	2.63158	0.813788	0
5.93235	0.00404383	2.63158	0.813788	0
5.933	0.00503233	1.31579	0.578218	0
5.9332	0.00464428	2.10526	0.728127	0
5.9334	0.00456667	2.36842	0.770957	0
5.92462	0.00444822	0.526316	0.364063	0
5.92572	0.0041868	1.84211	0.685296	0
5.93079	0.00468104	1.05263	0.513972	0
5.92602	0.00400707	1.57895	0.642465	0
5.92231	0.00395397	1.31579	0.578218	0
5.92708	0.0041337	1.05263	0.513972	0
5.92246	0.00351282	0.526316	0.364063	0
5.93124	0.00449723	1.84211	0.685296	0
5.93561	0.00410919	1.57895	0.642465	0
5.92853	0.00442371	1.05263	0.513972	0
5.93024	0.00475865	1.31579	0.578218	0
5.93365	0.00451766	2.10526	0.728127	0
5.92783	0.00456667	1.84211	0.685296	0
5.92507	0.00411327	1.57895	0.642465	0
5.92577	0.00423173	1.31579	0.578218	0
5.92863	0.00506909	1.84211	0.685296	0
5.93034	0.00455442	1.57895	0.642465	0
5.92622	0.00397031	0.263158	0.256986	0
5.92522	0.00423173	1.31579	0.578218	0
5.92908	0.00436244	1.57895	0.728127	0
5.92723	0.00417863	1.31579	0.578218	0
5.92933	0.00478316	1.57895	0.642465	0
5.92642	0.00400299	1.31579	0.578218	0
5.93265	0.00487302	1.31579	0.578218	0
5.94193	0.00565728	2.89474	0.835204	0
5.94374	0.00537135	2.36842	0.770957	0
5.94173	0.00615153	2.89474	0.835204	0
5.93586	0.00432568	1.57895	0.642465	0
5.93074	0.00417046	1.31579	0.578218	0
5.92497	0.00391312	1.05263	0.513972	0
5.92778	0.00404792	2.10526	0.728127	0
5.93757	0.00428074	1.31579	0.578218	0
5.93054	0.00356184	2.10526	0.728127	0
5.92793	0.0044523	1.84211	0.685296	0
5.93024	0.00459526	2.10526	0.89945	0
5.9326	0.00556333	2.63158	0.813788	0
5.93139	0.00438286	2.63158	0.813788	0
5.93144	0.00457484	1.05263	0.513972	0
5.93024	0.00423581	1.84211	0.685296	0
5.92878	0.00479133	1.84211	0.685296	0
5.92793	0.00470964	1.05263	0.513972	0
5.93049	0.00457893	2.36842	0.770957	0
5.93636	0.00537135	1.31579	0.578218	0
5.92657	0.00427666	1.31579	0.578218	0
5.92241	0.00410919	1.57895	0.642465	0
5.9328	0.00444413	2.89474	0.835204	0
5.93079	0.00470147	1.05263	0.513972	0
5.93255	0.0046647	2.36842	0.770957	0
5.93907	0.00570221	2.10526	0.728127	0
5.93245	0.00452174	1.84211	0.685296	0
5.92938	0.0040806	2.36842	0.770957	0
5.93671	0.00483218	1.57895	0.642465	0
5.94193	0.0056001	2.36842	0.770957	0
5.93159	0.00514261	1.31579	0.578218	0
5.9206	0.00429708	1.31579	0.578218	0
5.9339	0.0051181	2.36842	0.770957	0
5.93732	0.00496697	2.10526	0.728127	0
5.9336	0.00451766	0.789474	0.449725	0
5.93415	0.00457893	1.57895	0.642465	0
5.93144	0.00433385	1.57895	0.642465	0
5.9325	0.00485668	2.10526	0.728127	0
5.92933	0.00450949	1.84211	0.685296	0
5.92677	0.00459526	1.31579	0.578218	0
5.92708	0.00443188	1.84211	0.685296	0
5.93616	0.00522022	2.89474	0.835204	0
5.93179	0.00450132	1.31579	0.578218	0
5.92271	0.00423581	1.57895	0.642465	0
5.93059	0.00473414	1.84211	0.685296	0
5.92833	0.0044523	1.05263	0.513972	0
5.92954	0.00489345	2.10526	0.728127	0
5.93315	0.0046402	2.36842	0.770957	0
5.92416	0.00420722	0.526316	0.364063	0
5.9207	0.00435835	0.526316	0.364063	0
5.92457	0.00396214	0.789474	0.449725	0
5.92718	0.00406834	0.789474	0.449725	0
5.92873	0.00414187	1.05263	0.513972	0
5.9322	0.00447681	1.57895	0.642465	0
5.93546	0.00517529	2.89474	0.920866	0
5.93415	0.00539995	2.36842	0.770957	0
5.92843	0.0046933	1.57895	0.642465	0
5.93611	0.00504049	2.10526	0.728127	0
5.92868	0.00436652	1.05263	0.513972	0
5.92682	0.0043992	1.31579	0.578218	0
5.94244	0.00524064	2.36842	0.770957	0
5.93957	0.00468104	1.84211	0.685296	0
5.92416	0.00424398	1.31579	0.578218	0
5.92949	0.00446047	1.05263	0.513972	0
5.93094	0.00455033	2.10526	0.728127	0
5.92928	0.00464837	1.84211	0.685296	0
5.93034	0.00418271	1.31579	0.578218	0
5.92627	0.00383143	1.31579	0.578218	0
5.92226	0.0041868	1.05263	0.513972	0
5.92522	0.0035986	1.05263	0.513972	0
5.92893	0.00470147	1.57895	0.642465	0
5.93526	0.00546122	2.63158	0.89945	0
5.9337	0.00448089	0.526316	0.364063	0
5.93205	0.00411327	1.31579	0.578218	0
5.9343	0.0051467	1.05263	0.642465	0
5.92959	0.00433793	1.57895	0.642465	0
5.9329	0.00444005	2.10526	0.728127	0
5.93947	0.00471781	1.84211	0.685296	0
5.93551	0.00514261	2.89474	0.835204	0
5.92833	0.00421947	2.10526	0.728127	0
5.92667	0.00448906	2.10526	0.728127	0
5.91945	0.00364353	0.263158	0.256986	0
5.92833	0.00417046	1.57895	0.642465	0
5.93872	0.00449315	2.63158	0.813788	0
5.93114	0.00440737	1.84211	0.685296	0
5.92878	0.00443596	2.36842	0.770957	0
5.93445	0.00474231	0.789474	0.449725	0
5.92622	0.00382734	1.05263	0.513972	0
5.93049	0.00459118	2.63158	0.813788	0
5.93777	0.00531417	1.57895	0.642465	0
5.92592	0.00456259	1.57895	0.642465	0
5.92386	0.00443596	1.05263	0.513972	0
5.93134	0.00426849	0.789474	0.449725	0
5.93385	0.00419088	2.63158	0.813788	0
5.93516	0.00391721	1.31579	0.578218	0
5.93019	0.00468104	1.84211	0.685296	0
5.92432	0.00374974	0.789474	0.449725	0
5.92758	0.00459935	1.84211	0.770957	0
5.93957	0.00414187	1.31579	0.578218	0
5.94088	0.00498331	2.36842	0.770957	0
5.93174	0.0046402	1.57895	0.642465	0
5.92577	0.00425215	0.526316	0.364063	0
5.92798	0.00419497	1.57895	0.642465	0
5.92477	0.00379875	1.57895	0.642465	0
5.92878	0.00524064	2.36842	0.856619	0
5.93024	0.00417863	1.31579	0.578218	0
5.92145	0.00390087	1.57895	0.642465	0
5.92617	0.00448498	1.84211	0.685296	0
5.93079	0.00444005	1.57895	0.642465	0
5.92713	0.00441554	1.05263	0.513972	0
5.93134	0.00467287	2.10526	0.728127	0
5.93455	0.00527741	2.36842	0.856619	0
5.92908	0.00457484	0.789474	0.449725	0
5.92703	0.00397439	1.31579	0.578218	0
5.9326	0.00451766	2.10526	0.728127	0
5.93149	0.00453399	1.84211	0.685296	0
5.93225	0.00440328	2.36842	0.770957	0
5.93335	0.00487302	1.57895	0.642465	0
5.92622	0.00444005	1.05263	0.513972	0
5.92622	0.00417454	1.31579	0.578218	0
5.92944	0.00472189	1.31579	0.578218	0
5.93425	0.00553883	3.15789	1.02794	0
5.93395	0.00428891	1.05263	0.513972	0
5.92848	0.00418271	1.31579	0.578218	0
5.92452	0.00462794	1.05263	0.513972	0
5.92517	0.0043992	1.31579	0.578218	0
5.93024	0.00488936	2.63158	0.813788	0
5.92587	0.00423581	1.05263	0.513972	0
5.92728	0.00448089	2.10526	0.728127	0
5.93375	0.00416229	1.84211	0.685296	0
5.93049	0.00471372	1.57895	0.642465	0
5.92969	0.00390087	1.31579	0.578218	0
5.92858	0.00403566	1.31579	0.578218	0
5.92893	0.00402749	0.526316	0.364063	0
5.92798	0.00377016	1.31579	0.578218	0
5.92868	0.00438286	1.31579	0.578218	0
5.92522	0.0041337	0.263158	0.256986	0
5.92617	0.00420314	1.84211	0.685296	0
5.92888	0.00415412	0.789474	0.449725	0
5.93506	0.00425215	3.42105	0.920866	0
5.9334	0.00487302	1.05263	0.513972	0
5.92783	0.00437061	1.57895	0.642465	0
5.92768	0.00417863	1.57895	0.642465	0
5.93566	0.00482809	2.36842	0.770957	0
5.93445	0.00470147	1.05263	0.513972	0
5.92216	0.004293	0.526316	0.364063	0
5.92672	0.00430525	1.31579	0.578218	0
5.9325	0.00458301	2.36842	0.770957	0
5.93225	0.00497514	2.36842	0.770957	0
5.92396	0.0043461	0.789474	0.449725	0
5.92497	0.00465245	1.84211	0.685296	0
5.9343	0.00487302	1.84211	0.685296	0
5.9328	0.00438695	2.10526	0.728127	0
5.93004	0.00404792	1.05263	0.513972	0
5.93355	0.00436244	2.36842	0.770957	0
5.93405	0.00498331	1.31579	0.578218	0
5.92868	0.00444413	1.31579	0.578218	0
5.93004	0.0041051	1.84211	0.685296	0
5.93486	0.00455442	2.89474	0.920866	0
5.93872	0.00544896	2.10526	0.728127	0
5.92938	0.00513853	1.84211	0.770957	0
5.92005	0.00476682	1.05263	0.513972	0
5.92311	0.00385594	1.31579	0.578218	0
5.92557	0.00381509	1.31579	0.578218	0
5.92843	0.00426849	1.05263	0.513972	0
5.92457	0.00447681	1.05263	0.513972	0
5.92657	0.00437061	1.05263	0.513972	0
5.93205	0.00470964	2.36842	0.770957	0
5.92512	0.00446864	1.84211	0.770957	0
5.92291	0.00401524	1.57895	0.642465	0
5.92878	0.00423581	1.57895	0.642465	0
5.92853	0.00444005	1.05263	0.513972	0
5.93325	0.00524881	2.10526	0.728127	0
5.92718	0.00493021	1.31579	0.578218	0
5.92577	0.00464837	1.05263	0.513972	0
5.92964	0.00522431	2.10526	0.728127	0
5.92728	0.00428074	0.789474	0.449725	0
5.92838	0.00441962	1.05263	0.513972	0
5.93305	0.00478316	2.10526	0.728127	0
5.93235	0.00452583	2.10526	0.728127	0
5.93466	0.00476274	1.05263	0.513972	0
5.93742	0.00531008	3.15789	0.963697	0
5.93305	0.00453808	1.05263	0.513972	0
5.92778	0.00446047	2.36842	0.770957	0
5.93169	0.00471781	1.57895	0.642465	0
5.93109	0.00412553	1.31579	0.578218	0
5.92411	0.00374157	1.31579	0.578218	0
5.92396	0.00398665	1.57895	0.642465	0
5.92938	0.00433385	1.84211	0.685296	0
5.92828	0.00458301	2.10526	0.728127	0
5.92954	0.00449315	2.63158	0.813788	0
5.93019	0.00508543	1.05263	0.513972	0
5.93014	0.00470555	2.89474	0.835204	0
5.92803	0.00458301	1.05263	0.513972	0
5.92878	0.00475457	1.84211	0.685296	0
5.93415	0.00419088	1.57895	0.642465	0
5.93606	0.00449723	2.63158	0.813788	0
5.93927	0.00442371	2.63158	0.813788	0
5.9332	0.00468104	1.84211	0.685296	0
5.92778	0.00438286	1.31579	0.578218	0
5.93064	0.00534276	2.63158	0.813788	0
5.93014	0.00482401	1.05263	0.513972	0
5.92637	0.00436652	1.31579	0.578218	0
5.92949	0.00451766	1.05263	0.513972	0
5.93581	0.00524473	3.15789	1.02794	0
5.94314	0.00548164	1.31579	0.578218	0
5.93802	0.00473006	1.84211	0.685296	0
5.93445	0.00473006	0.526316	0.364063	0
5.93134	0.00448498	1.57895	0.642465	0
5.93194	0.00490162	1.57895	0.728127	0
5.93134	0.0053591	1.31579	0.685296	0
5.93355	0.00447272	2.10526	0.728127	0
5.93079	0.00463611	1.84211	0.685296	0
5.92592	0.00407651	0.789474	0.449725	0
5.92928	0.00469738	0.789474	0.449725	0
5.92808	0.00441554	1.84211	0.770957	0
5.92542	0.00522431	1.05263	0.513972	0
5.92713	0.0040806	0.526316	0.364063	0
5.93079	0.00436244	1.57895	0.642465	0
5.92743	0.0042399	1.05263	0.513972	0
5.92607	0.00449315	1.31579	0.578218	0
5.92522	0.00481992	1.84211	0.685296	0
5.93044	0.00454625	1.05263	0.513972	0
5.93164	0.00420314	2.36842	0.770957	0
5.92642	0.00446455	2.10526	0.728127	0
5.92492	0.00453399	1.31579	0.578218	0
5.93064	0.0051998	1.84211	0.770957	0
5.92713	0.00424398	1.84211	0.685296	0
5.92457	0.00402341	1.84211	0.685296	0
5.92964	0.00420722	1.05263	0.513972	0
5.93079	0.00440737	1.57895	0.642465	0
5.92803	0.00459935	1.31579	0.578218	0
5.93054	0.00446455	2.63158	0.813788	0
5.93124	0.00513853	1.31579	0.578218	0
5.9344	0.00527741	1.84211	0.685296	0
5.92788	0.00508543	1.31579	0.685296	0
5.92788	0.00484443	2.63158	0.813788	0
5.9321	0.00512627	2.10526	0.728127	0
5.92728	0.00489753	1.57895	0.642465	0
5.92472	0.00497922	1.31579	0.578218	0
5.92928	0.00496697	1.84211	0.685296	0
5.92768	0.00463203	1.31579	0.578218	0
5.92512	0.00392946	1.31579	0.578218	0
5.92221	0.00389678	1.57895	0.642465	0
5.92261	0.00391312	0.526316	0.364063	0
5.92708	0.00519571	2.63158	0.89945	0
5.93099	0.00427258	0.789474	0.449725	0
5.92979	0.00363536	1.84211	0.685296	0
5.9342	0.00427258	2.36842	0.770957	0
5.93812	0.00542445	1.05263	0.513972	0
5.93179	0.00456667	1.84211	0.685296	0
5.93556	0.00426849	1.84211	0.685296	0
5.93927	0.00428483	1.84211	0.685296	0
5.9339	0.00464428	2.10526	0.728127	0
5.92928	0.00456259	1.57895	0.642465	0
5.93139	0.00492612	1.57895	0.642465	0
5.92783	0.00425215	1.31579	0.578218	0
5.92306	0.00361903	0.263158	0.256986	0
5.92838	0.00452174	2.36842	0.770957	0
5.93305	0.00467696	1.84211	0.685296	0
5.93466	0.00522431	1.84211	0.685296	0
5.93405	0.00532234	1.84211	0.770957	0
5.93019	0.00512219	2.10526	0.728127	0
5.93084	0.00541629	2.36842	0.770957	0
5.93049	0.00456259	1.31579	0.578218	0
5.92562	0.00434201	1.57895	0.642465	0
5.92964	0.00406017	1.31579	0.578218	0
5.9334	0.00417046	1.84211	0.685296	0
5.9209	0.00349649	0.263158	0.256986	0
5.92	0.00394989	1.05263	0.513972	0
5.93134	0.0039989	1.05263	0.513972	0
5.93897	0.0051181	3.15789	0.963697	0
5.92657	0.0045585	0.789474	0.449725	0
5.92176	0.00397848	1.84211	0.685296	0
5.93069	0.00440737	2.10526	0.728127	0
5.93466	0.00479541	0.526316	0.364063	0
5.93074	0.00442779	1.84211	0.770957	0
5.93516	0.00473006	2.63158	0.813788	0
5.93767	0.00518754	1.84211	0.685296	0
5.92954	0.00432159	1.05263	0.513972	0
5.92261	0.00444413	1.57895	0.642465	0
5.92898	0.00471372	2.36842	0.770957	0
5.9321	0.00470555	1.31579	0.578218	0
5.93049	0.00505275	2.36842	0.770957	0
5.93641	0.00495472	2.36842	0.770957	0
5.934	0.00468513	1.57895	0.642465	0
5.92753	0.00455442	2.36842	0.770957	0
5.92532	0.00403158	1.05263	0.513972	0
5.92738	0.00417046	0.789474	0.449725	0
5.92296	0.00352099	0.789474	0.449725	0
5.92396	0.00400299	1.84211	0.770957	0
5.92723	0.00428074	1.57895	0.642465	0
5.92507	0.00422764	1.05263	0.642465	0
5.92502	0.00429708	1.57895	0.642465	0
5.92954	0.00435835	0.789474	0.449725	0
5.9322	0.00499965	2.36842	0.770957	0
5.93481	0.00487711	0.789474	0.449725	0
5.92913	0.00401932	1.31579	0.578218	0
5.93084	0.00435835	1.84211	0.685296	0
5.93631	0.00532642	1.84211	0.685296	0
5.93129	0.00496697	1.05263	0.513972	0
5.93034	0.00416637	1.84211	0.685296	0
5.93094	0.00497922	2.36842	0.770957	0
5.92547	0.00462386	1.05263	0.513972	0
5.92331	0.00471781	2.10526	0.813788	0
5.93235	0.00470964	2.36842	0.770957	0
5.92577	0.00419088	1.31579	0.578218	0
5.92371	0.00431342	0.789474	0.449725	0
5.93114	0.00446455	1.31579	0.578218	0
5.92577	0.00401116	1.05263	0.513972	0
5.92878	0.00516712	2.36842	0.770957	0
5.93355	0.00523247	2.10526	0.728127	0
5.92607	0.00494655	1.05263	0.513972	0
5.92622	0.00496289	1.31579	0.578218	0
5.92873	0.00438695	1.84211	0.685296	0
5.92703	0.0041337	0.789474	0.449725	0
5.92442	0.0040806	0.789474	0.449725	0
5.93084	0.00424807	1.57895	0.642465	0
5.92903	0.00406834	0.789474	0.449725	0
5.91749	0.00419088	0.789474	0.449725	0
5.91849	0.00384368	1.05263	0.513972	0
5.92622	0.00427666	1.31579	0.578218	0
5.92883	0.0045871	2.10526	0.728127	0
5.93566	0.00498739	1.84211	0.685296	0
5.93184	0.00449723	1.57895	0.642465	0
5.92452	0.00459935	1.05263	0.513972	0
5.92351	0.00502416	0.789474	0.449725	0
5.9324	0.00424398	1.57895	0.642465	0
5.93455	0.00566137	1.57895	0.642465	0
5.9324	0.00465245	1.57895	0.642465	0
5.92411	0.00432976	0.789474	0.449725	0
5.92758	0.00384777	1.57895	0.642465	0
5.93159	0.00404383	1.84211	0.685296	0
5.93466	0.004293	1.05263	0.513972	0
5.93526	0.00436652	1.84211	0.685296	0
5.9325	0.00433793	1.57895	0.728127	0
5.92969	0.00460752	1.84211	0.685296	0
5.93079	0.00476682	1.31579	0.685296	0
5.92281	0.00371297	1.05263	0.513972	0
5.93455	0.00486077	2.63158	0.89945	0
5.93501	0.00477091	1.31579	0.578218	0
5.92391	0.00406426	1.57895	0.642465	0
5.92954	0.00416229	1.31579	0.578218	0
5.93425	0.00438695	2.10526	0.728127	0
5.92944	0.00457484	1.31579	0.578218	0
5.92401	0.00457076	0.789474	0.449725	0
5.92698	0.00411327	1.57895	0.642465	0
5.92928	0.00397439	2.10526	0.728127	0
5.93265	0.00501599	2.63158	0.89945	0
5.9334	0.00440737	2.36842	0.770957	0
5.92944	0.00437061	0.526316	0.364063	0
5.92858	0.00437878	1.05263	0.513972	0
5.93019	0.00444822	0.263158	0.256986	0
5.93039	0.00416229	1.05263	0.513972	0
5.93245	0.00508134	2.36842	0.770957	0
5.9327	0.00450132	1.84211	0.685296	0
5.93445	0.00444413	1.57895	0.642465	0
5.93571	0.00496697	2.10526	0.728127	0
5.93546	0.00535502	2.63158	0.813788	0
5.93179	0.00459935	2.89474	0.835204	0
5.92954	0.0044523	1.84211	0.685296	0
5.92898	0.00451357	1.05263	0.513972	0
5.92768	0.00449723	2.10526	0.813788	0
5.92552	0.00490162	1.57895	0.642465	0
5.92622	0.00473823	2.36842	0.770957	0
5.93445	0.00501599	2.10526	0.813788	0
5.93476	0.00526107	2.63158	0.813788	0
5.9328	0.00504866	1.31579	0.578218	0
5.93014	0.00522839	2.36842	0.770957	0
5.92959	0.00470555	1.57895	0.642465	0
5.92818	0.00485668	1.84211	0.685296	0
5.92698	0.00461569	2.10526	0.728127	0
5.92999	0.00447681	1.84211	0.685296	0
5.92642	0.00386819	0.789474	0.449725	0
5.92803	0.00447681	0.263158	0.256986	0
5.93315	0.00494655	2.10526	0.728127	0
5.92637	0.00457076	0.789474	0.449725	0
5.92562	0.00431751	1.31579	0.578218	0
5.92848	0.00420722	1.05263	0.513972	0
5.92918	0.00489753	1.57895	0.642465	0
5.9344	0.00507726	1.31579	0.578218	0
5.92913	0.00497922	1.57895	0.642465	0
5.92642	0.00430525	1.57895	0.642465	0
5.93646	0.00497922	2.89474	0.835204	0
5.93184	0.00471372	1.31579	0.578218	0
5.92868	0.00473006	1.05263	0.513972	0
5.93089	0.00487302	1.57895	0.642465	0
5.93541	0.00505683	2.89474	0.835204	0
5.93009	0.0044523	1.84211	0.685296	0
5.92652	0.00456667	1.57895	0.642465	0
5.92748	0.0042113	1.84211	0.685296	0
5.93481	0.00435018	1.84211	0.685296	0
5.93405	0.00435018	2.63158	0.813788	0
5.94093	0.00542854	3.42105	0.920866	0
5.93546	0.00520388	2.89474	0.835204	0
5.92903	0.00457484	1.31579	0.578218	0
5.9329	0.0051998	1.84211	0.770957	0
5.9342	0.00499148	1.31579	0.578218	0
5.92853	0.00430934	0.789474	0.449725	0
5.92647	0.00381918	1.57895	0.642465	0
5.93004	0.00391312	1.57895	0.642465	0
5.93747	0.00450949	1.31579	0.578218	0
5.93225	0.00490162	1.31579	0.685296	0
5.93129	0.00441554	2.10526	0.728127	0
5.93646	0.00463203	3.42105	0.920866	0
5.93782	0.00542445	1.57895	0.642465	0
5.93777	0.00464837	1.57895	0.642465	0
5.93466	0.00432568	1.84211	0.685296	0
5.93737	0.00441554	1.57895	0.642465	0
5.93521	0.00498331	2.10526	0.728127	0
5.93385	0.00421947	1.31579	0.578218	0
5.9329	0.00456259	1.05263	0.513972	0
5.92758	0.00412961	1.57895	0.642465	0
5.93014	0.00513853	2.63158	0.813788	0
5.93169	0.00540403	1.84211	0.685296	0
5.92652	0.00459118	1.57895	0.642465	0
5.92923	0.00452583	1.31579	0.578218	0
5.92863	0.00475048	1.05263	0.513972	0
5.92597	0.00470555	2.36842	0.770957	0
5.93174	0.00450949	2.36842	0.770957	0
5.92487	0.00453808	0.526316	0.364063	0
5.92396	0.00443596	1.05263	0.513972	0
5.9326	0.00436244	1.31579	0.578218	0
5.93139	0.00499965	2.89474	0.920866	0
5.93345	0.00468104	1.31579	0.578218	0
5.93471	0.00501599	1.84211	0.685296	0
5.93094	0.00461569	2.36842	0.770957	0
5.93767	0.00531825	2.89474	0.835204	0
5.93355	0.00515895	1.57895	0.642465	0
5.91889	0.00421947	0.526316	0.364063	0
5.92326	0.00412553	1.05263	0.513972	0
5.93541	0.00449315	2.36842	0.770957	0
5.93415	0.00467696	2.10526	0.728127	0
5.92642	0.00520388	1.31579	0.685296	0
5.92532	0.00457484	1.05263	0.513972	0
5.92672	0.00441962	0.789474	0.449725	0
5.92918	0.00453399	1.31579	0.578218	0
5.92723	0.00441554	1.31579	0.578218	0
5.92688	0.00453399	1.31579	0.578218	0
5.92632	0.00425624	1.84211	0.685296	0
5.91955	0.00408468	1.05263	0.513972	0
5.9215	0.00419088	0.789474	0.449725	0
5.92688	0.00410102	0.789474	0.449725	0
5.93154	0.00466879	1.31579	0.578218	0
5.93491	0.00487302	2.63158	0.813788	0
5.93154	0.00449315	1.31579	0.578218	0
5.93084	0.00475865	2.36842	0.770957	0
5.92903	0.00498739	1.84211	0.685296	0
5.93109	0.00457484	2.10526	0.728127	0
5.93199	0.00376199	1.57895	0.642465	0
5.92346	0.00382734	0.526316	0.364063	0
5.93215	0.0046402	2.10526	0.728127	0
5.93556	0.00476682	1.84211	0.685296	0
5.92356	0.00374974	0.526316	0.364063	0
5.93119	0.00509768	2.36842	0.856619	0
5.94078	0.00523656	1.57895	0.642465	0
5.92898	0.00432568	0.526316	0.364063	0
5.92617	0.00432159	1.31579	0.578218	0
5.93792	0.00462386	2.36842	0.770957	0
5.93405	0.0045054	1.31579	0.578218	0
5.92442	0.00445639	1.31579	0.578218	0
5.92607	0.00413778	1.05263	0.513972	0
5.93245	0.00460752	2.10526	0.728127	0
5.92768	0.00435835	1.31579	0.578218	0
5.92266	0.00397848	1.05263	0.513972	0
5.92994	0.00416637	1.84211	0.685296	0
5.93034	0.00470964	1.05263	0.513972	0
5.92125	0.00413778	0.526316	0.364063	0
5.92477	0.00425215	1.31579	0.578218	0
5.92532	0.00449315	1.05263	0.513972	0
5.92808	0.00447681	1.31579	0.578218	0
5.93285	0.00420314	1.31579	0.578218	0
5.93009	0.00486894	1.31579	0.578218	0
5.93215	0.00452991	1.31579	0.578218	0
5.93064	0.0045871	2.10526	0.728127	0
5.92918	0.0039458	1.31579	0.578218	0
5.933	0.0043461	2.36842	0.770957	0
5.93425	0.0044523	1.05263	0.513972	0
5.93681	0.00473823	1.84211	0.685296	0
5.93154	0.00450949	2.36842	0.770957	0
5.92592	0.00441554	2.10526	0.728127	0
5.92838	0.00423173	1.31579	0.578218	0
5.93109	0.00486894	2.63158	0.89945	0
5.93641	0.00507317	3.15789	0.878035	0
5.93149	0.00441554	1.31579	0.578218	0
5.93179	0.00476274	2.63158	0.813788	0
5.9325	0.00509768	2.36842	0.770957	0
5.92833	0.00432976	2.10526	0.728127	0
5.92853	0.00470555	2.36842	0.770957	0
5.92442	0.00418271	2.10526	0.728127	0
5.92682	0.00458301	1.31579	0.578218	0
5.93265	0.00531008	2.36842	0.770957	0
5.92758	0.00471781	1.31579	0.578218	0
5.92281	0.00431751	1.05263	0.513972	0
5.92758	0.00406834	1.84211	0.685296	0
5.93149	0.00495063	2.63158	0.89945	0
5.92863	0.00478316	1.57895	0.728127	0
5.92768	0.0046647	1.84211	0.685296	0
5.92567	0.00440737	1.05263	0.513972	0
5.92728	0.00382734	2.36842	0.770957	0
5.9325	0.00456259	2.10526	0.728127	0
5.93044	0.00472597	1.31579	0.578218	0
5.92662	0.00392946	1.31579	0.578218	0
5.9323	0.00414187	0.789474	0.449725	0
5.93696	0.00484851	2.10526	0.728127	0
5.93074	0.00517937	1.05263	0.642465	0
5.92472	0.00450132	2.10526	0.728127	0
5.93184	0.00413778	0.789474	0.449725	0
5.92893	0.00439103	0.789474	0.449725	0
5.92863	0.00453399	1.31579	0.578218	0
5.93646	0.00476682	2.10526	0.813788	0
5.93084	0.00369664	0.526316	0.364063	0
5.92753	0.00484443	2.89474	0.835204	0
5.93822	0.00502824	3.15789	0.878035	0
5.93039	0.00470555	1.84211	0.770957	0
5.92898	0.00526107	2.89474	0.835204	0
5.93742	0.00496697	0.789474	0.449725	0
5.92818	0.00471781	1.31579	0.578218	0
5.92386	0.00404792	0.789474	0.449725	0
5.93044	0.00476274	2.63158	0.813788	0
5.9335	0.0045054	2.89474	0.835204	0
5.92928	0.00460752	1.84211	0.685296	0
5.92703	0.0043992	1.05263	0.513972	0
5.92552	0.00451357	2.63158	0.813788	0
5.9332	0.00484035	1.31579	0.578218	0
5.93561	0.00482401	1.57895	0.642465	0
5.9328	0.00478724	1.31579	0.578218	0
5.92597	0.00378241	1.57895	0.642465	0
5.92773	0.00475457	2.36842	0.770957	0
5.9335	0.0051181	1.84211	0.685296	0
5.93019	0.00477091	1.57895	0.642465	0
5.92527	0.00510993	1.31579	0.578218	0
5.93425	0.00482809	1.05263	0.513972	0
5.93993	0.00542037	2.89474	0.835204	0
5.93978	0.00504866	2.36842	0.770957	0
5.92667	0.0046116	0.789474	0.449725	0
5.92391	0.00417863	0.526316	0.364063	0
5.9327	0.00387636	2.10526	0.728127	0
5.92773	0.00398665	1.57895	0.642465	0
5.92427	0.0041582	0.789474	0.449725	0
5.93124	0.00477499	1.57895	0.642465	0
5.93355	0.00500782	1.84211	0.685296	0
5.92095	0.00418271	0.789474	0.578218	0
5.92181	0.0046647	1.57895	0.642465	0
5.93245	0.00458301	2.63158	0.813788	0
5.92582	0.00457893	1.57895	0.642465	0
5.9203	0.00364353	1.05263	0.513972	0
5.92452	0.00432976	1.31579	0.578218	0
5.92592	0.00438286	1.31579	0.578218	0
5.92547	0.00392538	0.263158	0.256986	0
5.9325	0.00466879	1.84211	0.685296	0
5.93752	0.0047995	1.57895	0.642465	0
5.93696	0.00507726	2.10526	0.728127	0
5.94113	0.0049588	2.89474	0.835204	0
5.93656	0.00475457	2.36842	0.770957	0
5.93767	0.00457076	3.15789	0.963697	0
5.9338	0.00452583	2.10526	0.728127	0
5.92893	0.00564503	3.15789	0.878035	0
5.92743	0.00482809	1.05263	0.513972	0
5.92537	0.00407651	1.84211	0.685296	0
5.93265	0.00492204	1.57895	0.728127	0
5.93119	0.00500782	1.05263	0.513972	0
5.92421	0.00457893	1.57895	0.642465	0
5.92853	0.00463203	1.31579	0.685296	0
5.92903	0.00440737	1.84211	0.685296	0
5.92693	0.00442371	1.84211	0.685296	0
5.93235	0.00505275	2.10526	0.728127	0
5.93727	0.00493429	2.89474	0.835204	0
5.92733	0.00436652	1.05263	0.513972	0
5.92497	0.00444005	2.36842	0.770957	0
5.93174	0.00508951	2.89474	0.835204	0
5.9322	0.00538769	1.84211	0.685296	0
5.92296	0.0041582	1.05263	0.513972	0
5.92572	0.00427666	1.31579	0.578218	0
5.93179	0.00470555	2.10526	0.728127	0
5.92597	0.00505683	1.31579	0.578218	0
5.92999	0.00506092	2.63158	0.963697	0
5.93676	0.00469738	1.84211	0.685296	0
5.92913	0.00460752	1.57895	0.642465	0
5.93365	0.00534685	2.63158	0.963697	0
5.93867	0.00533868	1.57895	0.642465	0
5.92587	0.00417454	0.789474	0.449725	0
5.92803	0.00457484	2.36842	0.770957	0
5.9339	0.00577165	1.57895	0.642465	0
5.93039	0.004293	1.84211	0.770957	0
5.93365	0.00508543	2.63158	0.89945	0
5.93154	0.00495063	0.789474	0.449725	0
5.92191	0.00424807	1.05263	0.513972	0
5.92542	0.0045585	1.05263	0.513972	0
5.92667	0.00403158	1.05263	0.513972	0
5.92763	0.00448906	1.05263	0.513972	0
5.92376	0.00428891	1.57895	0.642465	0
5.93375	0.00568179	2.63158	0.813788	0
5.93777	0.00502416	1.31579	0.578218	0
5.93215	0.00411327	1.05263	0.513972	0
5.92557	0.00422356	1.57895	0.642465	0
5.92883	0.00482809	1.31579	0.578218	0
5.92964	0.0043992	1.57895	0.642465	0
5.9321	0.00455033	1.31579	0.578218	0
5.93501	0.00484851	2.63158	0.813788	0
5.93561	0.00475865	1.84211	0.685296	0
5.93109	0.00468921	2.10526	0.728127	0
5.93325	0.00496697	1.31579	0.578218	0
5.92928	0.00424398	2.10526	0.728127	0
5.92723	0.00435018	1.84211	0.685296	0
5.93109	0.00448089	1.05263	0.513972	0
5.93034	0.00452174	1.31579	0.578218	0
5.92768	0.00429708	1.57895	0.642465	0
5.92723	0.00478724	2.89474	0.835204	0
5.93159	0.00465245	1.31579	0.578218	0
5.93014	0.00443596	0.789474	0.449725	0
5.9333	0.00487711	1.84211	0.685296	0
5.93812	0.00484443	2.36842	0.856619	0
5.92848	0.00467287	1.57895	0.642465	0
5.93009	0.00472189	3.42105	0.920866	0
5.93892	0.005065	2.36842	0.856619	0
5.93084	0.00447681	2.10526	0.728127	0
5.93089	0.00495472	1.84211	0.770957	0
5.92893	0.00493429	1.57895	0.642465	0
5.92035	0.00443188	1.84211	0.685296	0
5.92708	0.00507317	1.84211	0.685296	0
5.93285	0.00501599	2.10526	0.728127	0
5.93501	0.00528149	3.15789	0.878035	0
5.9338	0.00453399	1.31579	0.578218	0
5.92828	0.00462386	0.789474	0.449725	0
5.93044	0.0042399	1.31579	0.578218	0
5.93124	0.00459118	2.36842	0.770957	0
5.93395	0.00423173	2.10526	0.728127	0
5.9343	0.0049057	2.36842	0.770957	0
5.93496	0.00510177	3.15789	0.878035	0
5.93586	0.00457484	1.84211	0.685296	0
5.93706	0.00478724	2.36842	0.770957	0
5.93074	0.00480358	1.84211	0.685296	0
5.92627	0.00395805	0.789474	0.449725	0
5.93832	0.00528558	3.42105	0.920866	0
5.93591	0.00476682	1.84211	0.685296	0
5.92376	0.005065	1.05263	0.513972	0
5.92567	0.00447272	1.31579	0.578218	0
5.92607	0.00374974	1.84211	0.685296	0
5.92888	0.00462386	1.57895	0.642465	0
5.9338	0.00553474	1.31579	0.578218	0
5.93511	0.00529374	2.10526	0.728127	0
5.93355	0.00490979	1.05263	0.513972	0
5.92838	0.00446455	2.10526	0.728127	0
5.92652	0.00417454	1.84211	0.685296	0
5.92597	0.00396622	1.31579	0.578218	0
5.93199	0.00447272	2.10526	0.728127	0
5.93591	0.00469738	2.10526	0.728127	0
5.92878	0.00462386	1.05263	0.513972	0
5.92427	0.00402341	1.05263	0.513972	0
5.9342	0.00492204	2.36842	0.770957	0
5.93626	0.00522839	1.84211	0.685296	0
5.93365	0.00428891	1.84211	0.685296	0
5.93842	0.00455033	1.84211	0.685296	0
5.93109	0.00417863	1.84211	0.685296	0
5.92908	0.00472189	1.84211	0.685296	0
5.93822	0.00496697	2.63158	0.813788	0
5.93932	0.00533459	2.63158	0.813788	0
5.9334	0.00537544	2.10526	0.728127	0
5.92371	0.00409285	1.05263	0.513972	0
5.92085	0.00392129	1.84211	0.685296	0
5.91844	0.00381509	0.526316	0.364063	0
5.92642	0.0042113	1.57895	0.642465	0
5.92944	0.00485668	1.84211	0.685296	0
5.92306	0.00428483	1.05263	0.513972	0
5.92386	0.00481992	1.05263	0.642465	0
5.92617	0.00378241	1.57895	0.642465	0
5.92567	0.00451766	1.57895	0.642465	0
5.92647	0.00402341	1.05263	0.513972	0
5.92918	0.00468104	1.31579	0.578218	0
5.93471	0.0053591	2.36842	0.856619	0
5.93395	0.00515078	2.10526	0.728127	0
5.92883	0.00502416	1.05263	0.513972	0
5.93225	0.00400299	2.10526	0.728127	0
5.93435	0.00549798	2.36842	0.770957	0
5.92989	0.00476274	2.36842	0.856619	0
5.92682	0.00435427	1.05263	0.513972	0
5.93134	0.00417454	1.31579	0.578218	0
5.93486	0.00437061	1.84211	0.685296	0
5.94138	0.00563277	3.15789	0.878035	0
5.93084	0.00420314	0.526316	0.364063	0
5.9202	0.00422356	1.05263	0.513972	0
5.92677	0.00440737	1.84211	0.856619	0
5.92085	0.00459526	1.05263	0.513972	0
5.92547	0.00446455	1.31579	0.578218	0
5.9335	0.00481584	2.36842	0.856619	0
5.92728	0.00470147	1.31579	0.578218	0
5.92457	0.00468104	1.31579	0.578218	0
5.92758	0.00508951	1.57895	0.642465	0
5.92301	0.00422764	0.789474	0.449725	0
5.92366	0.0045585	1.57895	0.642465	0
5.92447	0.00428074	2.10526	0.728127	0
5.92582	0.00422356	2.10526	0.728127	0
5.92667	0.00459118	1.05263	0.513972	0
5.92557	0.00432159	0.263158	0.256986	0
5.93154	0.00478316	3.15789	0.963697	0
5.92979	0.00532234	2.10526	0.728127	0
5.92768	0.00510585	1.84211	0.685296	0
5.93094	0.00478724	2.36842	0.770957	0
5.93355	0.00465245	1.57895	0.642465	0
5.92918	0.00456667	2.36842	0.770957	0
5.92522	0.00446864	1.05263	0.513972	0
5.92316	0.00443596	2.63158	0.89945	0
5.92718	0.00448498	1.05263	0.513972	0
5.92587	0.00402341	0.526316	0.364063	0
5.92532	0.00417046	1.05263	0.513972	0
5.92974	0.00372931	0.263158	0.256986	0
5.93004	0.00451357	0.789474	0.449725	0
5.93862	0.0056246	3.15789	0.878035	0
5.93737	0.00515895	2.10526	0.728127	0
5.92979	0.00499148	1.05263	0.513972	0
5.92497	0.00406834	1.05263	0.513972	0
5.92622	0.00409693	1.05263	0.513972	0
5.93044	0.00463203	2.63158	0.813788	0
5.93114	0.00417863	1.31579	0.578218	0
5.93029	0.00413778	1.31579	0.578218	0
5.92778	0.00411327	0.789474	0.449725	0
5.93179	0.00430934	1.57895	0.642465	0
5.93491	0.00447681	3.15789	0.878035	0
5.93064	0.00447681	2.10526	0.728127	0
5.93149	0.00490162	2.36842	0.770957	0
5.9325	0.00477499	1.57895	0.642465	0
5.93074	0.00474231	1.05263	0.513972	0
5.92979	0.00506909	1.57895	0.642465	0
5.92788	0.00463611	1.05263	0.513972	0
5.93064	0.0046116	2.63158	0.813788	0
5.93325	0.0047995	2.10526	0.728127	0
5.93009	0.00423173	1.05263	0.513972	0
5.92878	0.00435835	1.05263	0.513972	0
5.93194	0.00439103	1.31579	0.578218	0
5.93315	0.0044523	1.57895	0.642465	0
5.9321	0.00484851	1.31579	0.578218	0
5.92642	0.00435835	2.10526	0.728127	0
5.92286	0.00485668	0.789474	0.449725	0
5.92637	0.00436652	1.05263	0.513972	0
5.93194	0.00479541	2.10526	0.728127	0
5.93255	0.00528558	1.57895	0.642465	0
5.92497	0.00430934	1.05263	0.513972	0
5.92773	0.00473414	1.57895	0.642465	0
5.92813	0.00481992	1.05263	0.513972	0
5.93174	0.00528966	2.63158	1.02794	0
5.93445	0.00467287	3.68421	1.00653	0
5.92989	0.00437061	0.789474	0.449725	0
5.93164	0.00459526	2.36842	0.770957	0
5.93295	0.00492612	1.31579	0.578218	0
5.92547	0.00473006	2.36842	0.770957	0
5.92783	0.00502824	1.84211	0.685296	0
5.9336	0.00532642	2.36842	0.770957	0
5.93139	0.00569813	2.36842	0.770957	0
5.92743	0.00470147	1.05263	0.513972	0
5.92798	0.00459526	1.57895	0.642465	0
5.92798	0.00415412	1.05263	0.513972	0
5.92306	0.00431751	2.10526	0.728127	0
5.93194	0.00477499	1.05263	0.513972	0
5.93691	0.00407651	1.05263	0.513972	0
5.93164	0.00457893	1.84211	0.685296	0
5.92748	0.00414595	0.789474	0.449725	0
5.93074	0.00447681	2.63158	0.813788	0
5.93109	0.00415412	1.05263	0.513972	0
5.9341	0.00445639	1.84211	0.685296	0
5.93004	0.00428891	0.789474	0.449725	0
5.92667	0.00499148	2.89474	0.920866	0
5.92878	0.00488119	1.05263	0.513972	0
5.92241	0.00444822	1.57895	0.642465	0
5.92416	0.0046116	0.263158	0.256986	0
5.93029	0.00464837	1.57895	0.642465	0
5.92145	0.00435018	1.31579	0.578218	0
5.91287	0.00346789	0.526316	0.364063	0
5.9198	0.00386002	1.05263	0.513972	0
5.92437	0.00408876	1.31579	0.578218	0
5.92582	0.00449315	1.57895	0.642465	0
5.93455	0.00505683	2.63158	0.813788	0
5.92918	0.00444005	1.05263	0.513972	0
5.92778	0.00465245	2.36842	0.770957	0
5.94173	0.00482809	1.84211	0.685296	0
5.9339	0.00499965	2.10526	0.728127	0
5.93069	0.00439512	1.31579	0.578218	0
5.94138	0.00491795	2.36842	0.770957	0
5.93546	0.0048526	1.84211	0.685296	0
5.92758	0.00397031	1.84211	0.685296	0
5.93305	0.00414187	1.31579	0.578218	0
5.93476	0.00412144	1.57895	0.642465	0
5.92783	0.00412553	1.84211	0.685296	0
5.92597	0.00450949	1.57895	0.642465	0
5.93686	0.00508134	2.10526	0.728127	0
5.9336	0.00451357	1.84211	0.685296	0
5.92637	0.00425215	1.84211	0.685296	0
5.92723	0.00449723	1.31579	0.578218	0
5.92698	0.00432159	1.31579	0.578218	0
5.92487	0.00436652	2.10526	0.728127	0
5.93124	0.00423581	1.31579	0.578218	0
5.92778	0.00406017	0.789474	0.449725	0
5.93154	0.00425624	1.84211	0.685296	0
5.94279	0.00583292	2.10526	0.728127	0
5.93149	0.00507317	2.36842	0.770957	0
5.92773	0.00437469	0.789474	0.449725	0
5.92888	0.00454216	1.57895	0.642465	0
5.92918	0.0038927	1.31579	0.578218	0
5.92933	0.00487302	2.10526	0.728127	0
5.93054	0.00484035	1.31579	0.578218	0
5.92778	0.00428074	0.789474	0.449725	0
5.93084	0.00430117	1.05263	0.513972	0
5.93084	0.00397439	2.63158	0.813788	0
5.93255	0.0044523	1.31579	0.578218	0
5.9342	0.00444822	1.84211	0.770957	0
5.93225	0.00456259	2.63158	0.813788	0
5.9342	0.00464837	1.57895	0.642465	0
5.93064	0.00492612	1.31579	0.578218	0
5.92432	0.0045585	1.57895	0.642465	0
5.93074	0.00396214	1.05263	0.513972	0
5.9344	0.00471372	1.05263	0.513972	0
5.93285	0.00503233	2.63158	0.89945	0
5.93471	0.00517529	1.84211	0.685296	0
5.93054	0.00479541	1.05263	0.513972	0
5.92938	0.00454625	2.10526	0.728127	0
5.93169	0.00487302	0.789474	0.449725	0
5.91874	0.0039989	1.31579	0.685296	0
5.9204	0.00493429	2.10526	0.728127	0
5.92773	0.00393355	0.789474	0.449725	0
5.9201	0.00410919	1.57895	0.642465	0
5.92196	0.00437469	1.57895	0.642465	0
5.92878	0.00433385	0.789474	0.449725	0
5.92798	0.00381101	2.36842	0.770957	0
5.92808	0.00378241	0.789474	0.449725	0
5.92898	0.00431342	2.10526	0.728127	0
5.92492	0.00456259	1.31579	0.578218	0
5.92778	0.0046647	2.36842	0.770957	0
5.9342	0.00496289	1.05263	0.513972	0
5.9332	0.00456259	1.84211	0.685296	0
5.93199	0.00454625	1.84211	0.685296	0
5.93014	0.00494655	1.57895	0.642465	0
5.92657	0.00454625	2.10526	0.728127	0
5.92507	0.0043992	0.789474	0.449725	0
5.92768	0.00385594	0.789474	0.449725	0
5.93139	0.00505683	2.63158	0.89945	0
5.9321	0.00481584	2.89474	0.835204	0
5.92617	0.00446864	2.36842	0.770957	0
5.92442	0.00461569	0.789474	0.449725	0
5.92341	0.0041868	0.526316	0.364063	0
5.92381	0.00386411	1.57895	0.642465	0
5.92828	0.00382734	0	0	0
5.93676	0.00517937	1.84211	0.685296	0
5.9323	0.00548981	1.57895	0.728127	0
5.92938	0.0049588	2.36842	0.770957	0
5.93164	0.00503641	1.84211	0.685296	0
5.93069	0.0046116	1.84211	0.685296	0
5.93124	0.00468104	2.63158	0.813788	0
5.92828	0.00486485	1.57895	0.642465	0
5.92562	0.00453399	1.84211	0.685296	0
5.92171	0.00403158	1.05263	0.513972	0
5.9209	0.00345564	1.84211	0.685296	0
5.92908	0.00446864	1.05263	0.513972	0
5.93696	0.00468513	1.84211	0.685296	0
5.94023	0.00549389	1.57895	0.642465	0
5.93019	0.00451357	0.526316	0.364063	0
5.92517	0.00407243	1.57895	0.642465	0
5.93531	0.00578391	2.63158	0.963697	0
5.93691	0.00533051	2.10526	0.728127	0
5.92527	0.00481584	1.57895	0.642465	0
5.92723	0.00461569	2.10526	0.728127	0
5.93069	0.00456667	1.31579	0.578218	0
5.9332	0.00511402	2.89474	0.835204	0
5.9343	0.00519163	1.57895	0.642465	0
5.92612	0.00419088	0.789474	0.449725	0
5.92522	0.00434201	1.05263	0.513972	0
5.92903	0.00440737	1.57895	0.642465	0
5.92858	0.00469738	1.57895	0.642465	0
5.93305	0.00545305	1.84211	0.685296	0
5.93466	0.00488936	2.36842	0.770957	0
5.92738	0.00427666	1.84211	0.685296	0
5.92065	0.004052	2.36842	0.856619	0
5.93471	0.00458301	1.57895	0.642465	0
5.92808	0.004293	1.31579	0.578218	0
5.91558	0.00360269	0.526316	0.364063	0
5.92276	0.0034924	0.789474	0.449725	0
5.92858	0.00365579	1.31579	0.578218	0
5.92974	0.00439103	2.10526	0.728127	0
5.93711	0.00426441	1.57895	0.835204	0
5.9332	0.00410102	1.05263	0.513972	0
5.93807	0.00477091	2.63158	0.813788	0
5.94364	0.00463203	2.10526	0.813788	0
5.9342	0.0051467	1.84211	0.685296	0
5.92381	0.00473823	1.84211	0.685296	0
5.92482	0.0041868	1.84211	0.685296	0
5.92637	0.0046402	1.57895	0.642465	0
5.92381	0.00417046	0.526316	0.364063	0
5.92848	0.00389678	1.84211	0.685296	0
5.92748	0.00467696	1.57895	0.642465	0
5.92627	0.00430117	1.31579	0.578218	0
5.93069	0.00468104	1.57895	0.642465	0
5.93335	0.00435427	2.63158	0.813788	0
5.93681	0.00566545	2.63158	0.89945	0
5.93044	0.00519571	1.31579	0.578218	0
5.91965	0.00415412	1.84211	0.685296	0
5.92657	0.00443596	1.31579	0.578218	0
5.93199	0.00460343	2.10526	0.728127	0
5.92321	0.00470147	1.57895	0.642465	0
5.92868	0.00471372	1.05263	0.513972	0
5.93124	0.00366396	1.05263	0.513972	0
5.93114	0.00436652	1.84211	0.685296	0
5.93014	0.00546939	1.84211	0.685296	0
5.93189	0.00591462	2.36842	0.856619	0
5.93049	0.00427666	0.526316	0.364063	0
5.93079	0.0051998	3.42105	0.920866	0
5.93631	0.00486077	1.05263	0.513972	0
5.92723	0.00374157	1.05263	0.513972	0
5.92743	0.00489753	1.84211	0.685296	0
5.92944	0.00384368	0.789474	0.449725	0
5.92507	0.00442779	2.36842	0.770957	0
5.93922	0.00515487	2.36842	0.856619	0
5.94013	0.00481175	2.10526	0.728127	0
5.92196	0.00463203	1.05263	0.513972	0
5.92547	0.00436652	1.05263	0.513972	0
5.93014	0.00415003	1.05263	0.513972	0
5.92527	0.00433385	1.05263	0.513972	0
5.92808	0.0050119	1.84211	0.685296	0
5.9329	0.00524473	2.36842	0.770957	0
5.92979	0.00504866	2.10526	0.728127	0
5.9325	0.00504866	2.89474	0.835204	0
5.93722	0.0048526	2.63158	0.813788	0
5.93651	0.00453808	2.10526	0.728127	0
5.92959	0.00423173	1.57895	0.642465	0
5.93149	0.00486894	2.89474	0.920866	0
5.93305	0.00487711	1.57895	0.642465	0
5.92708	0.00426849	1.31579	0.578218	0
5.92447	0.0046402	1.57895	0.642465	0
5.92913	0.00430525	1.57895	0.642465	0
5.93064	0.00424807	1.84211	0.685296	0
5.93139	0.00495472	1.57895	0.642465	0
5.92657	0.00464837	1.57895	0.642465	0
5.93435	0.00528558	1.84211	0.685296	0
5.94123	0.00518754	3.42105	0.920866	0
5.93576	0.00437469	0.526316	0.364063	0
5.92165	0.00397031	0.789474	0.449725	0
5.92512	0.00375791	0.526316	0.364063	0
5.92873	0.0046647	1.05263	0.513972	0
5.93169	0.00495063	1.31579	0.578218	0
5.93355	0.00483626	2.89474	0.835204	0
5.93094	0.00486894	1.84211	0.685296	0
5.92	0.00375791	1.31579	0.578218	0
5.91844	0.00411327	1.05263	0.513972	0
5.92768	0.00437878	1.57895	0.642465	0
5.92964	0.0041051	1.84211	0.685296	0
5.92467	0.00465245	1.57895	0.642465	0
5.92773	0.00447272	1.31579	0.578218	0
5.93124	0.00466879	0.789474	0.449725	0
5.93179	0.00463611	2.10526	0.728127	0
5.93154	0.00487302	2.10526	0.728127	0
5.91894	0.00381509	0.263158	0.256986	0
5.91533	0.00360269	0.526316	0.364063	0
5.9215	0.00379058	2.10526	0.728127	0
5.92888	0.00431751	1.57895	0.642465	0
5.93235	0.00444413	1.05263	0.642465	0
5.92371	0.00401932	0.263158	0.256986	0
5.92462	0.00444005	1.57895	0.642465	0
5.9211	0.00366804	0.789474	0.449725	0
5.92547	0.00484851	1.05263	0.513972	0
5.9344	0.0046647	2.63158	0.813788	0
5.93079	0.00470964	1.57895	0.642465	0
5.92823	0.00504458	1.84211	0.685296	0
5.92918	0.00411736	1.57895	0.642465	0
5.93024	0.00468513	2.36842	0.770957	0
5.9328	0.00484851	3.15789	0.878035	0
5.92552	0.00488119	2.63158	0.813788	0
5.92537	0.00505275	1.57895	0.642465	0
5.92602	0.00395805	2.36842	0.770957	0
5.92301	0.00446455	1.57895	0.642465	0
5.92813	0.00428891	2.10526	0.728127	0
5.93034	0.0046116	1.31579	0.578218	0
5.93822	0.00554291	2.10526	0.728127	0
5.93189	0.00425215	1.57895	0.642465	0
5.92622	0.00431342	1.31579	0.578218	0
5.93415	0.00477908	1.57895	0.642465	0
5.92778	0.00476682	1.57895	0.642465	0
5.92507	0.00441145	1.84211	0.685296	0
5.93154	0.00470555	2.89474	0.920866	0
5.93184	0.00452583	0.789474	0.449725	0
5.92296	0.00432976	0.263158	0.256986	0
5.92447	0.00452991	0.789474	0.449725	0
5.92502	0.00404792	1.31579	0.578218	0
5.92828	0.00454216	1.31579	0.578218	0
5.92883	0.00453808	2.10526	0.728127	0
5.9331	0.00548164	2.10526	0.728127	0
5.92818	0.00484035	1.31579	0.578218	0
5.92552	0.0046116	2.36842	0.770957	0
5.92718	0.00407243	1.05263	0.513972	0
5.93029	0.00428891	1.57895	0.642465	0
5.93004	0.00459118	2.63158	0.813788	0
5.92793	0.0039989	0.789474	0.449725	0
5.92462	0.00409285	1.05263	0.513972	0
5.92652	0.00352916	2.10526	0.813788	0
5.93099	0.00463611	1.57895	0.642465	0
5.92662	0.00470964	1.31579	0.578218	0
5.93054	0.00505275	2.10526	0.728127	0
5.93641	0.00432976	1.84211	0.685296	0
5.93656	0.00468921	2.36842	0.856619	0
5.93265	0.00437469	1.84211	0.685296	0
5.9327	0.00425624	1.05263	0.513972	0
5.93159	0.00403975	1.31579	0.578218	0
5.93004	0.00467696	1.57895	0.642465	0
5.93586	0.00459935	2.63158	0.813788	0
5.93199	0.00492204	0.789474	0.449725	0
5.92848	0.00401524	1.84211	0.685296	0
5.93701	0.00495063	2.36842	0.770957	0
5.93817	0.00499148	1.31579	0.578218	0
5.92723	0.00471372	2.36842	0.770957	0
5.92497	0.00477499	1.05263	0.513972	0
5.92928	0.00446047	1.84211	0.685296	0
5.93079	0.00481992	1.05263	0.513972	0
5.92677	0.00482809	1.57895	0.642465	0
5.93179	0.00481992	1.57895	0.642465	0
5.93064	0.00449315	1.57895	0.642465	0
5.92748	0.00430525	1.57895	0.642465	0
5.93159	0.005306	3.42105	0.985112	0
5.92642	0.00485668	2.10526	0.728127	0
5.92186	0.00427258	1.05263	0.513972	0
5.92437	0.00361903	1.05263	0.513972	0
5.92216	0.00352508	1.57895	0.642465	0
5.92421	0.0036272	1.31579	0.578218	0
5.92893	0.00438695	3.15789	0.878035	0
5.9336	0.00524881	2.63158	0.813788	0
5.92903	0.00480358	1.57895	0.642465	0
5.92567	0.0046647	2.10526	0.728127	0
5.93114	0.00442371	1.31579	0.578218	0
5.93009	0.00410919	1.05263	0.513972	0
5.92472	0.00439103	1.05263	0.513972	0
5.9344	0.00495472	1.84211	0.685296	0
5.92964	0.00419905	1.31579	0.578218	0
5.92351	0.00390495	1.05263	0.513972	0
5.93305	0.00509768	2.10526	0.813788	0
5.93972	0.00562869	2.36842	0.770957	0
5.934	0.00539178	2.10526	0.728127	0
5.93501	0.00488119	2.89474	0.835204	0
5.93114	0.00476274	1.57895	0.642465	0
5.92351	0.00399073	1.05263	0.513972	0
5.92713	0.00465653	1.57895	0.642465	0
5.92994	0.00452174	1.31579	0.578218	0
5.92286	0.00464428	1.05263	0.513972	0
5.92969	0.00490162	2.10526	0.728127	0
5.93225	0.00472597	1.31579	0.578218	0
5.92542	0.00467287	1.57895	0.642465	0
5.93671	0.00473414	3.15789	0.878035	0
5.94254	0.00502824	2.36842	0.770957	0
5.93621	0.00500373	2.89474	0.835204	0
5.9333	0.00515895	2.10526	0.813788	0
5.93491	0.0056001	4.21053	1.00653	0
5.93129	0.00468921	0.526316	0.364063	0
5.92974	0.00488936	2.63158	0.813788	0
5.93576	0.00484443	1.31579	0.578218	0
5.93174	0.00468104	1.31579	0.578218	0
5.92487	0.00400707	0.263158	0.256986	0
5.92452	0.00347606	1.05263	0.513972	0
5.92803	0.00436244	2.10526	0.728127	0
5.92688	0.00377016	1.31579	0.578218	0
5.92813	0.00425624	1.31579	0.578218	0
5.93466	0.00471781	1.84211	0.685296	0
5.9335	0.0049588	2.10526	0.728127	0
5.93119	0.0051181	1.57895	0.642465	0
5.92542	0.00459935	1.57895	0.642465	0
5.9214	0.00395805	0.526316	0.364063	0
5.92472	0.00399482	2.10526	0.728127	0
5.92602	0.00396214	1.05263	0.513972	0
5.92873	0.00414187	2.36842	0.770957	0
5.92788	0.00425624	1.57895	0.642465	0
5.92537	0.00394989	1.31579	0.578218	0
5.92803	0.00391312	1.31579	0.578218	0
5.92507	0.00377424	1.05263	0.513972	0
5.92979	0.00448906	2.63158	0.813788	0
5.93471	0.00484035	2.63158	0.813788	0
5.93546	0.00538769	2.36842	0.856619	0
5.92873	0.00494655	0.526316	0.364063	0
5.9199	0.00433793	0.789474	0.449725	0
5.92261	0.00437878	1.84211	0.685296	0
5.93119	0.00462794	1.31579	0.578218	0
5.92401	0.00444413	1.05263	0.513972	0
5.92979	0.00447681	1.05263	0.513972	0
5.93405	0.00440328	1.31579	0.578218	0
5.93119	0.00415003	1.84211	0.685296	0
5.93049	0.00445639	0.789474	0.449725	0
5.93159	0.00438286	1.57895	0.642465	0
5.9322	0.00492612	1.84211	0.685296	0
5.93691	0.0056246	1.84211	0.685296	0
5.9322	0.0047464	2.89474	0.835204	0
5.92723	0.00467696	1.57895	0.642465	0
5.92959	0.00436652	2.10526	0.728127	0
5.92888	0.00429708	1.57895	0.642465	0
5.92883	0.00459526	0.789474	0.449725	0
5.92773	0.00467287	2.36842	0.770957	0
5.92783	0.00424398	1.05263	0.513972	0
5.92582	0.00436244	1.84211	0.685296	0
5.92793	0.00363536	1.57895	0.642465	0
5.93039	0.00435835	1.31579	0.578218	0
5.92843	0.00428891	1.84211	0.685296	0
5.92698	0.00457484	1.84211	0.685296	0
5.93199	0.00431342	1.05263	0.513972	0
5.92813	0.0046402	1.57895	0.728127	0
5.92401	0.0042113	0.526316	0.364063	0
5.92552	0.00428891	1.05263	0.513972	0
5.93129	0.00449315	1.57895	0.642465	0
5.93385	0.00443596	2.63158	0.813788	0
5.92873	0.00435427	2.63158	0.813788	0
5.93174	0.00481992	1.57895	0.642465	0
5.934	0.00514261	2.36842	0.770957	0
5.93034	0.0046402	1.84211	0.685296	0
5.92713	0.00416637	1.31579	0.578218	0
5.92497	0.00415412	1.05263	0.513972	0
5.92662	0.00416229	2.36842	0.770957	0
5.9337	0.00432568	2.10526	0.728127	0
5.93109	0.00473823	1.57895	0.642465	0
5.92848	0.00478316	1.57895	0.642465	0
5.92758	0.00412961	1.84211	0.685296	0
5.92507	0.00448906	1.84211	0.685296	0
5.92557	0.00507726	2.36842	0.856619	0
5.92186	0.00405609	0.526316	0.364063	0
5.92577	0.00403566	2.36842	0.770957	0
5.92442	0.004052	0.789474	0.449725	0
5.92115	0.00406426	1.84211	0.685296	0
5.92667	0.00412961	1.31579	0.685296	0
5.93149	0.00452991	1.57895	0.642465	0
5.93049	0.00467287	1.84211	0.685296	0
5.93179	0.00487711	2.63158	0.813788	0
5.93546	0.00507726	1.31579	0.578218	0
5.9327	0.00497106	2.36842	0.770957	0
5.92928	0.00453399	1.31579	0.578218	0
5.92878	0.00459526	1.31579	0.578218	0
5.93094	0.00449315	1.31579	0.578218	0
5.93114	0.00472189	1.05263	0.513972	0
5.92753	0.00428074	1.31579	0.578218	0
5.93114	0.00473823	2.10526	0.728127	0
5.93461	0.0039989	1.57895	0.642465	0
5.9324	0.00457076	2.63158	0.813788	0
5.94008	0.00528966	3.15789	0.878035	0
5.94454	0.00584109	2.36842	0.770957	0
5.92793	0.00480767	1.57895	0.642465	0
5.92391	0.00489753	1.05263	0.513972	0
5.93029	0.00480767	2.36842	0.770957	0
5.93074	0.00463203	2.10526	0.728127	0
5.93747	0.00548981	2.10526	0.728127	0
5.92728	0.00449723	1.05263	0.513972	0
5.92863	0.00406834	2.36842	0.770957	0
5.93154	0.00468104	1.05263	0.513972	0
5.92838	0.00502824	2.10526	0.728127	0
5.93455	0.00447681	2.10526	0.728127	0
5.93265	0.00443596	2.10526	0.728127	0
5.92442	0.00414595	1.57895	0.642465	0
5.92863	0.00468513	1.57895	0.642465	0
5.9342	0.00364353	0.789474	0.449725	0
5.93069	0.00423581	1.31579	0.578218	0
5.933	0.00526107	2.89474	0.920866	0
5.92472	0.00454216	1.31579	0.578218	0
5.92778	0.00448089	1.84211	0.685296	0
5.93174	0.00441145	1.57895	0.642465	0
5.93069	0.00465245	2.10526	0.813788	0
5.92989	0.00446455	1.57895	0.642465	0
5.93235	0.0046116	1.05263	0.513972	0
5.9327	0.00457076	1.57895	0.642465	0
5.9215	0.00457484	0.526316	0.364063	0
5.91603	0.00403158	0.526316	0.364063	0
5.92472	0.00491387	2.36842	0.770957	0
5.93029	0.00470964	1.57895	0.642465	0
5.9207	0.00404383	0.526316	0.364063	0
5.92647	0.00459118	1.57895	0.642465	0
5.92703	0.00437061	1.31579	0.578218	0
5.92492	0.00415003	2.10526	0.813788	0
5.93435	0.00512627	3.42105	0.920866	0
5.93335	0.00457076	1.57895	0.642465	0
5.9208	0.00404383	1.57895	0.642465	0
5.92331	0.0040806	0.789474	0.449725	0
5.92883	0.00464428	1.05263	0.513972	0
5.92893	0.00445639	0.789474	0.449725	0
5.93265	0.00446455	2.10526	0.728127	0
5.92677	0.00444005	2.10526	0.813788	0
5.92236	0.00419497	1.31579	0.578218	0
5.92783	0.00426441	0.789474	0.449725	0
5.92582	0.00429708	1.31579	0.578218	0
5.92928	0.00398665	1.31579	0.578218	0
5.93059	0.00401116	1.31579	0.578218	0
5.93004	0.00465245	2.10526	0.728127	0
5.92878	0.00497514	1.84211	0.685296	0
5.93245	0.00512219	1.31579	0.578218	0
5.93275	0.00477091	1.05263	0.513972	0
5.93496	0.00435835	2.10526	0.728127	0
5.93476	0.00463611	1.57895	0.642465	0
5.92873	0.00452583	1.57895	0.728127	0
5.92949	0.00402749	1.57895	0.642465	0
5.93666	0.00520388	1.05263	0.513972	0
5.93676	0.00459935	1.57895	0.642465	0
5.92688	0.00450132	0.263158	0.256986	0
5.92808	0.00387228	1.05263	0.513972	0
5.93104	0.00370889	1.31579	0.578218	0
5.92848	0.00402341	0.526316	0.364063	0
5.92808	0.00388453	1.31579	0.578218	0
5.92437	0.00373748	1.05263	0.513972	0
5.92517	0.00471372	1.05263	0.513972	0
5.93596	0.00448498	2.10526	0.728127	0
5.93536	0.00419088	1.57895	0.642465	0
5.93591	0.00483218	2.36842	0.770957	0
5.93004	0.00422764	1.84211	0.685296	0
5.92999	0.00445639	1.84211	0.685296	0
5.93646	0.00510585	2.36842	0.770957	0
5.93395	0.00535093	1.57895	0.642465	0
5.92903	0.00459935	1.05263	0.513972	0
5.9216	0.0042399	0.526316	0.364063	0
5.92542	0.00416637	1.84211	0.685296	0
5.92808	0.00470964	0.789474	0.449725	0
5.92547	0.00468104	1.31579	0.578218	0
5.92637	0.00441145	1.31579	0.578218	0
5.9343	0.00463203	1.57895	0.642465	0
5.92974	0.00449723	2.10526	0.728127	0
5.93144	0.00477499	1.31579	0.578218	0
5.93511	0.00499556	2.36842	0.770957	0
5.9323	0.0045871	1.84211	0.685296	0
5.92768	0.00486077	2.10526	0.728127	0
5.93345	0.00552249	2.10526	0.728127	0
5.92612	0.00428074	1.05263	0.513972	0
5.92085	0.00411736	0.789474	0.449725	0
5.9328	0.00486077	1.84211	0.685296	0
5.93265	0.00408468	0.526316	0.364063	0
5.92637	0.00493838	2.10526	0.728127	0
5.9338	0.00507726	1.84211	0.685296	0
5.93054	0.00433793	2.36842	0.770957	0
5.92281	0.00422356	1.05263	0.513972	0
5.92421	0.00440737	1.57895	0.642465	0
5.92843	0.00442371	2.10526	0.813788	0
5.93184	0.00469738	2.36842	0.770957	0
5.92913	0.00445639	1.05263	0.513972	0
5.92803	0.00419905	2.36842	0.770957	0
5.9337	0.00441145	1.31579	0.578218	0
5.93691	0.00465653	2.10526	0.728127	0
5.93315	0.00427666	1.57895	0.642465	0
5.92587	0.00410919	1.05263	0.513972	0
5.93104	0.00468921	2.10526	0.728127	0
5.92989	0.00456667	2.36842	0.856619	0
5.92542	0.00470555	1.57895	0.642465	0
5.93079	0.0048526	1.31579	0.578218	0
5.93345	0.00533051	1.84211	0.685296	0
5.9323	0.00534685	2.36842	0.770957	0
5.92652	0.00484851	1.05263	0.513972	0
5.92903	0.00433385	2.10526	0.728127	0
5.92938	0.00438695	1.31579	0.578218	0
5.93039	0.00463203	1.57895	0.642465	0
5.93124	0.00436244	1.31579	0.578218	0
5.93199	0.00481175	2.36842	0.770957	0
5.93169	0.0049057	2.10526	0.728127	0
5.92818	0.00474231	2.10526	0.728127	0
5.92452	0.00436244	0.526316	0.364063	0
5.93114	0.00423581	1.57895	0.642465	0
5.93742	0.0041582	1.05263	0.513972	0
5.93476	0.00463611	1.57895	0.642465	0
5.92989	0.00459526	2.63158	0.813788	0
5.93119	0.00453399	1.31579	0.578218	0
5.94108	0.00555108	2.89474	0.920866	0
5.93074	0.00409693	1.84211	0.685296	0
5.92642	0.00439512	1.84211	0.685296	0
5.92738	0.00399482	1.31579	0.685296	0
5.92647	0.00464837	0.526316	0.364063	0
5.92607	0.00444822	1.57895	0.642465	0
5.92607	0.00455033	0.789474	0.449725	0
5.92723	0.00417046	1.57895	0.642465	0
5.92999	0.00423581	1.05263	0.513972	0
5.92984	0.0049057	2.63158	0.813788	0
5.9323	0.00497514	1.05263	0.642465	0
5.92688	0.00441962	1.05263	0.513972	0
5.92693	0.00481584	2.10526	0.728127	0
5.92843	0.00456259	1.31579	0.578218	0
5.92321	0.00401116	0.526316	0.364063	0
5.92276	0.00434201	2.10526	0.728127	0
5.93275	0.00449315	1.31579	0.578218	0
5.92979	0.00447272	1.84211	0.685296	0
5.93265	0.00529783	1.57895	0.642465	0
5.93079	0.00492612	0.526316	0.364063	0
5.92261	0.00387228	1.31579	0.578218	0
5.92788	0.00450132	1.05263	0.513972	0
5.93019	0.00412553	2.10526	0.728127	0
5.92984	0.00440328	2.36842	0.770957	0
5.93255	0.00462386	1.31579	0.578218	0
5.9339	0.00502007	2.10526	0.728127	0
5.92677	0.00452174	1.57895	0.642465	0
5.92693	0.00437061	1.31579	0.578218	0
5.92833	0.00435835	1.31579	0.578218	0
5.92647	0.00412553	1.57895	0.642465	0
5.92833	0.00467287	2.10526	0.728127	0
5.93064	0.00471372	1.84211	0.685296	0
5.93315	0.00508543	2.36842	0.770957	0
5.93305	0.00454625	1.05263	0.513972	0
5.93004	0.00435018	1.31579	0.578218	0
5.92848	0.00445639	2.10526	0.728127	0
5.92416	0.00477908	2.89474	0.835204	0
5.92411	0.00488936	1.31579	0.685296	0
5.92652	0.00447272	0.526316	0.364063	0
5.92557	0.00434201	1.57895	0.642465	0
5.92708	0.00412144	1.84211	0.685296	0
5.92657	0.00390087	1.05263	0.513972	0
5.92723	0.0039989	2.10526	0.728127	0
5.93034	0.00484851	2.10526	0.728127	0
5.9344	0.00504866	1.84211	0.770957	0
5.92893	0.00446864	1.84211	0.685296	0
5.92667	0.00402341	1.05263	0.513972	0
5.93179	0.00429708	1.57895	0.642465	0
5.9325	0.00461977	1.05263	0.513972	0
5.9326	0.00475457	1.57895	0.642465	0
5.93837	0.00488936	2.63158	0.813788	0
5.93586	0.00456259	1.57895	0.642465	0
5.92642	0.00479541	1.84211	0.685296	0
5.92547	0.00446864	2.36842	0.770957	0
5.92974	0.00409285	1.05263	0.513972	0
5.92893	0.0048526	1.05263	0.513972	0
5.92688	0.00508951	1.84211	0.685296	0
5.92999	0.00446047	1.84211	0.685296	0
5.92612	0.00433385	2.10526	0.728127	0
5.92723	0.00460343	2.36842	0.770957	0
5.92632	0.00441962	2.10526	0.728127	0
5.92356	0.00435427	1.84211	0.685296	0
5.9204	0.0042113	1.31579	0.578218	0
5.92281	0.0042399	1.31579	0.578218	0
5.93064	0.00545713	2.36842	0.770957	0
5.93225	0.00503233	2.36842	0.770957	0
5.93079	0.00470555	1.31579	0.578218	0
5.93285	0.00492612	1.31579	0.578218	0
5.93671	0.0050936	2.36842	0.770957	0
5.93581	0.00449315	2.36842	0.770957	0
5.9343	0.00442371	1.05263	0.513972	0
5.93737	0.00495472	3.15789	0.878035	0
5.93365	0.00444413	1.31579	0.578218	0
5.93611	0.00448906	2.89474	0.835204	0
5.93782	0.00563277	2.36842	0.770957	0
5.92396	0.00434201	0.526316	0.364063	0
5.92221	0.00435018	1.05263	0.513972	0
5.93435	0.00450949	1.84211	0.685296	0
5.93395	0.00463611	3.42105	0.920866	0
5.92411	0.00390495	1.57895	0.642465	0
5.92416	0.00414187	1.31579	0.578218	0
5.9321	0.00499965	1.57895	0.642465	0
5.92898	0.00463203	1.05263	0.513972	0
5.92236	0.00483218	1.31579	0.578218	0
5.9334	0.00561643	2.36842	0.770957	0
5.93275	0.00503233	2.10526	0.728127	0
5.93159	0.00477908	2.63158	0.813788	0
5.93621	0.00516304	2.63158	0.813788	0
5.93225	0.0047995	1.84211	0.685296	0
5.92788	0.00409693	0.526316	0.364063	0
5.93024	0.00398256	1.84211	0.685296	0
5.92833	0.00423173	2.10526	0.728127	0
5.92592	0.00424398	1.57895	0.642465	0
5.92974	0.00410919	1.57895	0.642465	0
5.92923	0.00455033	2.89474	0.835204	0
5.92913	0.00425215	1.57895	0.642465	0
5.93014	0.00436652	1.31579	0.578218	0
5.92788	0.00446455	1.31579	0.578218	0
5.93466	0.00463203	1.57895	0.642465	0
5.9321	0.00486077	0.789474	0.449725	0
5.93014	0.00500373	3.15789	0.878035	0
5.93551	0.00539178	1.31579	0.685296	0
5.93014	0.00486077	1.57895	0.728127	0
5.92778	0.00503233	1.84211	0.685296	0
5.93164	0.0047995	1.84211	0.685296	0
5.9333	0.00482401	1.05263	0.513972	0
5.93169	0.00528149	2.89474	0.835204	0
5.92999	0.00526107	2.10526	0.728127	0
5.92241	0.0043461	1.31579	0.578218	0
5.92567	0.00497106	2.10526	0.728127	0
5.93029	0.00468104	1.84211	0.770957	0
5.93109	0.00508951	2.36842	0.770957	0
5.92622	0.00453399	0.263158	0.256986	0
5.92331	0.0041337	0.789474	0.449725	0
5.93004	0.00472189	1.57895	0.642465	0
5.92713	0.00430934	1.05263	0.513972	0
5.92416	0.00453808	0.789474	0.578218	0
5.92381	0.00421947	2.10526	0.728127	0
5.92888	0.00472597	2.10526	0.728127	0
5.93074	0.00502416	2.10526	0.728127	0
5.93104	0.00414595	0.789474	0.449725	0
5.93641	0.00477908	2.10526	0.728127	0
5.93872	0.00451357	1.31579	0.578218	0
5.92999	0.00528149	1.84211	0.685296	0
5.93059	0.00434201	1.57895	0.642465	0
5.93807	0.0047995	2.63158	0.813788	0
5.93832	0.00494655	2.63158	0.813788	0
5.93079	0.00390904	0.263158	0.256986	0
5.92753	0.0046933	2.10526	0.728127	0
5.92883	0.00427258	1.05263	0.513972	0
5.92597	0.0042399	1.31579	0.578218	0
5.92938	0.00404792	1.31579	0.578218	0
5.94113	0.00512219	2.36842	0.770957	0
5.93445	0.00448498	1.31579	0.578218	0
5.92793	0.00503233	1.84211	0.685296	0
5.92954	0.00486894	2.10526	0.728127	0
5.93275	0.00506092	2.10526	0.728127	0
5.93174	0.0047995	1.84211	0.685296	0
5.93099	0.00508134	1.84211	0.685296	0
5.93511	0.00482401	2.10526	0.728127	0
5.93526	0.00513444	2.89474	0.920866	0
5.93034	0.00413778	1.31579	0.578218	0
5.92582	0.0039989	0.526316	0.364063	0
5.93104	0.00433385	1.57895	0.642465	0
5.92898	0.00428891	1.57895	0.728127	0
5.93325	0.00529783	2.89474	0.835204	0
5.93476	0.00539995	1.31579	0.578218	0
5.92462	0.00381918	1.31579	0.578218	0
5.92512	0.00407243	1.31579	0.578218	0
5.93109	0.00444413	1.57895	0.642465	0
5.92542	0.0038927	1.31579	0.578218	0
5.93059	0.00475865	2.10526	0.728127	0
5.93455	0.0041337	1.84211	0.685296	0
5.93139	0.00414187	1.05263	0.513972	0
5.92813	0.00430934	1.84211	0.685296	0
5.92853	0.00443596	2.36842	0.770957	0
5.92928	0.00499965	1.05263	0.513972	0
5.92918	0.00483626	2.89474	0.835204	0
5.92612	0.00499965	2.10526	0.728127	0
5.92662	0.00452583	0.789474	0.449725	0
5.93019	0.0048526	2.10526	0.728127	0
5.93034	0.00446047	1.84211	0.685296	0
5.92979	0.0043461	2.10526	0.728127	0
5.93009	0.00425215	1.84211	0.685296	0
5.92698	0.00454216	1.31579	0.578218	0
5.92537	0.00477091	1.84211	0.685296	0
5.9341	0.00530191	1.57895	0.642465	0
5.93722	0.00537135	2.89474	0.920866	0
5.934	0.00443188	1.84211	0.685296	0
5.92391	0.00504458	1.31579	0.578218	0
5.92708	0.00490979	1.84211	0.770957	0
5.92447	0.00440737	1.57895	0.642465	0
5.92406	0.00392946	1.05263	0.513972	0
5.92858	0.00461977	1.57895	0.642465	0
5.9334	0.00477499	2.36842	0.770957	0
5.92693	0.00394172	1.84211	0.685296	0
5.92793	0.0046116	1.05263	0.513972	0
5.93149	0.0046933	0.789474	0.449725	0
5.92898	0.00537952	1.57895	0.642465	0
5.93119	0.00428891	2.10526	0.728127	0
5.93205	0.00465653	1.84211	0.770957	0
5.93119	0.0045871	1.84211	0.770957	0
5.92853	0.00447272	1.84211	0.685296	0
5.93049	0.00510993	2.36842	0.770957	0
5.92838	0.00437878	1.31579	0.578218	0
5.92949	0.00440328	1.31579	0.578218	0
5.93596	0.00512627	2.36842	0.770957	0
5.92698	0.00448906	1.57895	0.642465	0
5.92432	0.00412144	0.789474	0.449725	0
5.92512	0.00434201	1.31579	0.578218	0
5.93019	0.00475457	1.84211	0.685296	0
5.93275	0.00489753	1.31579	0.578218	0
5.93044	0.00444413	1.57895	0.642465	0
5.93044	0.00473823	1.84211	0.685296	0
5.93029	0.00469738	1.57895	0.642465	0
5.93164	0.00444822	1.31579	0.578218	0
5.93907	0.00513036	2.36842	0.770957	0
5.93315	0.00494246	1.57895	0.642465	0
5.92959	0.00495063	1.84211	0.685296	0
5.93466	0.00483626	2.36842	0.770957	0
5.93415	0.00497514	1.31579	0.578218	0
5.93009	0.00464428	2.10526	0.728127	0
5.92763	0.00469738	0.263158	0.256986	0
5.92933	0.00472189	2.89474	0.920866	0
5.933	0.00461569	1.57895	0.642465	0
5.92999	0.00391721	0.526316	0.364063	0
5.93225	0.00515487	2.63158	0.89945	0
5.92858	0.00482809	0.526316	0.364063	0
5.92718	0.00470555	2.10526	0.813788	0
5.93481	0.00497106	2.89474	0.835204	0
5.92652	0.00407243	1.05263	0.513972	0
5.92035	0.00397439	1.84211	0.685296	0
5.93134	0.00459118	1.31579	0.578218	0
5.93064	0.00412144	2.10526	0.728127	0
5.92693	0.00420722	1.05263	0.513972	0
5.92778	0.00367213	1.05263	0.513972	0
5.92532	0.0039458	1.57895	0.642465	0
5.92291	0.00433385	0.789474	0.449725	0
5.92994	0.00535502	2.63158	0.89945	0
5.92808	0.00486077	1.31579	0.578218	0
5.92311	0.00471372	1.57895	0.642465	0
5.93139	0.00439512	1.84211	0.685296	0
5.93887	0.00551023	2.63158	0.89945	0
5.93837	0.00583701	2.10526	0.728127	0
5.92828	0.00484035	1.57895	0.642465	0
5.9322	0.00504866	2.36842	0.770957	0
5.93275	0.00468513	0.789474	0.449725	0
5.92873	0.00438695	1.31579	0.578218	0
5.92989	0.00414187	1.31579	0.578218	0
5.92738	0.00413778	0.789474	0.449725	0
5.92517	0.00445639	1.57895	0.642465	0
5.92371	0.00384368	1.05263	0.513972	0
5.92999	0.0054653	2.36842	0.856619	0
5.92693	0.00449315	0.789474	0.449725	0
5.92231	0.00461569	1.57895	0.642465	0
5.93104	0.00493429	2.89474	0.835204	0
5.93345	0.00480767	2.63158	0.813788	0
5.93159	0.00480358	1.84211	0.685296	0
5.92748	0.00528558	1.84211	0.685296	0
5.92165	0.00403566	0	0	0
5.9192	0.00385185	1.31579	0.578218	0
5.92411	0.00425215	0.789474	0.449725	0
5.92341	0.00453399	1.05263	0.513972	0
5.92396	0.00402341	0.789474	0.449725	0
5.9324	0.00526924	2.89474	0.835204	0
5.92868	0.00457484	1.31579	0.578218	0
5.92502	0.00448089	1.05263	0.513972	0
5.93079	0.00459935	1.31579	0.685296	0
5.9338	0.00500782	1.57895	0.642465	0
5.92748	0.00448089	2.10526	0.728127	0
5.93059	0.00506909	2.36842	0.770957	0
5.93812	0.00477499	1.84211	0.685296	0
5.92933	0.00436652	0.263158	0.256986	0
5.92913	0.00439103	1.57895	0.642465	0
5.93983	0.00499965	1.84211	0.685296	0
5.93727	0.00470147	2.36842	0.770957	0
5.92587	0.00461977	1.57895	0.728127	0
5.92642	0.00457076	1.31579	0.578218	0
5.92698	0.00479133	2.10526	0.728127	0
5.92512	0.00404792	1.84211	0.685296	0
5.92256	0.00402749	1.05263	0.513972	0
5.92547	0.00414595	1.05263	0.513972	0
5.92883	0.00427258	1.31579	0.578218	0
5.92452	0.00421539	2.10526	0.728127	0
5.92321	0.00401524	0.789474	0.449725	0
5.93235	0.00491387	1.57895	0.642465	0
5.93897	0.0051712	2.63158	0.89945	0
5.92888	0.00466879	1.57895	0.642465	0
5.93094	0.00470147	1.84211	0.685296	0
5.93466	0.00423581	1.05263	0.513972	0
5.92753	0.00442371	1.31579	0.578218	0
5.92979	0.00449315	2.10526	0.728127	0
5.93295	0.00457484	1.84211	0.685296	0
5.92989	0.00495472	1.84211	0.685296	0
5.92949	0.00459118	2.10526	0.728127	0
5.93235	0.00417863	1.31579	0.578218	0
5.92954	0.00449315	1.31579	0.578218	0
5.92667	0.00416637	1.31579	0.578218	0
5.92688	0.00461569	1.57895	0.642465	0
5.93235	0.0056777	3.15789	0.963697	0
5.93154	0.00503233	1.05263	0.513972	0
5.92682	0.00475048	2.10526	0.728127	0
5.93189	0.00538769	2.89474	0.835204	0
5.93039	0.00532234	2.89474	0.835204	0
5.92427	0.00490979	2.36842	0.770957	0
5.92918	0.00498739	1.84211	0.685296	0
5.93516	0.00505683	2.36842	0.770957	0
5.92868	0.0046933	1.31579	0.578218	0
5.92627	0.00491795	3.15789	0.878035	0
5.93059	0.00479541	1.05263	0.513972	0
5.93435	0.00508543	2.63158	0.813788	0
5.92933	0.00432159	2.10526	0.728127	0
5.93004	0.00461569	2.10526	0.728127	0
5.93189	0.00498331	2.10526	0.728127	0
5.93104	0.00432568	1.31579	0.578218	0
5.93109	0.00444005	0.789474	0.449725	0
5.93004	0.00428891	2.63158	0.813788	0
5.933	0.00498331	1.84211	0.685296	0
5.93215	0.00515487	2.63158	0.813788	0
5.93245	0.00463203	2.63158	0.89945	0
5.93265	0.00474231	1.57895	0.642465	0
5.92522	0.0041582	0.263158	0.256986	0
5.92376	0.00411327	0.789474	0.449725	0
5.93445	0.00475457	3.15789	0.878035	0
5.9327	0.00446455	1.57895	0.642465	0
5.92688	0.0046116	2.36842	0.770957	0
5.9337	0.00503233	2.63158	0.813788	0
5.93109	0.0046933	1.05263	0.513972	0
5.92918	0.00538769	1.31579	0.578218	0
5.92878	0.00486077	1.57895	0.642465	0
5.93215	0.00477499	2.10526	0.728127	0
5.93124	0.00450132	1.31579	0.578218	0
5.92858	0.00452583	2.63158	0.813788	0
5.93586	0.00511402	2.36842	0.770957	0
5.9333	0.00465245	1.57895	0.642465	0
5.92964	0.00436244	1.57895	0.642465	0
5.92627	0.00393355	0.526316	0.364063	0
5.93295	0.00410102	2.36842	0.770957	0
5.9345	0.00476682	1.31579	0.578218	0
5.93124	0.00463611	1.05263	0.513972	0
5.93621	0.00501599	2.63158	0.813788	0
5.93315	0.00461977	1.57895	0.642465	0
5.93004	0.00478724	2.10526	0.728127	0
5.92738	0.00478724	1.31579	0.578218	0
5.92672	0.00419497	0.526316	0.364063	0
5.93285	0.00452174	1.05263	0.513972	0
5.93154	0.00410919	1.31579	0.578218	0
5.92567	0.00447681	1.57895	0.642465	0
5.92527	0.00431751	1.31579	0.578218	0
5.92597	0.00459526	1.57895	0.728127	0
5.92808	0.00417863	1.31579	0.578218	0
5.93009	0.00473414	1.84211	0.685296	0
5.92994	0.0040806	0.789474	0.449725	0
5.92427	0.00438286	1.57895	0.642465	0
5.92396	0.0040806	1.05263	0.513972	0
5.93109	0.00452991	3.15789	0.963697	0
5.92597	0.00385594	1.84211	0.685296	0
5.92567	0.00478316	2.63158	0.813788	0
5.93049	0.00435427	2.10526	0.728127	0
5.92923	0.00473006	2.10526	0.728127	0
5.92723	0.00446455	1.84211	0.685296	0
5.93039	0.00486485	2.10526	0.728127	0
5.9331	0.00427258	1.84211	0.685296	0
5.93691	0.00498739	2.63158	0.813788	0
5.93606	0.00488936	2.36842	0.770957	0
5.93004	0.00464837	1.57895	0.642465	0
5.92622	0.00419497	1.31579	0.578218	0
5.92818	0.00454625	1.57895	0.642465	0
5.92452	0.00399482	0	0	0
5.92743	0.00454216	1.84211	0.685296	0
5.93455	0.00486077	2.10526	0.728127	0
5.92848	0.00403566	1.57895	0.642465	0
5.92201	0.0041868	1.31579	0.578218	0
5.92863	0.00439512	2.36842	0.770957	0
5.92657	0.00490979	2.10526	0.728127	0
5.92401	0.00466062	1.84211	0.685296	0
5.92487	0.00422764	1.84211	0.685296	0
5.92336	0.00387228	0.526316	0.364063	0
5.92873	0.00462794	1.31579	0.578218	0
5.92949	0.00440328	1.57895	0.728127	0
5.92432	0.00406017	1.57895	0.728127	0
5.92688	0.00449315	1.84211	0.685296	0
5.92838	0.00510585	1.31579	0.578218	0
5.92954	0.00510585	3.42105	0.920866	0
5.92798	0.00512219	2.10526	0.728127	0
5.92773	0.00481992	2.36842	0.770957	0
5.9338	0.00493429	1.05263	0.513972	0
5.92788	0.0041868	1.05263	0.513972	0
5.92442	0.00409285	1.05263	0.513972	0
5.92908	0.00399482	1.05263	0.513972	0
5.93044	0.0045871	2.63158	0.813788	0
5.93561	0.00492204	1.31579	0.578218	0
5.93104	0.00424398	2.10526	0.728127	0
5.92557	0.00515078	1.84211	0.770957	0
5.93104	0.00473823	1.84211	0.685296	0
5.93425	0.00435835	1.84211	0.685296	0
5.93295	0.00444413	1.84211	0.685296	0
5.93174	0.00458301	1.05263	0.642465	0
5.92647	0.00436652	1.84211	0.685296	0
5.9197	0.00498331	0	0	0
5.92376	0.00395397	1.05263	0.513972	0
5.92321	0.00412553	1.05263	0.513972	0
5.92507	0.00469738	1.57895	0.642465	0
5.92873	0.00419088	1.84211	0.685296	0
5.93104	0.00473823	1.84211	0.685296	0
5.92537	0.00428483	0.789474	0.449725	0
5.92271	0.00448089	2.10526	0.728127	0
5.93225	0.0046933	1.84211	0.685296	0
5.92989	0.005065	2.36842	0.856619	0
5.92893	0.00453808	0.789474	0.449725	0
5.92783	0.00449723	1.57895	0.642465	0
5.92893	0.00454216	2.36842	0.770957	0
5.93074	0.00452991	1.05263	0.513972	0
5.93325	0.0051998	2.89474	0.985112	0
5.93626	0.00510993	1.84211	0.685296	0
5.92672	0.00449315	0.526316	0.364063	0
5.92145	0.00430525	1.57895	0.642465	0
5.92421	0.00411736	1.05263	0.513972	0
5.92261	0.00355367	1.31579	0.578218	0
5.92898	0.00418271	1.31579	0.578218	0
5.93696	0.00486077	2.10526	0.728127	0
5.93014	0.00471372	0.789474	0.449725	0
5.92622	0.00417046	2.36842	0.770957	0
5.92381	0.00368438	1.05263	0.513972	0
5.9342	0.00481175	2.63158	0.813788	0
5.93681	0.0058656	2.63158	0.813788	0
5.92552	0.00497106	1.05263	0.513972	0
5.92236	0.00452583	1.84211	0.685296	0
5.92999	0.00477499	1.84211	0.685296	0
5.93139	0.00531417	1.05263	0.513972	0
5.93139	0.00470555	2.10526	0.728127	0
5.9327	0.00494655	1.57895	0.642465	0
5.93305	0.00496697	2.36842	0.770957	0
5.92813	0.00403566	1.31579	0.578218	0
5.93029	0.00505275	3.15789	0.878035	0
5.93445	0.00395397	1.31579	0.578218	0
5.92703	0.00475457	0.526316	0.364063	0
5.92758	0.0043992	1.57895	0.642465	0
5.92828	0.00450132	1.57895	0.642465	0
5.92893	0.00400299	0.526316	0.364063	0
5.93159	0.0045585	1.31579	0.578218	0
5.93385	0.00485668	1.57895	0.642465	0
5.93039	0.00466062	1.57895	0.642465	0
5.9327	0.00477499	2.63158	0.813788	0
5.93812	0.00533051	2.10526	0.728127	0
5.93069	0.0045585	1.57895	0.642465	0
5.92527	0.00410102	1.05263	0.513972	0
5.92808	0.00493021	1.05263	0.513972	0
5.92527	0.00440737	1.31579	0.578218	0
5.92773	0.00518346	2.10526	0.728127	0
5.9343	0.004293	2.36842	0.770957	0
5.92502	0.00463203	1.31579	0.578218	0
5.91864	0.00394989	1.05263	0.513972	0
5.92311	0.00399482	1.05263	0.513972	0
5.92321	0.00395397	0.526316	0.364063	0
5.92718	0.00448906	2.36842	0.856619	0
5.93199	0.00518346	1.84211	0.685296	0
5.93315	0.00548981	2.10526	0.728127	0
5.92878	0.00493838	2.63158	0.813788	0
5.92537	0.00427666	2.10526	0.728127	0
5.92808	0.00451766	1.84211	0.685296	0
5.92492	0.0039458	1.57895	0.642465	0
5.92853	0.00434201	1.05263	0.513972	0
5.92984	0.0039458	1.57895	0.642465	0
5.92401	0.00366804	0.789474	0.449725	0
5.92974	0.00433793	2.63158	0.813788	0
5.93551	0.00523656	1.84211	0.685296	0
5.92391	0.00395805	0.526316	0.364063	0
5.91859	0.00382734	0.526316	0.364063	0
5.92713	0.00416229	1.84211	0.685296	0
5.93009	0.0043992	1.31579	0.578218	0
5.92753	0.00387636	1.31579	0.578218	0
5.93044	0.00451766	2.36842	0.770957	0
5.93461	0.00500782	2.36842	0.770957	0
5.92738	0.00504049	1.31579	0.578218	0
5.92281	0.00404383	0.789474	0.449725	0
5.92396	0.00434201	1.05263	0.513972	0
5.92713	0.00473823	1.57895	0.642465	0
5.92497	0.00433385	1.05263	0.513972	0
5.92708	0.00475457	2.10526	0.728127	0
5.92888	0.00484443	0.789474	0.449725	0
5.93285	0.00482401	2.36842	0.770957	0
5.92883	0.00432568	1.05263	0.513972	0
5.93084	0.00435427	1.84211	0.685296	0
5.93109	0.00449315	1.57895	0.642465	0
5.92416	0.00444413	1.31579	0.578218	0
5.92647	0.00423173	1.57895	0.728127	0
5.93787	0.00473006	2.63158	0.813788	0
5.93385	0.0045054	1.31579	0.578218	0
5.93004	0.00464837	1.84211	0.685296	0
5.92793	0.00415412	0.789474	0.449725	0
5.92537	0.004052	1.31579	0.578218	0
5.93024	0.00432976	1.84211	0.685296	0
5.92979	0.00484035	1.57895	0.642465	0
5.92517	0.00436652	1.05263	0.513972	0
5.92652	0.00459935	1.84211	0.685296	0
5.93034	0.00424398	1.84211	0.685296	0
5.93205	0.00486894	1.84211	0.685296	0
5.92773	0.00473823	0.526316	0.364063	0
5.92196	0.0037865	0.789474	0.449725	0
5.92316	0.00394172	1.31579	0.578218	0
5.92492	0.00395397	0.789474	0.449725	0
5.92467	0.00392538	0.526316	0.364063	0
5.92863	0.00415003	0.789474	0.449725	0
5.92853	0.00510993	2.10526	0.728127	0
5.92667	0.00442779	1.05263	0.513972	0
5.92893	0.0046647	2.36842	0.770957	0
5.93129	0.00474231	1.84211	0.685296	0
5.92758	0.00451766	1.31579	0.578218	0
5.92587	0.00459526	1.31579	0.578218	0
5.92763	0.00441145	2.10526	0.728127	0
5.92979	0.00475457	2.36842	0.770957	0
5.9324	0.00450949	0.526316	0.364063	0
5.93506	0.00518754	3.68421	0.942281	0
5.93445	0.00462386	1.31579	0.578218	0
5.9329	0.00508543	2.10526	0.813788	0
5.93365	0.00489345	1.84211	0.685296	0
5.93586	0.00503641	2.89474	0.835204	0
5.93295	0.00475457	1.57895	0.642465	0
5.92698	0.00417454	2.10526	0.728127	0
5.92065	0.00379058	0.526316	0.364063	0
5.9199	0.00398256	1.84211	0.685296	0
5.92913	0.00386002	1.31579	0.578218	0
5.92843	0.00447681	1.84211	0.685296	0
5.92928	0.00467287	2.63158	0.813788	0
5.92773	0.0045585	1.57895	0.642465	0
5.92954	0.00442371	1.84211	0.685296	0
5.92984	0.00442779	0.789474	0.449725	0
5.92994	0.00436244	1.84211	0.685296	0
5.92979	0.00510585	2.10526	0.728127	0
5.92341	0.00475048	0.789474	0.449725	0
5.92793	0.00457076	1.84211	0.770957	0
5.93822	0.00471372	2.10526	0.728127	0
5.93691	0.0047995	2.63158	0.813788	0
5.9327	0.00488119	1.57895	0.642465	0
5.93711	0.00622097	2.63158	0.963697	0
5.93119	0.00542037	1.57895	0.642465	0
5.93109	0.00456667	1.84211	0.685296	0
5.93169	0.0045054	1.84211	0.685296	0
5.93149	0.00411736	1.84211	0.685296	0
5.93325	0.00476682	1.31579	0.578218	0
5.93476	0.00489345	1.84211	0.685296	0
5.93109	0.00381101	0.789474	0.449725	0
5.92989	0.00419905	1.05263	0.513972	0
5.93275	0.0043992	1.84211	0.685296	0
5.92818	0.00424807	1.31579	0.578218	0
5.93405	0.00456667	1.05263	0.513972	0
5.93611	0.00512219	2.10526	0.89945	0
5.92923	0.00502824	1.84211	0.770957	0
5.92828	0.00512219	1.57895	0.642465	0
5.93004	0.00445639	1.84211	0.685296	0
5.92853	0.00471372	1.57895	0.642465	0
5.92818	0.00444005	1.31579	0.578218	0
5.93064	0.00484443	1.84211	0.770957	0
5.92743	0.00438695	0.789474	0.449725	0
5.92547	0.00398256	1.05263	0.513972	0
5.92979	0.004293	1.31579	0.578218	0
5.92868	0.00378241	1.57895	0.642465	0
5.9339	0.00466062	2.63158	0.89945	0
5.94279	0.00572672	3.15789	0.878035	0
5.94128	0.005306	2.36842	0.770957	0
5.93064	0.00470964	2.63158	0.813788	0
5.93651	0.00475865	2.36842	0.770957	0
5.93305	0.00393763	1.84211	0.685296	0
5.92567	0.00407651	1.57895	0.642465	0
5.92723	0.00361086	0.789474	0.449725	0
5.93014	0.00373748	1.57895	0.642465	0
5.92833	0.00380692	1.84211	0.685296	0
5.92853	0.00450949	0.789474	0.449725	0
5.92693	0.00468513	2.10526	0.728127	0
5.92572	0.00411736	1.31579	0.578218	0
5.92246	0.00408468	0.789474	0.449725	0
5.92602	0.00403566	2.10526	0.728127	0
5.93004	0.00512627	2.36842	0.770957	0
5.93044	0.00545713	1.84211	0.685296	0
5.92823	0.00470555	1.31579	0.578218	0
5.93024	0.00433385	1.84211	0.685296	0
5.93491	0.00534685	2.10526	0.813788	0
5.93325	0.00532234	2.63158	0.813788	0
5.93009	0.00477908	2.10526	0.728127	0
5.92883	0.00505683	2.10526	0.728127	0
5.92572	0.00495063	1.05263	0.513972	0
5.92522	0.00467696	1.31579	0.685296	0
5.92753	0.00435018	1.57895	0.642465	0
5.92391	0.00393355	0.789474	0.449725	0
5.92883	0.00503233	2.10526	0.728127	0
5.93275	0.00510585	1.57895	0.728127	0
5.91849	0.00431751	0.789474	0.449725	0
5.92271	0.00403975	0.526316	0.364063	0
5.933	0.00469738	2.10526	0.728127	0
5.93225	0.00431342	1.84211	0.685296	0
5.92989	0.00400299	1.57895	0.642465	0
5.93385	0.0047995	4.73684	1.04936	0
5.93983	0.0057063	2.36842	0.770957	0
5.93837	0.00514261	2.89474	0.835204	0
5.9343	0.00488936	1.84211	0.685296	0
5.92778	0.00472189	1.84211	0.770957	0
5.9213	0.00368847	0.789474	0.449725	0
5.92176	0.00408876	0.789474	0.449725	0
5.93169	0.00478724	1.84211	0.685296	0
5.9339	0.00430934	2.36842	0.770957	0
5.93029	0.00497106	2.10526	0.728127	0
5.92933	0.00452174	2.63158	0.813788	0
5.93124	0.0047995	1.84211	0.685296	0
5.93144	0.00487711	1.31579	0.578218	0
5.92893	0.00446047	2.36842	0.770957	0
5.92798	0.00490162	1.05263	0.513972	0
5.92833	0.00436652	1.57895	0.642465	0
5.93119	0.0041868	1.84211	0.685296	0
5.93315	0.00448498	1.84211	0.685296	0
5.93812	0.00497922	0.526316	0.364063	0
5.93024	0.00444005	1.05263	0.513972	0
5.92632	0.00412553	1.31579	0.578218	0
5.93174	0.00426441	1.05263	0.513972	0
5.92959	0.00434201	1.05263	0.513972	0
5.93034	0.00441145	1.84211	0.685296	0
5.92748	0.00424807	1.84211	0.685296	0
5.92216	0.00426849	1.31579	0.578218	0
5.92753	0.00467696	2.10526	0.728127	0
5.93169	0.00491795	1.31579	0.578218	0
5.93014	0.00483218	1.31579	0.578218	0
5.93074	0.00454216	1.31579	0.578218	0
5.92788	0.00417454	1.57895	0.642465	0
5.92326	0.00431751	2.10526	0.728127	0
5.92457	0.00425215	1.57895	0.642465	0
5.93039	0.00417863	2.36842	0.770957	0
5.93034	0.00479133	1.84211	0.685296	0
5.92391	0.00475865	1.05263	0.513972	0
5.93461	0.0045871	2.89474	0.835204	0
5.93481	0.00448089	1.57895	0.642465	0
5.92959	0.00452174	2.89474	0.835204	0
5.93004	0.00500782	1.57895	0.642465	0
5.92954	0.00431751	1.05263	0.513972	0
5.92617	0.00407651	1.57895	0.642465	0
5.93807	0.00430934	2.10526	0.728127	0
5.93556	0.00502007	1.84211	0.770957	0
5.92647	0.00419088	1.57895	0.642465	0
5.92231	0.00412553	1.57895	0.642465	0
5.92672	0.00411327	0.526316	0.364063	0
5.93039	0.00470964	1.57895	0.642465	0
5.93646	0.00560827	3.42105	0.920866	0
5.93531	0.00474231	2.10526	0.728127	0
5.92969	0.00467287	3.15789	0.878035	0
5.92918	0.00502824	1.31579	0.578218	0
5.92155	0.00421539	1.05263	0.513972	0
5.92964	0.00475457	2.89474	0.835204	0
5.93526	0.00512627	1.84211	0.685296	0
5.92627	0.00516712	1.05263	0.513972	0
5.92437	0.0050119	1.05263	0.513972	0
5.93626	0.00469738	1.84211	0.685296	0
5.9338	0.00475048	2.10526	0.728127	0
5.92768	0.0049588	2.36842	0.770957	0
5.93631	0.00532234	1.84211	0.685296	0
5.93315	0.00482401	0.263158	0.256986	0
5.92421	0.00463203	1.57895	0.642465	0
5.93019	0.00537544	1.31579	0.685296	0
5.94073	0.00613519	2.89474	0.920866	0
5.92617	0.00454216	2.36842	0.770957	0
5.92597	0.00461569	1.31579	0.578218	0
5.93827	0.00551023	2.36842	0.856619	0
5.9344	0.00513444	2.10526	0.728127	0
5.92316	0.00468513	1.84211	0.685296	0
5.92888	0.00518346	1.31579	0.578218	0
5.93104	0.00466062	2.36842	0.770957	0
5.92883	0.00424807	1.57895	0.642465	0
5.92718	0.00435018	1.05263	0.513972	0
5.93496	0.00443596	2.89474	0.835204	0
5.93852	0.00518754	2.63158	0.813788	0
5.93491	0.00548164	2.36842	0.942281	0
5.93225	0.005065	2.63158	0.813788	0
5.92708	0.00502416	1.57895	0.642465	0
5.9327	0.00488936	2.36842	0.770957	0
5.93867	0.00539995	2.36842	0.770957	0
5.92999	0.00498331	1.84211	0.685296	0
5.91829	0.00449315	0.526316	0.364063	0
5.92171	0.00419905	0.526316	0.364063	0
5.9321	0.00437878	1.84211	0.685296	0
5.92682	0.00420314	1.05263	0.513972	0
5.92452	0.00444822	2.10526	0.728127	0
5.93571	0.00470555	2.10526	0.728127	0
5.93501	0.00459935	2.10526	0.728127	0
5.92497	0.00432568	2.10526	0.728127	0
5.9325	0.00516712	1.57895	0.642465	0
5.9331	0.00519163	1.57895	0.728127	0
5.92908	0.00461977	1.57895	0.642465	0
5.92768	0.0044523	1.31579	0.578218	0
5.94008	0.005065	2.89474	0.835204	0
5.93972	0.00459935	2.10526	0.728127	0
5.92713	0.00434201	1.05263	0.513972	0
5.92979	0.00437469	1.84211	0.685296	0
5.93049	0.00444005	1.31579	0.578218	0
5.92723	0.00386819	0.526316	0.364063	0
5.92602	0.00432568	1.57895	0.642465	0
5.92587	0.00423581	1.84211	0.685296	0
5.92984	0.00460752	2.10526	0.728127	0
5.92828	0.00435427	1.31579	0.578218	0
5.93084	0.00472597	2.10526	0.728127	0
5.93129	0.00467287	1.05263	0.642465	0
5.92381	0.0043461	0.789474	0.449725	0
5.92903	0.00488119	2.10526	0.728127	0
5.93892	0.00456259	1.57895	0.642465	0
5.93094	0.00464428	1.57895	0.642465	0
5.92803	0.00470147	0.789474	0.449725	0
5.92743	0.00421947	2.10526	0.813788	0
5.92858	0.00457484	1.31579	0.578218	0
5.92688	0.00455033	1.57895	0.642465	0
5.92487	0.00412553	1.31579	0.578218	0
5.92201	0.00388045	1.05263	0.513972	0
5.92828	0.00451766	1.57895	0.642465	0
5.93134	0.00397848	1.31579	0.578218	0
5.92813	0.00452583	1.84211	0.770957	0
5.93059	0.00468513	2.36842	0.856619	0
5.92672	0.00443188	0.789474	0.449725	0
5.92572	0.00415412	1.05263	0.513972	0
5.93044	0.00446864	1.57895	0.642465	0
5.92567	0.00417046	1.05263	0.513972	0
5.9194	0.00377424	0.789474	0.449725	0
5.91965	0.00425624	1.05263	0.513972	0
5.92015	0.00392946	1.57895	0.642465	0
5.92878	0.00430525	2.36842	0.770957	0
5.93325	0.00441145	1.84211	0.685296	0
5.9333	0.00451766	3.15789	0.878035	0
5.93149	0.00437061	1.57895	0.642465	0
5.92743	0.00522022	1.31579	0.578218	0
5.92577	0.00448906	1.57895	0.642465	0
5.92908	0.00467696	2.10526	0.728127	0
5.92898	0.00433793	1.84211	0.685296	0
5.92723	0.00486894	1.84211	0.685296	0
5.92828	0.00470964	2.10526	0.728127	0
5.92964	0.0051467	1.84211	0.685296	0
5.92828	0.00496289	1.84211	0.685296	0
5.92753	0.00467287	0.789474	0.449725	0
5.92718	0.004293	0.526316	0.364063	0
5.93099	0.00508543	2.89474	0.835204	0
5.93139	0.0051181	1.05263	0.513972	0
5.92522	0.00408876	1.05263	0.513972	0
5.92577	0.00441145	1.57895	0.642465	0
5.93295	0.00404792	1.31579	0.578218	0
5.92427	0.00453399	1.05263	0.513972	0
5.92632	0.00419497	1.05263	0.513972	0
5.93104	0.00395397	0.789474	0.449725	0
5.93134	0.00448498	1.84211	0.685296	0
5.9322	0.00498739	1.57895	0.642465	0
5.93074	0.00456259	2.36842	0.770957	0
5.93039	0.00497514	1.57895	0.642465	0
5.92708	0.00416637	1.84211	0.685296	0
5.92718	0.00426849	1.84211	0.685296	0
5.93169	0.00412961	0.789474	0.449725	0
5.92778	0.00435427	1.31579	0.578218	0
5.92838	0.00470964	1.31579	0.578218	0
5.92798	0.00500782	2.10526	0.728127	0
5.92487	0.00470964	1.31579	0.578218	0
5.92421	0.00422356	0.526316	0.364063	0
5.92502	0.00385594	1.84211	0.685296	0
5.93024	0.00444413	2.10526	0.728127	0
5.9329	0.00510585	2.10526	0.728127	0
5.9344	0.0053591	2.36842	0.770957	0
5.92557	0.0044523	0.789474	0.449725	0
5.92391	0.00430117	2.10526	0.728127	0
5.93094	0.00428483	1.31579	0.578218	0
5.93009	0.00449723	1.57895	0.642465	0
5.92938	0.00417454	1.57895	0.642465	0
5.93139	0.00442779	0.789474	0.449725	0
5.93315	0.00455033	1.31579	0.685296	0
5.93014	0.0050936	1.84211	0.685296	0
5.93646	0.00532642	2.10526	0.728127	0
5.93541	0.00459935	1.05263	0.513972	0
5.92974	0.00504049	1.31579	0.578218	0
5.93034	0.00494246	1.31579	0.578218	0
5.92848	0.0045585	1.57895	0.642465	0
5.93139	0.00458301	1.05263	0.513972	0
5.93034	0.00470147	1.84211	0.770957	0
5.9337	0.00416637	2.63158	0.813788	0
5.9322	0.00467696	1.31579	0.578218	0
5.92798	0.00471781	1.31579	0.578218	0
5.93345	0.00506909	2.10526	0.728127	0
5.92999	0.00473823	2.36842	0.770957	0
5.92923	0.00481584	2.63158	0.813788	0
5.93159	0.00443188	0.789474	0.449725	0
5.92738	0.00455033	1.84211	0.685296	0
5.92723	0.00452991	1.84211	0.685296	0
5.9328	0.00517937	1.57895	0.642465	0
5.92944	0.00437061	1.31579	0.578218	0
5.92241	0.00432976	1.31579	0.578218	0
5.91975	0.00351282	1.31579	0.578218	0
5.92622	0.00426441	1.84211	0.685296	0
5.92728	0.00440737	1.05263	0.513972	0
5.92371	0.00437469	1.84211	0.685296	0
5.92567	0.00392129	0.789474	0.449725	0
5.93189	0.00428483	1.84211	0.685296	0
5.9324	0.00454625	1.31579	0.578218	0
5.92251	0.00390904	0.789474	0.449725	0
5.91925	0.00356593	0.263158	0.256986	0
5.92391	0.0034393	0.526316	0.364063	0
5.93255	0.00457893	1.57895	0.642465	0
5.92637	0.00434201	1.84211	0.685296	0
5.92728	0.00444413	1.57895	0.642465	0
5.92898	0.00457076	1.84211	0.685296	0
5.93099	0.00487302	1.57895	0.642465	0
5.93074	0.00469738	1.05263	0.513972	0
5.93199	0.00545305	2.63158	0.813788	0
5.92728	0.00439103	1.57895	0.642465	0
5.92627	0.00492204	1.84211	0.685296	0
5.92954	0.00454625	1.84211	0.770957	0
5.92808	0.00403158	0.789474	0.449725	0
5.92602	0.00419088	1.31579	0.578218	0
5.92532	0.00455442	1.57895	0.642465	0
5.93119	0.00479541	2.10526	0.728127	0
5.92979	0.00435835	1.31579	0.578218	0
5.92632	0.0039989	1.31579	0.578218	0
5.92853	0.00392129	1.05263	0.513972	0
5.93074	0.00422764	1.05263	0.513972	0
5.93134	0.00425624	2.36842	0.856619	0
5.92959	0.00420722	1.31579	0.578218	0
5.93375	0.00482809	1.57895	0.642465	0
5.93998	0.00570221	3.15789	0.963697	0
5.93706	0.00493021	2.36842	0.770957	0
5.9322	0.00476274	2.36842	0.856619	0
5.92838	0.00454625	2.10526	0.728127	0
5.92572	0.00468513	1.05263	0.513972	0
5.93024	0.00499965	2.89474	0.920866	0
5.93315	0.00484851	1.31579	0.578218	0
5.92883	0.00457076	1.05263	0.513972	0
5.92718	0.00480767	1.84211	0.685296	0
5.92913	0.00472597	1.31579	0.578218	0
5.92502	0.00406426	1.57895	0.642465	0
5.92507	0.00392946	1.05263	0.513972	0
5.92532	0.00409285	0.526316	0.364063	0
5.92512	0.00467287	1.57895	0.642465	0
5.93596	0.00526924	2.63158	0.813788	0
5.93676	0.00460752	2.63158	0.813788	0
5.92351	0.00472189	1.84211	0.685296	0
5.92165	0.00473823	1.05263	0.513972	0
5.93119	0.00462794	1.31579	0.578218	0
5.93164	0.00464837	1.84211	0.685296	0
5.92587	0.00418271	1.84211	0.685296	0
5.92522	0.00411327	0.263158	0.256986	0
5.91889	0.00419497	0.526316	0.364063	0
5.92637	0.00416229	1.84211	0.685296	0
5.93189	0.00450132	1.57895	0.642465	0
5.92808	0.00450132	1.57895	0.642465	0
5.9322	0.00483626	2.63158	0.813788	0
5.92622	0.00432568	1.57895	0.642465	0
5.9208	0.00463203	2.10526	0.728127	0
5.93671	0.00460752	1.31579	0.578218	0
5.93757	0.00489345	2.36842	0.856619	0
5.92135	0.00480767	1.05263	0.513972	0
5.91483	0.00380284	0.789474	0.449725	0
5.9206	0.00384777	1.05263	0.513972	0
5.92416	0.00450949	1.05263	0.513972	0
5.93014	0.00419497	2.63158	0.813788	0
5.93215	0.00484443	1.84211	0.685296	0
5.92251	0.00404792	0.789474	0.449725	0
5.91995	0.00371706	0.526316	0.364063	0
5.92236	0.00415003	0.526316	0.364063	0
5.92733	0.00440737	1.31579	0.578218	0
5.93014	0.00441554	1.31579	0.578218	0
5.93034	0.00477091	1.84211	0.685296	0
5.92908	0.00432568	1.84211	0.685296	0
5.92878	0.00433793	1.05263	0.513972	0
5.93029	0.00454216	0.789474	0.449725	0
5.93029	0.00426849	2.36842	0.770957	0
5.93149	0.00456259	2.36842	0.770957	0
5.93335	0.00459935	1.05263	0.642465	0
5.93024	0.00476682	1.84211	0.685296	0
5.92803	0.00381509	2.10526	0.728127	0
5.93039	0.00469738	2.89474	0.835204	0
5.92863	0.00419497	2.10526	0.728127	0
5.92492	0.00458301	2.10526	0.728127	0
5.92642	0.00464837	1.31579	0.578218	0
5.92713	0.00499556	2.36842	0.856619	0
5.92738	0.0042399	1.57895	0.642465	0
5.92366	0.00399073	0.789474	0.449725	0
5.92421	0.00458301	2.36842	0.770957	0
5.92793	0.00468921	2.10526	0.728127	0
5.92803	0.0042399	1.31579	0.578218	0
5.92587	0.00368847	0.789474	0.449725	0
5.92105	0.00393763	0.789474	0.449725	0
5.92793	0.00422764	1.57895	0.642465	0
5.93255	0.00473823	2.36842	0.770957	0
5.92969	0.00446864	1.31579	0.578218	0
5.92105	0.00451357	1.31579	0.578218	0
5.92753	0.00489345	2.10526	0.728127	0
5.92677	0.00470555	1.57895	0.642465	0
5.92487	0.00409285	2.63158	0.813788	0
5.93064	0.00488528	1.57895	0.642465	0
5.92462	0.00396214	1.05263	0.513972	0
5.92241	0.00400299	1.31579	0.578218	0
5.92959	0.00392129	1.31579	0.578218	0
5.92923	0.00363128	1.05263	0.513972	0
5.92994	0.00443188	2.89474	0.835204	0
5.93501	0.00470964	2.63158	0.813788	0
5.93079	0.00480358	1.57895	0.642465	0
5.92296	0.00386411	0.526316	0.364063	0
5.9202	0.00431751	0.789474	0.449725	0
5.92682	0.00432159	1.05263	0.513972	0
5.93054	0.00468104	2.10526	0.728127	0
5.92432	0.0043461	1.31579	0.578218	0
5.92085	0.00444822	1.05263	0.513972	0
5.93134	0.00481584	2.10526	0.728127	0
5.93476	0.00482401	1.05263	0.513972	0
5.92949	0.00459526	2.36842	0.770957	0
5.92778	0.00489753	2.10526	0.728127	0
5.92743	0.00480767	1.31579	0.578218	0
5.93134	0.00506092	1.84211	0.685296	0
5.933	0.0048526	1.05263	0.513972	0
5.92381	0.00436244	1.31579	0.578218	0
5.92567	0.0046116	2.10526	0.728127	0
5.93235	0.00481992	0.526316	0.364063	0
5.92672	0.00434201	1.57895	0.642465	0
5.92532	0.00466879	1.57895	0.642465	0
5.92667	0.00414595	1.57895	0.642465	0
5.92191	0.00362311	1.05263	0.513972	0
5.92552	0.00440737	1.05263	0.513972	0
5.93415	0.00457893	2.89474	0.835204	0
5.92878	0.00415412	0.263158	0.256986	0
5.92366	0.00372931	1.05263	0.513972	0
5.93104	0.00481175	2.10526	0.728127	0
5.94003	0.00494246	2.36842	0.770957	0
5.93722	0.00531417	1.84211	0.685296	0
5.93104	0.00476274	1.84211	0.685296	0
5.92557	0.00431342	1.31579	0.578218	0
5.9203	0.00465245	1.31579	0.578218	0
5.92447	0.00464428	1.05263	0.513972	0
5.92984	0.00484851	2.36842	0.770957	0
5.9322	0.00524064	2.36842	0.770957	0
5.93159	0.00516304	1.57895	0.642465	0
5.92176	0.00392129	1.84211	0.685296	0
5.91975	0.00420722	1.05263	0.513972	0
5.92452	0.00423173	1.31579	0.578218	0
5.92949	0.00418271	1.31579	0.578218	0
5.93129	0.00393355	1.57895	0.642465	0
5.93064	0.00449315	1.31579	0.578218	0
5.93355	0.00466062	1.05263	0.513972	0
5.93461	0.00463203	2.10526	0.728127	0
5.93812	0.00478316	2.89474	0.835204	0
5.93486	0.00414187	2.36842	0.770957	0
5.92487	0.00437878	1.05263	0.513972	0
5.92432	0.00444413	1.05263	0.513972	0
5.92933	0.00413778	1.05263	0.513972	0
5.93696	0.00460752	2.63158	0.813788	0
5.93521	0.0046402	1.57895	0.728127	0
5.92517	0.00390495	1.84211	0.685296	0
5.92502	0.00401524	1.57895	0.642465	0
5.92994	0.00459935	1.84211	0.685296	0
5.93159	0.00462794	1.31579	0.578218	0
5.92682	0.00504458	2.10526	0.728127	0
5.9328	0.00519163	2.10526	0.728127	0
5.93445	0.00484035	1.05263	0.513972	0
5.93114	0.00481584	1.84211	0.685296	0
5.9334	0.00462386	2.36842	0.770957	0
5.92376	0.00396622	0.789474	0.449725	0
5.91744	0.00419088	1.31579	0.578218	0
5.92994	0.00484851	1.31579	0.578218	0
5.9327	0.00446864	1.05263	0.513972	0
5.92236	0.00407651	1.31579	0.578218	0
5.92773	0.00463611	0.526316	0.364063	0
5.93275	0.00446455	2.36842	0.770957	0
5.92708	0.00466062	1.57895	0.642465	0
5.92763	0.00466879	1.57895	0.642465	0
5.93159	0.0045054	1.57895	0.642465	0
5.92607	0.00394172	0.263158	0.256986	0
5.92778	0.00432159	2.89474	0.835204	0
5.93159	0.00437469	1.84211	0.685296	0
5.92612	0.00406017	1.57895	0.642465	0
5.92231	0.00447272	1.57895	0.642465	0
5.92873	0.00414187	1.05263	0.513972	0
5.93385	0.0045054	3.15789	0.878035	0
5.9327	0.00428483	1.84211	0.685296	0
5.92954	0.00478724	1.57895	0.642465	0
5.93039	0.00457076	2.10526	0.728127	0
5.93285	0.00476682	2.63158	0.813788	0
5.92552	0.00482809	1.31579	0.578218	0
5.92527	0.00450132	1.05263	0.513972	0
5.92522	0.00456667	1.57895	0.642465	0
5.92206	0.00381509	1.05263	0.513972	0
5.92241	0.00440328	1.31579	0.578218	0
5.93355	0.00485668	2.89474	0.835204	0
5.92411	0.00459935	2.10526	0.728127	0
5.91724	0.00416229	0.526316	0.364063	0
5.92738	0.00436652	1.57895	0.642465	0
5.92893	0.00485668	1.84211	0.685296	0
5.92667	0.00523247	1.84211	0.685296	0
5.92738	0.00449723	1.31579	0.578218	0
5.92632	0.00441554	0.526316	0.364063	0
5.91985	0.00406017	1.05263	0.513972	0
5.92296	0.00414187	1.31579	0.578218	0
5.93004	0.00465653	2.63158	0.89945	0
5.93004	0.00461977	1.31579	0.578218	0
5.92863	0.00429708	1.57895	0.642465	0
5.92582	0.00431342	1.57895	0.642465	0
5.92838	0.0046402	1.05263	0.513972	0
5.93084	0.00468921	2.10526	0.813788	0
5.92938	0.00437878	1.31579	0.578218	0
5.92572	0.00413778	1.31579	0.578218	0
5.92863	0.00428074	1.31579	0.578218	0
5.92677	0.00399073	1.57895	0.642465	0
5.92442	0.00422764	0.263158	0.256986	0
5.93169	0.00451357	1.57895	0.642465	0
5.93435	0.00468921	1.31579	0.578218	0
5.93079	0.00493429	0.526316	0.364063	0
5.92391	0.00510177	1.31579	0.685296	0
5.92477	0.00461569	1.57895	0.642465	0
5.9321	0.00486894	2.36842	0.770957	0
5.92708	0.00446864	1.57895	0.642465	0
5.92783	0.00484035	1.84211	0.685296	0
5.93265	0.00484443	2.10526	0.728127	0
5.93069	0.00461977	1.05263	0.513972	0
5.92933	0.00443596	2.63158	0.813788	0
5.9331	0.00442371	0.789474	0.449725	0
5.92587	0.00433385	1.05263	0.513972	0
5.92266	0.00411736	0.789474	0.449725	0
5.92763	0.00379058	1.31579	0.578218	0
5.93074	0.00472597	1.57895	0.728127	0
5.93797	0.00538361	2.36842	0.770957	0
5.93054	0.00463203	0.263158	0.256986	0
5.9193	0.00471372	1.57895	0.642465	0
5.93466	0.00485668	1.57895	0.642465	0
5.93149	0.00569404	0.789474	0.449725	0
5.92211	0.00421947	1.05263	0.513972	0
5.92713	0.00443596	1.31579	0.578218	0
5.92863	0.00454216	1.05263	0.513972	0
5.92838	0.00469738	1.31579	0.578218	0
5.92858	0.00473823	1.31579	0.578218	0
5.93014	0.00480767	2.63158	0.813788	0
5.92557	0.00449723	0.789474	0.449725	0
5.92964	0.00518346	2.89474	0.835204	0
5.93461	0.00504458	2.10526	0.728127	0
5.92933	0.00463611	1.31579	0.578218	0
5.93395	0.00494246	1.05263	0.513972	0
5.93621	0.00459526	2.36842	0.770957	0
5.9344	0.00416637	2.10526	0.728127	0
5.92989	0.00435427	1.31579	0.578218	0
5.92853	0.0046402	2.89474	0.920866	0
5.93089	0.00495472	1.05263	0.513972	0
5.93606	0.00481992	3.15789	0.963697	0
5.93626	0.00447681	1.84211	0.685296	0
5.92703	0.00426441	1.57895	0.642465	0
5.92888	0.00470964	2.63158	0.89945	0
5.92677	0.00423173	0.789474	0.449725	0
5.92311	0.00386819	1.05263	0.513972	0
5.93255	0.00468104	2.36842	0.770957	0
5.93576	0.00461569	1.31579	0.578218	0
5.9208	0.00436652	0.789474	0.449725	0
5.92226	0.00458301	2.10526	0.813788	0
5.93174	0.00515487	1.57895	0.642465	0
5.92813	0.0046647	1.31579	0.578218	0
5.92758	0.00450949	1.57895	0.642465	0
5.93701	0.00549389	2.10526	0.728127	0
5.93531	0.00571447	2.10526	0.728127	0
5.93079	0.00504049	2.10526	0.728127	0
5.93059	0.00473414	0.789474	0.449725	0
5.92085	0.00404792	1.05263	0.513972	0
5.91834	0.00425624	1.05263	0.513972	0
5.9324	0.00477499	3.15789	0.878035	0
5.9341	0.00441554	1.84211	0.685296	0
5.92723	0.00447272	1.31579	0.578218	0
5.92552	0.004052	1.57895	0.642465	0
5.93034	0.00473006	2.36842	0.856619	0
5.92833	0.00477091	2.89474	0.920866	0
5.92868	0.00432568	1.05263	0.513972	0
5.92361	0.00400299	1.57895	0.642465	0
5.92728	0.00436652	2.10526	0.728127	0
5.9324	0.00414595	1.57895	0.642465	0
5.93215	0.00443596	1.57895	0.642465	0
5.92883	0.0046647	1.31579	0.578218	0
5.92271	0.00400707	0.526316	0.364063	0
5.92482	0.00384777	1.31579	0.578218	0
5.93225	0.00391312	1.57895	0.642465	0
5.92728	0.00370072	0.526316	0.364063	0
5.92708	0.00432568	1.57895	0.642465	0
5.93069	0.00464428	1.57895	0.642465	0
5.92582	0.00427666	1.05263	0.513972	0
5.92818	0.00437061	2.36842	0.770957	0
5.92944	0.00545713	0.789474	0.449725	0
5.92537	0.00428074	1.31579	0.578218	0
5.93024	0.00506092	2.10526	0.728127	0
5.92964	0.00505683	1.57895	0.642465	0
5.92115	0.00421539	1.57895	0.642465	0
5.92682	0.0046647	2.10526	0.728127	0
5.93144	0.00499556	1.84211	0.685296	0
5.92452	0.0041868	1.05263	0.513972	0
5.92778	0.00397439	0.789474	0.449725	0
5.92913	0.00440328	1.05263	0.513972	0
5.92301	0.00444005	1.84211	0.685296	0
5.91879	0.00361903	0.263158	0.256986	0
5.92667	0.00417046	1.84211	0.685296	0
5.9322	0.0041337	2.36842	0.770957	0
5.9332	0.00438695	2.10526	0.728127	0
5.92813	0.00381509	1.31579	0.578218	0
5.93149	0.00470964	1.05263	0.513972	0
5.93194	0.00461977	2.36842	0.770957	0
5.92607	0.00452174	2.10526	0.728127	0
5.92517	0.0049057	2.36842	0.770957	0
5.92582	0.00403975	0.789474	0.449725	0
5.92893	0.00462386	2.10526	0.728127	0
5.92778	0.0042399	2.36842	0.770957	0
5.92627	0.00494246	0.526316	0.364063	0
5.9335	0.00420314	1.84211	0.685296	0
5.93225	0.00489345	1.84211	0.685296	0
5.92411	0.00394172	1.05263	0.513972	0
5.92698	0.00448089	0.789474	0.449725	0
5.9342	0.00424398	2.10526	0.728127	0
5.93159	0.00479541	1.84211	0.685296	0
5.92356	0.00398256	0.526316	0.364063	0
5.92391	0.00401932	1.31579	0.578218	0
5.93481	0.00437469	1.84211	0.685296	0
5.93054	0.00436652	2.36842	0.770957	0
5.92105	0.00405609	1.57895	0.642465	0
5.92427	0.00423173	1.31579	0.578218	0
5.92562	0.00417454	1.31579	0.578218	0
5.92838	0.00444005	0.789474	0.449725	0
5.92873	0.00390904	1.57895	0.642465	0
5.92351	0.00371706	0.789474	0.449725	0
5.92723	0.00423581	1.84211	0.770957	0
5.93069	0.00462386	1.84211	0.685296	0
5.93054	0.00407651	1.31579	0.578218	0
5.92723	0.00421947	1.05263	0.513972	0
5.92778	0.00444413	1.57895	0.642465	0
5.92984	0.00483626	1.57895	0.642465	0
5.92853	0.00443188	2.10526	0.728127	0
5.92592	0.00488528	1.57895	0.728127	0
5.91995	0.00415003	1.57895	0.642465	0
5.91859	0.00447681	1.05263	0.513972	0
5.93345	0.00465653	2.63158	0.813788	0
5.9337	0.00498331	1.84211	0.685296	0
5.93169	0.00527332	2.36842	0.770957	0
5.92773	0.00428483	1.31579	0.578218	0
5.92868	0.0043992	1.57895	0.642465	0
5.93064	0.00464837	1.84211	0.685296	0
5.92923	0.0041051	0.789474	0.449725	0
5.92808	0.00451357	1.84211	0.685296	0
5.92883	0.00438695	2.63158	0.813788	0
5.93586	0.00455442	2.63158	0.813788	0
5.92848	0.00460752	1.57895	0.642465	0
5.92351	0.00444822	1.84211	0.685296	0
5.93546	0.0049588	1.31579	0.578218	0
5.93571	0.00479541	0.789474	0.449725	0
5.93044	0.00490162	1.31579	0.578218	0
5.93656	0.00560418	2.36842	0.770957	0
5.93536	0.00468513	1.84211	0.685296	0
5.92065	0.00439103	1.05263	0.513972	0
5.92191	0.00385594	0.263158	0.256986	0
5.92557	0.00377833	1.05263	0.513972	0
5.92793	0.00425624	1.31579	0.578218	0
5.92969	0.00406834	1.57895	0.642465	0
5.93305	0.00495472	2.89474	0.920866	0
5.92999	0.0046402	1.05263	0.513972	0
5.92115	0.00430934	1.05263	0.513972	0
5.92743	0.00385594	2.10526	0.728127	0
5.92858	0.00382326	0.263158	0.256986	0
5.92386	0.00376199	1.05263	0.513972	0
5.92577	0.00413778	2.10526	0.728127	0
5.92432	0.00400299	0.526316	0.364063	0
5.92251	0.004052	1.31579	0.578218	0
5.92672	0.00442779	1.57895	0.642465	0
5.92482	0.00457484	1.57895	0.642465	0
5.92391	0.00442779	1.05263	0.513972	0
5.92662	0.00432159	1.84211	0.685296	0
5.93049	0.00522022	1.57895	0.642465	0
5.93019	0.00456667	1.31579	0.578218	0
5.92662	0.00416229	1.84211	0.685296	0
5.92703	0.00409285	2.10526	0.728127	0
5.93124	0.0046647	1.57895	0.642465	0
5.92452	0.00371297	0.789474	0.449725	0
5.92376	0.00398665	0.789474	0.449725	0
5.93129	0.00440328	2.10526	0.728127	0
5.92843	0.00457076	2.63158	0.89945	0
5.92808	0.00486894	0.789474	0.449725	0
5.93225	0.00453808	1.84211	0.685296	0
5.93104	0.00460752	2.63158	0.813788	0
5.93034	0.0045054	2.10526	0.728127	0
5.92758	0.00409693	2.10526	0.728127	0
5.92432	0.00430117	1.84211	0.685296	0
5.92547	0.0045585	1.84211	0.685296	0
5.92954	0.0050936	2.10526	0.728127	0
5.92788	0.0044523	0.263158	0.256986	0
5.92517	0.00411736	1.84211	0.685296	0
5.92718	0.00430117	1.84211	0.685296	0
5.92813	0.00442371	1.05263	0.513972	0
5.93169	0.00428483	2.63158	0.813788	0
5.92587	0.00399073	1.57895	0.642465	0
5.92738	0.00486894	1.57895	0.642465	0
5.92863	0.00447272	2.10526	0.728127	0
5.92848	0.00457076	1.05263	0.642465	0
5.93084	0.00492612	0.789474	0.449725	0
5.92969	0.00437061	0.789474	0.449725	0
5.92627	0.00441554	0.789474	0.449725	0
5.92923	0.0047464	1.57895	0.642465	0
5.93792	0.00561643	3.94737	0.963697	0
5.93862	0.00596772	1.57895	0.642465	0
5.92938	0.00524473	1.31579	0.578218	0
5.92908	0.00478724	1.31579	0.578218	0
5.92783	0.00441145	1.31579	0.578218	0
5.92572	0.00423173	1.31579	0.578218	0
5.9204	0.00400299	0.526316	0.364063	0
5.9201	0.00414187	1.31579	0.578218	0
5.92708	0.00476682	1.84211	0.685296	0
5.93179	0.00553066	2.36842	0.770957	0
5.93034	0.00487711	2.10526	0.728127	0
5.93129	0.00477091	1.84211	0.685296	0
5.9331	0.00472189	1.84211	0.685296	0
5.92587	0.00478724	1.31579	0.578218	0
5.92346	0.00454625	1.57895	0.642465	0
5.92818	0.00482809	1.57895	0.642465	0
5.92035	0.00388045	0.789474	0.449725	0
5.92693	0.00383551	1.84211	0.685296	0
5.93174	0.00432976	1.05263	0.513972	0
5.92828	0.00478316	2.89474	0.835204	0
5.92758	0.00452991	0.526316	0.364063	0
5.93069	0.0046402	2.10526	0.728127	0
5.93029	0.00468104	2.10526	0.728127	0
5.92667	0.0045585	1.57895	0.642465	0
5.92572	0.00419497	1.05263	0.513972	0
5.93024	0.00441554	2.10526	0.728127	0
5.93059	0.00484035	1.84211	0.685296	0
5.92974	0.00481584	2.10526	0.728127	0
5.92321	0.00452991	0.263158	0.256986	0
5.92833	0.0047464	3.15789	0.878035	0
5.93235	0.00448089	1.31579	0.578218	0
5.92622	0.00401932	0.526316	0.364063	0
5.91749	0.00459526	1.05263	0.513972	0
5.92748	0.00437061	1.84211	0.685296	0
5.93355	0.00488936	1.31579	0.578218	0
5.93029	0.00487711	1.57895	0.642465	0
5.92758	0.00462386	1.57895	0.642465	0
5.92748	0.00448089	1.84211	0.685296	0
5.92642	0.00476682	1.57895	0.642465	0
5.93345	0.00476682	0.526316	0.364063	0
5.92396	0.00425624	1.05263	0.513972	0
5.92191	0.00411736	1.57895	0.642465	0
5.92868	0.00455033	1.31579	0.578218	0
5.92783	0.0039458	1.84211	0.685296	0
5.93511	0.00462794	1.57895	0.642465	0
5.93661	0.00476274	2.10526	0.728127	0
5.93571	0.00456259	2.36842	0.770957	0
5.92933	0.00454625	1.84211	0.685296	0
5.92291	0.00433793	1.05263	0.513972	0
5.92688	0.00423581	0.789474	0.449725	0
5.9338	0.00484443	2.63158	0.813788	0
5.92843	0.00438695	1.05263	0.513972	0
5.92763	0.00432976	0.526316	0.364063	0
5.93481	0.0046402	1.84211	0.685296	0
5.92913	0.00404383	1.31579	0.578218	0
5.92065	0.00386819	0.789474	0.449725	0
5.92738	0.0043461	0.789474	0.449725	0
5.92944	0.00424398	2.10526	0.728127	0
5.92467	0.00441145	1.84211	0.685296	0
5.92276	0.00423581	2.36842	0.770957	0
5.92442	0.00488528	1.05263	0.642465	0
5.93179	0.00484851	1.84211	0.685296	0
5.93129	0.00537952	2.89474	0.920866	0
5.9323	0.00511402	2.89474	0.835204	0
5.92964	0.00431751	1.31579	0.578218	0
5.93039	0.00530191	1.31579	0.578218	0
5.93546	0.00434201	2.10526	0.728127	0
5.9324	0.00516304	2.63158	0.813788	0
5.93701	0.00486894	1.57895	0.642465	0
5.93435	0.00519571	1.57895	0.642465	0
5.92843	0.00483626	2.36842	0.770957	0
5.9329	0.00499556	1.84211	0.685296	0
5.92693	0.00415003	1.05263	0.513972	0
5.92989	0.00419905	1.31579	0.578218	0
5.93154	0.00440328	0.263158	0.256986	0
5.92457	0.00443188	1.57895	0.642465	0
5.92708	0.00506092	2.10526	0.728127	0
5.93576	0.00461977	3.15789	0.878035	0
5.93154	0.00523656	2.36842	0.770957	0
5.92753	0.00464428	1.84211	0.685296	0
5.92602	0.00475457	1.84211	0.685296	0
5.92733	0.00473414	2.10526	0.728127	0
5.9326	0.00490162	1.84211	0.685296	0
5.93179	0.0047464	1.31579	0.578218	0
5.93099	0.00560418	2.63158	0.813788	0
5.93275	0.00498739	1.84211	0.685296	0
5.93651	0.00488119	1.84211	0.685296	0
5.92667	0.00481992	2.10526	0.728127	0
5.92788	0.00470555	2.89474	0.835204	0
5.93586	0.00508951	1.05263	0.513972	0
5.93034	0.0051712	2.89474	0.835204	0
5.92898	0.00488936	2.89474	0.835204	0
5.93375	0.00454216	1.84211	0.685296	0
5.92793	0.00460343	1.57895	0.642465	0
5.92627	0.00405609	0.526316	0.364063	0
5.92442	0.00435427	1.31579	0.578218	0
5.92989	0.0046933	1.05263	0.513972	0
5.93696	0.00479541	2.63158	0.813788	0
5.93099	0.00492204	2.36842	0.856619	0
5.93004	0.00449723	1.31579	0.578218	0
5.9333	0.00466879	1.57895	0.642465	0
5.92979	0.00392538	1.57895	0.642465	0
5.93149	0.00467696	2.10526	0.813788	0
5.9321	0.00425215	1.05263	0.513972	0
5.92286	0.00348832	1.31579	0.578218	0
5.92682	0.0045585	1.05263	0.513972	0
5.92984	0.00473006	1.05263	0.513972	0
5.92738	0.00486485	1.84211	0.685296	0
5.92572	0.00415412	1.05263	0.513972	0
5.92848	0.00442371	3.15789	0.963697	0
5.93345	0.00553883	1.05263	0.513972	0
5.92095	0.00386819	0.526316	0.364063	0
5.92622	0.00495472	1.84211	0.685296	0
5.93812	0.00517529	2.63158	0.89945	0
5.92893	0.00495063	0.789474	0.449725	0
5.92738	0.00581658	2.10526	0.728127	0
5.94123	0.00555925	2.89474	0.920866	0
5.93491	0.00490162	0.789474	0.449725	0
5.92632	0.00486894	1.84211	0.685296	0
5.92682	0.00441962	0	0	0
5.92738	0.00428891	0.789474	0.449725	0
5.93054	0.00449723	2.63158	0.813788	0
5.93205	0.00502007	1.05263	0.513972	0
5.92452	0.00411736	1.31579	0.578218	0
5.92396	0.00451766	2.36842	0.856619	0
5.93134	0.0045054	1.05263	0.513972	0
5.93385	0.00539995	3.42105	0.920866	0
5.9333	0.00545305	1.57895	0.642465	0
5.92316	0.00412553	0.789474	0.449725	0
5.92442	0.00389678	0.263158	0.256986	0
5.92868	0.0045054	1.05263	0.513972	0
5.92898	0.00488528	1.84211	0.770957	0
5.92366	0.00423173	0.789474	0.449725	0
5.92261	0.00439103	1.05263	0.513972	0
5.93014	0.00476682	1.84211	0.685296	0
5.93184	0.00428074	2.36842	0.770957	0
5.93024	0.00496289	1.84211	0.685296	0
5.92517	0.00400299	0.526316	0.364063	0
5.92743	0.00475865	1.84211	0.685296	0
5.93119	0.00458301	1.57895	0.728127	0
5.92858	0.00423581	1.84211	0.685296	0
5.93124	0.00479133	2.10526	0.728127	0
5.92823	0.00437469	1.05263	0.513972	0
5.9213	0.00360269	1.05263	0.513972	0
5.93014	0.00437469	2.10526	0.728127	0
5.94675	0.00505683	2.89474	0.835204	0
5.93601	0.00465653	2.36842	0.770957	0
5.93014	0.00500782	1.57895	0.642465	0
5.93591	0.00482809	1.31579	0.578218	0
5.93114	0.00460752	2.10526	0.728127	0
5.92808	0.00451357	1.05263	0.513972	0
5.93215	0.00493838	1.31579	0.578218	0
5.93059	0.00450132	2.36842	0.770957	0
5.92437	0.0046402	1.31579	0.685296	0
5.92231	0.00419088	0.789474	0.449725	0
5.93089	0.00505275	2.63158	0.813788	0
5.93762	0.00513036	2.10526	0.728127	0
5.92893	0.0038927	0.789474	0.449725	0
5.91864	0.00377424	0.263158	0.256986	0
5.92652	0.00432159	1.05263	0.513972	0
5.92989	0.00408876	1.31579	0.578218	0
5.92517	0.00444822	0.789474	0.449725	0
5.92999	0.00508134	1.31579	0.578218	0
5.92853	0.00438286	1.57895	0.642465	0
5.92718	0.00477091	0.789474	0.449725	0
5.93139	0.00454625	2.10526	0.728127	0
5.93511	0.00474231	2.10526	0.813788	0
5.92848	0.0042113	1.31579	0.578218	0
5.92607	0.00435835	1.31579	0.578218	0
5.92878	0.00416229	1.57895	0.642465	0
5.92913	0.00444822	1.84211	0.685296	0
5.92406	0.00431751	0.526316	0.364063	0
5.93134	0.00451357	1.05263	0.513972	0
5.93716	0.00467287	2.36842	0.770957	0
5.93551	0.00505683	1.84211	0.685296	0
5.93034	0.00489345	1.57895	0.642465	0
5.92883	0.00469738	0.789474	0.449725	0
5.93335	0.00506909	2.36842	0.770957	0
5.9322	0.00486894	2.36842	0.770957	0
5.92748	0.00464837	2.10526	0.813788	0
5.92994	0.00505683	2.10526	0.728127	0
5.92577	0.00501599	1.31579	0.578218	0
5.92381	0.00417046	1.31579	0.578218	0
5.92416	0.00425624	1.05263	0.513972	0
5.92587	0.00495472	1.57895	0.642465	0
5.9215	0.00444413	0.789474	0.449725	0
5.92351	0.00397031	1.57895	0.728127	0
5.9335	0.00437469	1.84211	0.685296	0
5.93034	0.00449723	1.05263	0.513972	0
5.92954	0.00453808	1.31579	0.578218	0
5.92788	0.00395805	1.05263	0.513972	0
5.92597	0.00414187	2.10526	0.728127	0
5.93205	0.00439512	1.31579	0.578218	0
5.92923	0.00444413	1.31579	0.578218	0
5.93415	0.00510993	1.31579	0.578218	0
5.93696	0.00487711	1.57895	0.642465	0
5.93415	0.00474231	2.10526	0.728127	0
5.93144	0.00473414	2.36842	0.770957	0
5.93531	0.00518346	2.10526	0.728127	0
5.9345	0.00409693	0.789474	0.449725	0
5.92768	0.0046402	1.57895	0.728127	0
5.93471	0.00487711	2.10526	0.728127	0
5.93265	0.0051998	2.63158	0.813788	0
5.9197	0.00381101	0.263158	0.256986	0
5.9205	0.00427258	1.05263	0.642465	0
5.93225	0.00454625	1.57895	0.642465	0
5.93265	0.00450949	2.10526	0.728127	0
5.92828	0.00488119	1.57895	0.642465	0
5.92662	0.00423173	2.36842	0.770957	0
5.92758	0.00448089	1.31579	0.578218	0
5.92682	0.0046402	1.84211	0.685296	0
5.92863	0.00427258	1.84211	0.770957	0
5.92336	0.00438286	0.789474	0.449725	0
5.92632	0.0046933	2.10526	0.728127	0
5.93109	0.00431342	2.89474	0.835204	0
5.92868	0.00491387	1.84211	0.685296	0
5.92923	0.00435427	1.31579	0.578218	0
5.92773	0.00392538	0.263158	0.256986	0
5.93124	0.00462794	3.94737	0.963697	0
5.9344	0.00462794	1.57895	0.642465	0
5.93039	0.00447681	2.36842	0.770957	0
5.92662	0.0045871	1.05263	0.513972	0
5.92863	0.00412144	1.31579	0.578218	0
5.92457	0.00376199	1.05263	0.513972	0
5.92311	0.00408468	1.57895	0.642465	0
5.92954	0.00455033	1.84211	0.685296	0
5.92351	0.00390904	1.05263	0.513972	0
5.9208	0.00397439	2.10526	0.728127	0
5.92517	0.00413778	1.57895	0.728127	0
5.93405	0.00447272	2.36842	0.770957	0
5.93029	0.00446455	0.263158	0.256986	0
5.9195	0.00406834	0.526316	0.364063	0
5.9212	0.00368847	0.526316	0.364063	0
5.92492	0.00394172	0.263158	0.256986	0
5.92396	0.00427666	1.31579	0.578218	0
5.92918	0.00476682	2.89474	0.835204	0
5.93089	0.00505275	2.10526	0.728127	0
5.92562	0.00454216	0.789474	0.449725	0
5.92592	0.00431342	1.84211	0.685296	0
5.92828	0.00432568	1.05263	0.513972	0
5.93636	0.00525698	1.57895	0.642465	0
5.93265	0.00481175	2.63158	0.813788	0
5.92532	0.00437469	0.789474	0.449725	0
5.92632	0.00446047	1.84211	0.685296	0
5.93049	0.00436244	1.84211	0.685296	0
5.9325	0.00432159	0.263158	0.256986	0
5.93355	0.00466879	2.10526	0.728127	0
5.9333	0.00500782	2.36842	0.770957	0
5.93074	0.00477091	1.84211	0.685296	0
5.93069	0.00482809	1.57895	0.642465	0
5.92873	0.00453399	1.31579	0.578218	0
5.9332	0.00481584	2.63158	0.89945	0
5.93641	0.00473006	2.89474	0.835204	0
5.92944	0.0043992	0.789474	0.449725	0
5.92632	0.004293	0.526316	0.364063	0
5.93069	0.0043461	1.31579	0.578218	0
5.93601	0.00539995	2.89474	0.835204	0
5.92928	0.00507317	1.57895	0.642465	0
5.92411	0.00445639	1.57895	0.642465	0
5.9331	0.00489753	2.63158	0.813788	0
5.93149	0.00449315	0.789474	0.449725	0
5.93074	0.00455442	2.10526	0.728127	0
5.93526	0.00464428	1.57895	0.642465	0
5.92677	0.00451357	1.31579	0.578218	0
5.92522	0.00502416	1.84211	0.685296	0
5.93074	0.00529374	1.84211	0.685296	0
5.93194	0.00499965	2.36842	0.770957	0
5.92467	0.00446864	1.31579	0.578218	0
5.92622	0.00433385	0.789474	0.449725	0
5.93019	0.00428891	1.57895	0.642465	0
5.92858	0.00441554	1.31579	0.685296	0
5.92878	0.00468921	2.36842	0.770957	0
5.92642	0.00492204	1.57895	0.642465	0
5.93009	0.00448089	2.36842	0.856619	0
5.92964	0.00423581	1.05263	0.513972	0
5.92206	0.00395397	1.05263	0.513972	0
5.92186	0.00403975	1.05263	0.513972	0
5.92622	0.00432159	2.10526	0.728127	0
5.92918	0.00513444	1.31579	0.578218	0
5.93114	0.00462794	2.36842	0.770957	0
5.92647	0.00524881	1.84211	0.685296	0
5.92632	0.00455033	1.84211	0.685296	0
5.93546	0.0050119	2.89474	0.835204	0
5.94264	0.00510177	3.68421	1.00653	0
5.94133	0.00542037	3.15789	0.878035	0
5.92828	0.00504458	2.10526	0.728127	0
5.93235	0.005065	2.10526	0.728127	0
5.93024	0.00504458	2.10526	0.728127	0
5.92447	0.00437878	1.84211	0.685296	0
5.92778	0.00449723	1.84211	0.685296	0
5.92452	0.00359452	1.05263	0.513972	0
5.92557	0.00386819	0.789474	0.449725	0
5.93762	0.00512627	1.84211	0.685296	0
5.94183	0.00497514	2.36842	0.770957	0
5.93656	0.0053591	3.68421	0.942281	0
5.92969	0.00458301	1.84211	0.685296	0
5.92813	0.00442779	1.05263	0.513972	0
5.933	0.00501599	1.31579	0.578218	0
5.9322	0.0043461	1.05263	0.513972	0
5.9345	0.00504866	2.36842	0.770957	0
5.93395	0.00500373	2.10526	0.728127	0
5.92823	0.00473823	1.57895	0.642465	0
5.92873	0.00483218	1.57895	0.642465	0
5.9326	0.00427258	1.57895	0.642465	0
5.92723	0.00449723	0.789474	0.449725	0
5.92416	0.00472189	1.84211	0.770957	0
5.93124	0.0046647	2.10526	0.728127	0
5.92944	0.00501599	1.31579	0.578218	0
5.9209	0.00479133	1.57895	0.728127	0
5.9212	0.00415412	0.789474	0.449725	0
5.92592	0.00424398	1.05263	0.513972	0
5.92326	0.00431751	0.789474	0.449725	0
5.92632	0.00544488	2.36842	0.856619	0
5.92803	0.00481584	1.84211	0.685296	0
5.92788	0.00470147	1.84211	0.770957	0
5.92331	0.00411327	1.31579	0.578218	0
5.92979	0.0051467	3.42105	0.920866	0
5.93852	0.00553474	1.57895	0.642465	0
5.92432	0.00435427	1.31579	0.578218	0
5.92743	0.00482809	1.84211	0.685296	0
5.93205	0.00453808	1.57895	0.728127	0
5.92216	0.0041051	1.31579	0.578218	0
5.93285	0.00442371	1.05263	0.513972	0
5.93425	0.00489345	1.84211	0.685296	0
5.93104	0.00429708	1.84211	0.685296	0
5.93506	0.00488936	3.42105	0.920866	0
5.92964	0.00461977	1.05263	0.513972	0
5.92286	0.00437878	1.31579	0.578218	0
5.93666	0.00467287	3.15789	0.963697	0
5.94088	0.00545305	2.36842	0.770957	0
5.92783	0.00419497	1.57895	0.642465	0
5.92226	0.00398665	1.05263	0.513972	0
5.92562	0.00410919	0.789474	0.449725	0
5.9331	0.00460752	2.10526	0.728127	0
5.93059	0.00443596	1.05263	0.513972	0
5.92708	0.00504049	1.31579	0.578218	0
5.9326	0.00522431	1.57895	0.642465	0
5.92577	0.00516712	2.10526	0.728127	0
5.92472	0.00481584	0.526316	0.364063	0
5.9192	0.00424807	1.05263	0.513972	0
5.92577	0.00441962	2.36842	0.770957	0
5.93189	0.00484035	1.31579	0.578218	0
5.92748	0.00449723	1.57895	0.642465	0
5.92356	0.00442371	1.57895	0.642465	0
5.92753	0.00442371	1.31579	0.685296	0
5.92823	0.00412144	1.31579	0.578218	0
5.92708	0.00389678	1.31579	0.578218	0
5.92933	0.00435835	1.05263	0.513972	0
5.92823	0.00435835	1.05263	0.513972	0
5.93877	0.00516712	4.21053	1.00653	0
5.93777	0.00498331	1.31579	0.578218	0
5.93019	0.0046647	1.31579	0.578218	0
5.93435	0.00467287	1.84211	0.685296	0
5.93616	0.00515895	2.36842	0.770957	0
5.92818	0.00484851	2.36842	0.770957	0
5.92768	0.00461977	1.84211	0.685296	0
5.92974	0.00457893	1.57895	0.642465	0
5.92145	0.00419088	0.789474	0.449725	0
5.92155	0.00435835	0.789474	0.449725	0
5.93084	0.0046933	3.15789	0.878035	0
5.92457	0.00448498	1.05263	0.513972	0
5.92321	0.00427258	1.31579	0.578218	0
5.93255	0.00463203	2.36842	0.770957	0
5.92803	0.00446047	2.36842	0.770957	0
5.92838	0.00466879	2.63158	0.89945	0
5.92682	0.00439103	1.57895	0.642465	0
5.92647	0.0044523	1.31579	0.578218	0
5.92793	0.00397439	2.10526	0.728127	0
5.92738	0.00473006	2.10526	0.728127	0
5.92371	0.00453399	1.57895	0.642465	0
5.92688	0.00424398	0.789474	0.449725	0
5.92763	0.00400707	1.05263	0.513972	0
5.92908	0.00454625	2.10526	0.728127	0
5.92768	0.00459118	2.36842	0.770957	0
5.92582	0.00444413	1.84211	0.685296	0
5.93114	0.00429708	1.05263	0.513972	0
5.9327	0.00473823	1.31579	0.578218	0
5.93345	0.00443596	1.31579	0.578218	0
5.92898	0.00463203	3.15789	0.878035	0
5.92371	0.00428074	0.526316	0.364063	0
5.92281	0.00422356	1.57895	0.642465	0
5.92938	0.00453399	1.57895	0.642465	0
5.92838	0.00443188	1.31579	0.578218	0
5.92703	0.00477908	2.89474	0.920866	0
5.92868	0.00523247	1.84211	0.685296	0
5.92713	0.00456667	0.789474	0.449725	0
5.92186	0.00441554	2.10526	0.728127	0
5.92823	0.00417454	1.84211	0.685296	0
5.92989	0.00462386	2.10526	0.728127	0
5.92838	0.0050936	3.15789	0.878035	0
5.92888	0.00490162	0.789474	0.449725	0
5.92768	0.00433385	2.36842	0.856619	0
5.92868	0.00478724	1.31579	0.578218	0
5.92974	0.00435835	1.31579	0.578218	0
5.92949	0.00465245	1.84211	0.685296	0
5.93375	0.00485668	2.89474	0.835204	0
5.92587	0.00498739	0.789474	0.449725	0
5.91925	0.00411327	2.10526	0.728127	0
5.92984	0.00436652	1.31579	0.578218	0
5.9321	0.00484035	2.10526	0.728127	0
5.92979	0.0051998	1.84211	0.685296	0
5.9325	0.00419088	2.10526	0.728127	0
5.93069	0.00472597	1.31579	0.578218	0
5.92933	0.00499556	2.10526	0.728127	0
5.93285	0.00494655	2.63158	0.813788	0
5.9324	0.00446455	1.57895	0.642465	0
5.9326	0.00453399	2.10526	0.728127	0
5.93114	0.00450949	0.526316	0.364063	0
5.92853	0.00451357	2.36842	0.770957	0
5.9328	0.00475048	2.10526	0.728127	0
5.92713	0.00485668	2.89474	0.835204	0
5.92763	0.00549798	1.05263	0.513972	0
5.93455	0.00513853	1.57895	0.642465	0
5.93014	0.00493021	2.36842	0.770957	0
5.92627	0.00496697	1.84211	0.685296	0
5.92698	0.00467287	1.31579	0.578218	0
5.92657	0.00462386	1.84211	0.685296	0
5.93285	0.00441554	1.31579	0.578218	0
5.93355	0.00426441	2.36842	0.770957	0
5.9326	0.0041868	1.31579	0.578218	0
5.92768	0.00436652	1.84211	0.685296	0
5.92672	0.00407243	0.789474	0.449725	0
5.92577	0.00417454	0.789474	0.449725	0
5.93144	0.00456259	1.57895	0.642465	0
5.92848	0.0046402	0.789474	0.449725	0
5.92472	0.00379875	1.57895	0.642465	0
5.93019	0.00461569	2.36842	0.770957	0
5.9323	0.00443188	2.36842	0.856619	0
5.92427	0.00430117	1.31579	0.578218	0
5.92577	0.00470555	1.31579	0.578218	0
5.92592	0.00447681	1.05263	0.513972	0
5.92918	0.00467696	2.10526	0.728127	0
5.92918	0.00498739	1.57895	0.728127	0
5.9216	0.00392946	1.05263	0.513972	0
5.92366	0.00457893	0.526316	0.364063	0
5.934	0.00493021	1.84211	0.685296	0
5.92065	0.00389678	0.526316	0.364063	0
5.91096	0.00381101	1.05263	0.513972	0
5.92607	0.00439103	1.84211	0.685296	0
5.92682	0.00416637	1.84211	0.685296	0
5.92637	0.00426441	1.05263	0.513972	0
5.9343	0.00460343	1.31579	0.685296	0
5.92758	0.0046402	2.10526	0.728127	0
5.92567	0.00445639	2.36842	0.770957	0
5.93255	0.00490979	1.31579	0.578218	0
5.92979	0.00414595	1.31579	0.685296	0
5.92427	0.00411327	1.31579	0.578218	0
5.92949	0.00477091	1.84211	0.685296	0
5.92999	0.00437469	1.31579	0.578218	0
5.92738	0.00510585	2.10526	0.728127	0
5.92728	0.00495063	1.57895	0.642465	0
5.93069	0.00475865	3.15789	0.878035	0
5.93059	0.00422356	1.05263	0.513972	0
5.92462	0.00459526	1.57895	0.642465	0
5.92652	0.00444005	2.36842	0.770957	0
5.92888	0.00430117	1.05263	0.513972	0
5.92211	0.00398665	1.84211	0.685296	0
5.92733	0.00421539	2.63158	0.813788	0
5.93154	0.00426441	1.84211	0.685296	0
5.92878	0.00435427	1.84211	0.685296	0
5.92908	0.00437061	1.05263	0.642465	0
5.9329	0.00470555	1.57895	0.642465	0
5.92743	0.0041337	2.10526	0.728127	0
5.92472	0.00441554	1.31579	0.578218	0
5.92763	0.00356184	0.526316	0.364063	0
5.92838	0.00454625	2.36842	0.770957	0
5.92713	0.0046116	1.31579	0.578218	0
5.93004	0.00446047	1.57895	0.642465	0
5.93566	0.0045585	2.63158	0.813788	0
5.9335	0.00465245	0.526316	0.364063	0
5.93174	0.00484443	1.57895	0.642465	0
5.93064	0.00480767	2.36842	0.856619	0
5.9345	0.00466879	0.789474	0.449725	0
5.93601	0.00461977	2.63158	0.813788	0
5.92964	0.00461569	1.84211	0.685296	0
5.92597	0.00453399	2.10526	0.728127	0
5.92231	0.00452583	0.789474	0.449725	0
5.92005	0.00373748	0.526316	0.364063	0
5.9202	0.00347198	1.05263	0.513972	0
5.92311	0.00339845	1.57895	0.642465	0
5.92843	0.00487711	1.31579	0.578218	0
5.92753	0.00437469	1.84211	0.685296	0
5.92502	0.00409693	2.10526	0.728127	0
5.93054	0.00500782	2.10526	0.813788	0
5.93149	0.00555516	1.84211	0.685296	0
5.92627	0.00435835	2.36842	0.856619	0
5.92778	0.00503233	1.84211	0.770957	0
5.93511	0.00449315	2.10526	0.728127	0
5.92954	0.00459935	2.36842	0.770957	0
5.92487	0.0042113	1.84211	0.685296	0
5.9334	0.00540812	2.10526	0.813788	0
5.93621	0.0051467	2.36842	0.770957	0
5.93631	0.00510177	2.36842	0.770957	0
5.93556	0.00493429	1.57895	0.642465	0
5.93074	0.00415412	1.84211	0.685296	0
5.92898	0.0041051	1.31579	0.578218	0
5.93255	0.00433385	1.05263	0.513972	0
5.93576	0.00462794	3.94737	0.963697	0
5.93119	0.0041337	0.789474	0.449725	0
5.92155	0.00439512	1.31579	0.578218	0
5.92838	0.00428074	1.84211	0.685296	0
5.93631	0.00521205	2.63158	0.813788	0
5.9333	0.00446047	1.84211	0.685296	0
5.92693	0.00468921	1.84211	0.770957	0
5.92401	0.00422356	1.05263	0.513972	0
5.92406	0.00443596	1.84211	0.685296	0
5.92718	0.00395805	1.57895	0.642465	0
5.92331	0.00479133	1.31579	0.685296	0
5.92487	0.00398665	0.789474	0.449725	0
5.93169	0.00503233	3.15789	0.878035	0
5.93365	0.0051181	1.31579	0.578218	0
5.92296	0.00484035	1.31579	0.578218	0
5.92622	0.00430934	2.63158	0.813788	0
5.92918	0.00432568	1.57895	0.642465	0
5.92918	0.004293	1.05263	0.513972	0
5.93385	0.00470555	1.84211	0.685296	0
5.92964	0.00468921	1.84211	0.685296	0
5.92276	0.00430934	1.57895	0.642465	0
5.93631	0.00442779	2.63158	0.813788	0
5.93747	0.00443188	2.10526	0.728127	0
5.93009	0.00505275	2.10526	0.728127	0
5.93114	0.00432976	0.263158	0.256986	0
5.9324	0.00488528	2.10526	0.728127	0
5.92467	0.00432976	2.36842	0.770957	0
5.92366	0.00464837	1.05263	0.513972	0
5.93094	0.00458301	1.31579	0.578218	0
5.92823	0.00480767	1.84211	0.685296	0
5.92291	0.00434201	1.05263	0.513972	0
5.92677	0.00448498	2.10526	0.728127	0
5.92401	0.00410919	1.05263	0.513972	0
5.92381	0.00450132	1.31579	0.578218	0
5.93129	0.00466879	1.57895	0.642465	0
5.92627	0.00431751	1.31579	0.578218	0
5.92682	0.00488119	2.36842	0.770957	0
5.93119	0.00416637	2.36842	0.770957	0
5.92908	0.00469738	1.57895	0.642465	0
5.92773	0.00448906	2.10526	0.728127	0
5.9327	0.00455442	1.84211	0.685296	0
5.93862	0.00517529	2.63158	0.813788	0
5.93536	0.0051467	1.84211	0.685296	0
5.92376	0.00433385	1.05263	0.513972	0
5.93079	0.00449315	2.36842	0.770957	0
5.9343	0.00484443	1.57895	0.642465	0
5.92612	0.00402341	2.10526	0.728127	0
5.93365	0.00531825	2.10526	0.728127	0
5.93942	0.0055184	3.42105	0.985112	0
5.92928	0.0051998	1.31579	0.578218	0
5.92085	0.00431751	1.57895	0.642465	0
5.93194	0.00428891	2.10526	0.728127	0
5.93461	0.00450132	1.84211	0.685296	0
5.92462	0.00435835	1.31579	0.578218	0
5.93024	0.00437469	1.57895	0.642465	0
5.93932	0.00526924	2.36842	0.770957	0
5.92938	0.00466062	1.84211	0.685296	0
5.93009	0.00459526	1.31579	0.578218	0
5.9334	0.00484035	2.63158	0.813788	0
5.92913	0.00455442	2.36842	0.856619	0
5.93325	0.00455033	2.89474	0.835204	0
5.92808	0.00436652	0.526316	0.364063	0
5.9197	0.0040806	0.526316	0.364063	0
5.92938	0.00437469	2.36842	0.856619	0
5.9337	0.00455033	1.84211	0.685296	0
5.93094	0.00447681	2.10526	0.728127	0
5.93205	0.00435427	1.84211	0.685296	0
5.92838	0.00410102	1.31579	0.578218	0
5.92959	0.00482809	2.63158	0.813788	0
5.93581	0.00443188	3.15789	0.878035	0
5.934	0.00450132	1.57895	0.642465	0
5.92938	0.00449315	1.31579	0.578218	0
5.92682	0.00480767	2.10526	0.728127	0
5.93315	0.00497106	3.15789	0.963697	0
5.93285	0.00531417	1.84211	0.685296	0
5.92858	0.00476682	2.36842	0.770957	0
5.92838	0.00461977	1.57895	0.642465	0
5.92858	0.00476682	2.10526	0.728127	0
5.92888	0.00479541	1.31579	0.578218	0
5.92602	0.00422356	1.05263	0.513972	0
5.92933	0.00471781	2.36842	0.770957	0
5.93576	0.00444822	0.789474	0.449725	0
5.92477	0.00481175	2.10526	0.728127	0
5.92522	0.00479541	1.57895	0.642465	0
5.9334	0.00522839	2.63158	0.813788	0
5.92803	0.0045871	1.84211	0.685296	0
5.92145	0.00369255	0.263158	0.256986	0
5.91975	0.00383143	0.526316	0.364063	0
5.92557	0.0049588	2.89474	0.835204	0
5.93064	0.00481992	1.05263	0.513972	0
5.93004	0.00477908	2.10526	0.728127	0
5.93024	0.00444005	1.31579	0.578218	0
5.92753	0.00472189	1.05263	0.513972	0
5.92783	0.00446047	2.36842	0.770957	0
5.9332	0.00440328	1.31579	0.578218	0
5.93551	0.00464837	1.84211	0.685296	0
5.92938	0.0045054	1.31579	0.578218	0
5.92788	0.0046402	1.05263	0.513972	0
5.92923	0.00474231	2.36842	0.770957	0
5.93004	0.00494655	1.57895	0.642465	0
5.92577	0.00385594	1.05263	0.513972	0
5.92522	0.004052	1.84211	0.685296	0
5.92592	0.00429708	1.05263	0.513972	0
5.92652	0.00473414	1.31579	0.578218	0
5.93029	0.00532234	2.36842	0.770957	0
5.92738	0.00440737	0.526316	0.364063	0
5.92406	0.00439512	1.31579	0.578218	0
5.92647	0.00429708	2.36842	0.770957	0
5.92933	0.00491387	1.57895	0.728127	0
5.92703	0.00448906	0.526316	0.364063	0
5.92487	0.00420722	1.05263	0.513972	0
5.92537	0.00449315	2.10526	0.728127	0
5.92206	0.00437878	0.789474	0.449725	0
5.92672	0.00468513	1.57895	0.642465	0
5.92999	0.00417863	0.789474	0.449725	0
5.92863	0.00424398	1.57895	0.642465	0
5.93471	0.00516304	2.36842	0.856619	0
5.92949	0.00481175	2.36842	0.770957	0
5.92818	0.00426441	1.05263	0.513972	0
5.93054	0.00492204	2.36842	0.856619	0
5.92477	0.00445639	0.526316	0.364063	0
5.92105	0.00394172	1.05263	0.513972	0
5.9321	0.00520388	2.63158	0.813788	0
5.93742	0.00457076	1.31579	0.578218	0
5.92923	0.00460343	1.05263	0.513972	0
5.92823	0.00395805	1.84211	0.685296	0
5.93596	0.0043461	0.789474	0.449725	0
5.93325	0.00428483	1.57895	0.642465	0
5.92552	0.00514261	1.57895	0.642465	0
5.93044	0.00497514	1.31579	0.685296	0
5.92452	0.00426441	0.789474	0.449725	0
5.92356	0.00459118	2.63158	0.89945	0
5.93245	0.00474231	1.84211	0.685296	0
5.93355	0.00508951	1.31579	0.578218	0
5.92452	0.00397848	1.57895	0.642465	0
5.92903	0.00446047	0.789474	0.449725	0
5.92677	0.00498331	1.84211	0.685296	0
5.91904	0.00374565	0.526316	0.364063	0
5.92015	0.00428891	1.57895	0.642465	0
5.92637	0.00454216	0.789474	0.449725	0
5.92723	0.00448498	2.36842	0.770957	0
5.93109	0.00414187	2.89474	0.835204	0
5.93004	0.00470964	1.57895	0.642465	0
5.92918	0.0049588	1.57895	0.642465	0
5.934	0.00436244	1.31579	0.578218	0
5.93767	0.0046402	2.10526	0.728127	0
5.93305	0.00475865	1.05263	0.513972	0
5.92713	0.0042113	1.84211	0.685296	0
5.92838	0.00457893	0.789474	0.449725	0
5.93561	0.00459526	1.84211	0.685296	0
5.93526	0.00502416	3.68421	1.00653	0
5.93651	0.00470147	1.57895	0.642465	0
5.92964	0.00445639	1.84211	0.685296	0
5.92457	0.00475865	2.10526	0.728127	0
5.92994	0.00481175	1.84211	0.685296	0
5.92567	0.00406426	1.31579	0.578218	0
5.92773	0.00432568	1.05263	0.513972	0
5.92944	0.00381509	1.57895	0.642465	0
5.93531	0.00497106	1.84211	0.770957	0
5.93962	0.0051467	3.15789	0.878035	0
5.9333	0.00473006	2.36842	0.770957	0
5.92913	0.0050936	1.57895	0.642465	0
5.92657	0.00407243	1.05263	0.513972	0
5.92908	0.00426849	1.84211	0.685296	0
5.93471	0.00496697	1.84211	0.685296	0
5.93325	0.00507726	1.57895	0.642465	0
5.9343	0.00490162	2.10526	0.728127	0
5.93099	0.00428891	1.31579	0.578218	0
5.92406	0.00395805	1.31579	0.578218	0
5.93009	0.00411736	1.57895	0.642465	0
5.93797	0.00444413	2.36842	0.770957	0
5.93767	0.00512627	2.63158	0.89945	0
5.93466	0.00476682	1.31579	0.578218	0
5.93486	0.00425215	1.57895	0.642465	0
5.93079	0.00421947	2.10526	0.728127	0
5.92903	0.00426032	1.57895	0.642465	0
5.93114	0.00499556	2.63158	0.813788	0
5.93159	0.0050936	1.84211	0.685296	0
5.92492	0.00551432	1.84211	0.685296	0
5.92888	0.00435018	1.31579	0.578218	0
5.93641	0.00504458	2.89474	0.835204	0
5.93466	0.00449723	1.31579	0.578218	0
5.92878	0.0046933	1.84211	0.685296	0
5.93531	0.00472597	2.36842	0.856619	0
5.9341	0.00499148	2.36842	0.770957	0
5.92883	0.00475048	2.63158	0.813788	0
5.92477	0.00424398	0.263158	0.256986	0
5.92452	0.00450132	2.36842	0.856619	0
5.93516	0.00533459	2.10526	0.728127	0
5.93169	0.00515895	2.36842	0.770957	0
5.92457	0.00441145	1.31579	0.578218	0
5.92703	0.00457893	1.31579	0.578218	0
5.92567	0.00385594	0	0	0
5.92868	0.00422764	2.10526	0.728127	0
5.934	0.00445639	1.05263	0.513972	0
5.92477	0.00417863	0.263158	0.256986	0
5.92763	0.00440737	1.84211	0.685296	0
5.93631	0.00488528	2.63158	0.813788	0
5.9327	0.00491795	2.10526	0.728127	0
5.92607	0.00507726	1.31579	0.578218	0
5.92396	0.00400299	0.526316	0.364063	0
5.92597	0.00453808	1.84211	0.685296	0
5.93676	0.00484035	1.57895	0.642465	0
5.93024	0.00414595	0.263158	0.256986	0
5.92763	0.00453808	2.63158	0.813788	0
5.93089	0.00494246	2.36842	0.770957	0
5.92492	0.0044523	1.57895	0.642465	0
5.92672	0.005065	1.84211	0.685296	0
5.93119	0.00402749	1.05263	0.513972	0
5.92688	0.00456667	1.31579	0.578218	0
5.93189	0.00484443	1.84211	0.685296	0
5.92944	0.00502824	1.57895	0.642465	0
5.92286	0.00465653	1.57895	0.642465	0
5.92226	0.0039458	0.263158	0.256986	0
5.92843	0.00436244	1.57895	0.642465	0
5.92421	0.00446047	0.526316	0.364063	0
5.92135	0.00373748	0.789474	0.449725	0
5.92607	0.00407243	0.789474	0.449725	0
5.92657	0.00407243	0.526316	0.364063	0
5.92467	0.00387636	0.526316	0.364063	0
5.92547	0.00409693	1.84211	0.685296	0
5.92878	0.00441554	1.84211	0.685296	0
5.93039	0.0045871	2.10526	0.728127	0
5.92949	0.00439512	1.57895	0.642465	0
5.92964	0.00432976	2.10526	0.728127	0
5.92873	0.00422764	1.05263	0.513972	0
5.9324	0.00499556	2.10526	0.728127	0
5.93355	0.00481992	1.57895	0.642465	0
5.9341	0.00460752	3.15789	0.878035	0
5.93174	0.00477908	0.789474	0.449725	0
5.92462	0.00431342	1.57895	0.642465	0
5.91899	0.00450132	0.263158	0.256986	0
5.92557	0.00441145	0.789474	0.449725	0
5.93054	0.00445639	2.36842	0.770957	0
5.92954	0.00421539	1.31579	0.578218	0
5.92602	0.00434201	1.84211	0.770957	0
5.92713	0.00487302	1.57895	0.642465	0
5.92823	0.00463203	2.63158	0.89945	0
5.92502	0.00521614	1.05263	0.513972	0
5.92903	0.00479133	1.31579	0.578218	0
5.93019	0.00502824	1.57895	0.728127	0
5.93049	0.00419905	0.526316	0.364063	0
5.93134	0.0046402	2.10526	0.813788	0
5.92944	0.00390904	1.57895	0.642465	0
5.93395	0.00478316	1.84211	0.685296	0
5.9323	0.0039458	2.10526	0.728127	0
5.93129	0.00465245	1.57895	0.642465	0
5.92868	0.00470964	1.31579	0.578218	0
5.92532	0.00417863	1.05263	0.513972	0
5.93215	0.00448498	2.36842	0.770957	0
5.9326	0.00407651	1.31579	0.578218	0
5.92552	0.00419905	1.84211	0.685296	0
5.92984	0	1.57895	0	0
5.93119	0	1.84211	0	0
5.92698	0	2.63158	0	0
5.92903	0	0.789474	0	0
5.92913	0	1.05263	0	0
5.92763	0	1.84211	0	0
5.93129	0	2.63158	0	0
5.92753	0	1.31579	0	0
5.92326	0	1.05263	0	0
5.92627	0	1.84211	0	0
5.93129	0	0.789474	0	0
5.93255	0	2.36842	0	0
5.93476	0	1.84211	0	0
5.92723	0	1.05263	0	0
5.92903	0	2.36842	0	0
5.93701	0	1.57895	0	0
5.92657	0	2.10526	0	0
5.93069	0	1.84211	0	0
5.93124	0	1.31579	0	0
5.92818	0	2.63158	0	0
5.92883	0	1.57895	0	0
5.92682	0	1.84211	0	0
5.92853	0	1.57895	0	0
5.9325	0	2.89474	0	0
5.93345	0	2.63158	0	0
5.92763	0	0.789474	0	0
5.92447	0	1.05263	0	0
5.93295	0	1.84211	0	0
5.93727	0	2.10526	0	0
5.92406	0	1.05263	0	0
5.91794	0	1.05263	0	0
5.93124	0	0.526316	0	0
5.92928	0	1.57895	0	0
5.92959	0	1.84211	0	0
5.93004	0	1.57895	0	0
5.92748	0	3.15789	0	0
5.92216	0	1.05263	0	0
5.92512	0	1.57895	0	0
5.92994	0	2.10526	0	0
5.92868	0	1.05263	0	0
5.92537	0	1.05263	0	0
5.93059	0	1.05263	0	0
5.93174	0	1.84211	0	0
5.92944	0	3.42105	0	0
5.93245	0	1.31579	0	0
5.9339	0	1.05263	0	0
5.93551	0	1.84211	0	0
5.93626	0	2.36842	0	0
5.93365	0	1.84211	0	0
5.92723	0	1.31579	0	0
5.92627	0	1.31579	0	0
5.92969	0	1.05263	0	0
5.93365	0	2.10526	0	0
5.92632	0	1.05263	0	0
5.92672	0	1.84211	0	0
5.92938	0	1.57895	0	0
5.92738	0	0.789474	0	0
5.93194	0	1.57895	0	0
5.92562	0	1.05263	0	0
5.92647	0	1.84211	0	0
5.92376	0	1.31579	0	0
5.93089	0	2.10526	0	0
5.93084	0	2.36842	0	0
5.93104	0	1.05263	0	0
5.9338	0	2.89474	0	0
5.92928	0	1.05263	0	0
5.92482	0	0.789474	0	0
5.92708	0	1.31579	0	0
5.92788	0	0.789474	0	0
5.9324	0	2.10526	0	0
5.93365	0	0.789474	0	0
5.93024	0	2.36842	0	0
5.92713	0	1.84211	0	0
5.92954	0	1.57895	0	0
5.9339	0	1.84211	0	0
5.92944	0	1.57895	0	0
5.9326	0	2.36842	0	0
5.92437	0	1.31579	0	0
5.91689	0	0.526316	0	0
5.92386	0	0.789474	0	0
5.93079	0	2.36842	0	0
5.92728	0	1.84211	0	0
5.92788	0	1.05263	0	0
5.92848	0	2.36842	0	0
5.93169	0	1.57895	0	0
5.92462	0	1.84211	0	0
5.93566	0	2.63158	0	0
5.93802	0	1.05263	0	0
5.92843	0	1.31579	0	0
5.92763	0	3.15789	0	0
5.93466	0	1.57895	0	0
5.93154	0	1.57895	0	0
5.92587	0	0.789474	0	0
5.92552	0	1.05263	0	0
5.92582	0	1.57895	0	0
5.92622	0	1.05263	0	0
5.92773	0	1.84211	0	0
5.92949	0	1.84211	0	0
5.93159	0	2.63158	0	0
5.93109	0	1.57895	0	0
5.92788	0	1.31579	0	0
5.92753	0	1.84211	0	0
5.9327	0	1.84211	0	0
5.93471	0	3.15789	0	0
5.92918	0	2.10526	0	0
5.93084	0	1.57895	0	0
5.92908	0	1.57895	0	0
5.92918	0	1.31579	0	0
5.92723	0	1.57895	0	0
5.93169	0	2.63158	0	0
5.93556	0	3.15789	0	0
5.93365	0	1.84211	0	0
5.93189	0	1.57895	0	0
5.93711	0	2.63158	0	0
5.9327	0	1.31579	0	0
5.92818	0	2.63158	0	0
5.9336	0	1.84211	0	0
5.92376	0	1.31579	0	0
5.92211	0	0.789474	0	0
5.92994	0	0.263158	0	0
5.9343	0	1.84211	0	0
5.93215	0	2.89474	0	0
5.92693	0	1.05263	0	0
5.92738	0	1.31579	0	0
5.92607	0	0.526316	0	0
5.92582	0	1.57895	0	0
5.93024	0	1.05263	0	0
5.92642	0	1.31579	0	0
5.92868	0	2.10526	0	0
5.92743	0	1.57895	0	0
5.92848	0	1.57895	0	0
5.92903	0	1.31579	0	0
5.92532	0	1.31579	0	0
5.92813	0	2.89474	0	0
5.93355	0	1.31579	0	0
5.92462	0	2.10526	0	0
5.92647	0	1.57895	0	0
5.93255	0	1.84211	0	0
5.92467	0	1.84211	0	0
5.92381	0	1.31579	0	0
5.92527	0	0.526316	0	0
5.92637	0	2.10526	0	0
5.93004	0	1.57895	0	0
5.93395	0	2.10526	0	0
5.93074	0	1.05263	0	0
5.92647	0	0.526316	0	0
5.92984	0	1.05263	0	0
5.92959	0	1.31579	0	0
5.93104	0	1.84211	0	0
5.92597	0	1.31579	0	0
5.92878	0	2.10526	0	0
5.93546	0	1.84211	0	0
5.93039	0	1.57895	0	0
5.92512	0	1.57895	0	0
5.92582	0	1.84211	0	0
5.934	0	1.84211	0	0
5.93099	0	1.84211	0	0
5.91623	0	1.57895	0	0
5.91925	0	1.31579	0	0
5.93019	0	1.05263	0	0
5.92662	0	0.789474	0	0
5.92366	0	1.31579	0	0
5.92788	0	2.63158	0	0
5.92813	0	1.05263	0	0
5.92949	0	1.57895	0	0
5.92908	0	1.31579	0	0
5.92989	0	2.36842	0	0
5.93596	0	2.10526	0	0
5.93671	0	1.05263	0	0
5.92848	0	1.31579	0	0
5.93004	0	1.31579	0	0
5.9337	0	2.89474	0	0
5.93194	0	1.31579	0	0
5.92416	0	1.31579	0	0
5.92688	0	1.05263	0	0
5.93275	0	2.10526	0	0
5.92918	0	1.31579	0	0
5.92105	0	1.57895	0	0
5.92055	0	0.789474	0	0
5.92738	0	1.84211	0	0
5.93089	0	1.57895	0	0
5.92718	0	2.10526	0	0
5.9344	0	2.36842	0	0
5.93265	0	1.57895	0	0
5.92893	0	1.84211	0	0
5.93099	0	1.57895	0	0
5.92853	0	2.36842	0	0
5.92999	0	2.10526	0	0
5.93099	0	1.84211	0	0
5.93184	0	2.10526	0	0
5.93496	0	1.05263	0	0
5.92783	0	1.84211	0	0
5.92974	0	2.63158	0	0
5.93762	0	1.84211	0	0
5.93245	0	1.57895	0	0
5.92472	0	1.05263	0	0
5.93119	0	2.89474	0	0
5.93385	0	1.05263	0	0
5.92703	0	1.05263	0	0
5.9327	0	1.05263	0	0
5.94043	0	2.89474	0	0
5.93988	0	2.36842	0	0
5.93049	0	1.84211	0	0
5.92718	0	1.84211	0	0
5.93365	0	2.10526	0	0
5.93355	0	2.10526	0	0
5.92838	0	2.10526	0	0
5.92447	0	1.05263	0	0
5.92221	0	1.05263	0	0
5.92813	0	1.57895	0	0
5.93265	0	1.05263	0	0
5.93014	0	1.31579	0	0
5.92964	0	2.10526	0	0
5.93295	0	1.31579	0	0
5.9326	0	2.36842	0	0
5.93496	0	2.36842	0	0
5.94158	0	2.63158	0	0
5.92773	0	0.526316	0	0
5.91428	0	1.31579	0	0
5.92763	0	1.84211	0	0
5.93124	0	0.526316	0	0
5.92497	0	1.57895	0	0
5.92918	0	1.05263	0	0
5.92391	0	1.31579	0	0
5.91583	0	0.789474	0	0
5.92537	0	2.10526	0	0
5.92848	0	1.57895	0	0
5.91749	0	1.05263	0	0
5.92547	0	3.42105	0	0
5.93119	0	1.57895	0	0
5.92351	0	2.36842	0	0
5.93084	0	1.84211	0	0
5.9336	0	2.10526	0	0
5.92723	0	1.84211	0	0
5.92918	0	1.57895	0	0
5.93591	0	1.05263	0	0
5.93355	0	1.57895	0	0
5.92587	0	1.57895	0	0
5.93034	0	0.789474	0	0
5.93154	0	2.10526	0	0
5.93014	0	1.57895	0	0
5.92823	0	2.63158	0	0
5.9334	0	2.36842	0	0
5.92974	0	0.526316	0	0
5.92798	0	0.789474	0	0
5.92933	0	1.57895	0	0
5.93119	0	2.36842	0	0
5.94269	0	3.15789	0	0
5.9456	0	2.36842	0	0
5.92527	0	0.526316	0	0
5.92181	0	0.789474	0	0
5.93912	0	3.15789	0	0
5.94304	0	1.84211	0	0
5.93139	0	1.84211	0	0
5.92893	0	2.10526	0	0
5.93044	0	1.57895	0	0
5.92883	0	1.84211	0	0
5.92748	0	1.57895	0	0
5.93536	0	2.89474	0	0
5.93345	0	1.31579	0	0
5.92647	0	1.84211	0	0
5.92803	0	0.789474	0	0
5.92567	0	2.10526	0	0
5.92813	0	1.84211	0	0
5.92682	0	1.05263	0	0
5.93164	0	1.57895	0	0
5.93681	0	3.15789	0	0
5.93752	0	2.36842	0	0
5.93686	0	1.05263	0	0
5.92979	0	1.31579	0	0
5.92928	0	1.05263	0	0
5.93099	0	1.57895	0	0
5.92964	0	2.89474	0	0
5.9337	0	2.36842	0	0
5.93159	0	0.789474	0	0
5.92873	0	2.10526	0	0
5.93054	0	2.36842	0	0
5.93194	0	1.31579	0	0
5.92567	0	1.84211	0	0
5.92196	0	0.526316	0	0
5.92452	0	1.84211	0	0
5.93295	0	1.84211	0	0
5.9323	0	2.63158	0	0
5.92557	0	0.789474	0	0
5.91945	0	0.263158	0	0
5.9208	0	1.31579	0	0
5.92833	0	2.36842	0	0
5.93159	0	0.789474	0	0
5.92918	0	1.57895	0	0
5.93009	0	1.31579	0	0
5.92748	0	1.57895	0	0
5.93059	0	1.57895	0	0
5.92954	0	1.05263	0	0
5.92969	0	1.31579	0	0
5.93566	0	1.84211	0	0
5.93882	0	2.89474	0	0
5.92923	0	1.57895	0	0
5.92602	0	2.10526	0	0
5.92351	0	0.789474	0	0
5.92055	0	1.31579	0	0
5.92517	0	0.526316	0	0
5.92432	0	0.526316	0	0
5.91734	0	1.05263	0	0
5.92326	0	1.57895	0	0
5.92949	0	1.05263	0	0
5.92632	0	1.05263	0	0
5.92306	0	1.05263	0	0
5.92778	0	1.05263	0	0
5.93345	0	2.10526	0	0
5.92416	0	1.57895	0	0
5.92135	0	0.526316	0	0
5.93134	0	2.63158	0	0
5.93199	0	1.84211	0	0
5.92718	0	1.31579	0	0
5.93199	0	1.57895	0	0
5.92928	0	1.05263	0	0
5.92341	0	1.31579	0	0
5.92416	0	1.57895	0	0
5.93169	0	1.31579	0	0
5.93646	0	2.63158	0	0
5.93335	0	2.10526	0	0
5.93114	0	1.57895	0	0
5.93084	0	1.57895	0	0
5.93305	0	1.05263	0	0
5.92888	0	1.57895	0	0
5.93385	0	2.36842	0	0
5.93887	0	1.84211	0	0
5.92944	0	1.84211	0	0
5.92818	0	1.31579	0	0
5.92231	0	1.05263	0	0
5.92176	0	1.31579	0	0
5.92497	0	1.05263	0	0
5.92567	0	1.84211	0	0
5.92537	0	1.57895	0	0
5.93305	0	1.84211	0	0
5.93405	0	1.57895	0	0
5.9321	0	2.63158	0	0
5.93004	0	1.31579	0	0
5.92828	0	1.57895	0	0
5.92883	0	0.789474	0	0
5.93094	0	2.36842	0	0
5.92316	0	2.10526	0	0
5.92371	0	0.263158	0	0
5.93215	0	1.31579	0	0
5.9342	0	1.57895	0	0
5.92703	0	0.789474	0	0
5.92241	0	1.31579	0	0
5.92808	0	1.31579	0	0
5.93335	0	1.31579	0	0
5.92828	0	0.789474	0	0
5.92677	0	1.57895	0	0
5.93029	0	2.10526	0	0
5.93019	0	2.89474	0	0
5.93114	0	2.36842	0	0
5.92366	0	0.526316	0	0
5.92688	0	1.84211	0	0
5.93842	0	2.63158	0	0
5.93305	0	2.10526	0	0
5.92246	0	1.57895	0	0
5.92878	0	1.31579	0	0
5.92888	0	1.05263	0	0
5.92768	0	1.31579	0	0
5.93004	0	1.57895	0	0
5.92557	0	1.31579	0	0
5.92949	0	2.10526	0	0
5.93255	0	1.57895	0	0
5.92964	0	2.36842	0	0
5.92813	0	1.05263	0	0
5.92868	0	2.10526	0	0
5.93551	0	1.84211	0	0
5.93059	0	0.526316	0	0
5.92928	0	2.63158	0	0
5.93184	0	0.789474	0	0
5.93461	0	2.89474	0	0
5.93491	0	0.789474	0	0
5.92682	0	1.84211	0	0
5.93014	0	2.36842	0	0
5.934	0	1.84211	0	0
5.93109	0	2.10526	0	0
5.92933	0	1.05263	0	0
5.93069	0	1.05263	0	0
5.92944	0	2.36842	0	0
5.9335	0	3.15789	0	0
5.93762	0	1.31579	0	0
5.9329	0	2.36842	0	0
5.93114	0	3.68421	0	0
5.92672	0	1.84211	0	0
5.92241	0	1.57895	0	0
5.9326	0	1.57895	0	0
5.93471	0	1.84211	0	0
5.92437	0	1.57895	0	0
5.92472	0	0.789474	0	0
5.93199	0	2.36842	0	0
5.93004	0	2.10526	0	0
5.92492	0	1.05263	0	0
5.9332	0	1.84211	0	0
5.92959	0	2.36842	0	0
5.92938	0	2.36842	0	0
5.92612	0	1.31579	0	0
5.92416	0	1.84211	0	0
5.92652	0	1.84211	0	0
5.92542	0	1.05263	0	0
5.92818	0	1.84211	0	0
5.92738	0	1.05263	0	0
5.93491	0	2.10526	0	0
5.93641	0	2.10526	0	0
5.92898	0	1.84211	0	0
5.92693	0	1.05263	0	0
5.92517	0	0.263158	0	0
5.93174	0	2.36842	0	0
5.93782	0	1.31579	0	0
5.93491	0	1.84211	0	0
5.9324	0	1.31579	0	0
5.92758	0	1.57895	0	0
5.93471	0	1.84211	0	0
5.93114	0	1.57895	0	0
5.92467	0	1.31579	0	0
5.92738	0	1.84211	0	0
5.9343	0	2.10526	0	0
5.92918	0	2.10526	0	0
5.92135	0	1.05263	0	0
5.92346	0	1.57895	0	0
5.93019	0	0.789474	0	0
5.93375	0	1.57895	0	0
5.93511	0	2.10526	0	0
5.92883	0	1.84211	0	0
5.92396	0	2.10526	0	0
5.93179	0	0.526316	0	0
5.92562	0	1.05263	0	0
5.91995	0	1.84211	0	0
5.92341	0	0.263158	0	0
5.92597	0	1.84211	0	0
5.92738	0	1.84211	0	0
5.9203	0	1.05263	0	0
5.92708	0	2.63158	0	0
5.93922	0	2.63158	0	0
5.93179	0	1.05263	0	0
5.921	0	1.31579	0	0
5.92883	0	1.31579	0	0
5.93014	0	1.31579	0	0
5.92562	0	0.526316	0	0
5.92693	0	1.05263	0	0
5.93747	0	3.15789	0	0
5.94143	0	1.84211	0	0
5.92728	0	1.31579	0	0
5.92331	0	1.57895	0	0
5.92858	0	2.36842	0	0
5.92893	0	2.63158	0	0
5.93184	0	2.10526	0	0
5.93375	0	2.10526	0	0
5.92984	0	1.84211	0	0
5.93355	0	1.05263	0	0
5.93305	0	1.57895	0	0
5.92738	0	2.89474	0	0
5.93084	0	1.84211	0	0
5.92718	0	1.57895	0	0
5.92627	0	1.57895	0	0
5.93054	0	2.36842	0	0
5.92421	0	1.84211	0	0
5.92386	0	1.84211	0	0
5.9324	0	1.84211	0	0
5.9322	0	2.63158	0	0
5.92607	0	1.57895	0	0
5.93104	0	1.31579	0	0
5.92974	0	1.31579	0	0
5.92969	0	1.84211	0	0
5.93169	0	1.84211	0	0
5.93094	0	1.57895	0	0
5.93245	0	1.31579	0	0
5.93059	0	1.84211	0	0
5.92512	0	1.05263	0	0
5.93706	0	2.36842	0	0
5.93526	0	1.57895	0	0
5.92361	0	1.31579	0	0
5.92738	0	2.10526	0	0
5.93576	0	1.57895	0	0
5.93285	0	1.31579	0	0
5.93159	0	2.63158	0	0
5.93375	0	2.36842	0	0
5.92788	0	1.31579	0	0
5.91894	0	0.263158	0	0
5.92176	0	0.789474	0	0
5.92718	0	0.789474	0	0
5.92291	0	1.05263	0	0
5.92708	0	0.526316	0	0
5.92878	0	2.89474	0	0
5.93626	0	1.31579	0	0
5.93556	0	1.31579	0	0
5.93425	0	1.84211	0	0
5.93355	0	1.57895	0	0
5.93084	0	0.789474	0	0
5.92637	0	1.31579	0	0
5.93139	0	2.10526	0	0
5.94188	0	4.47368	0	0
5.93671	0	2.10526	0	0
5.92582	0	0.789474	0	0
5.92818	0	1.57895	0	0
5.93134	0	1.31579	0	0
5.92738	0	1.84211	0	0
5.92758	0	2.36842	0	0
5.9328	0	1.84211	0	0
5.92693	0	1.84211	0	0
5.92938	0	2.63158	0	0
5.93435	0	0.789474	0	0
5.92813	0	2.36842	0	0
5.93471	0	2.89474	0	0
5.93149	0	1.84211	0	0
5.92427	0	1.84211	0	0
5.93099	0	1.57895	0	0
5.93079	0	1.84211	0	0
5.92401	0	1.31579	0	0
5.93967	0	2.36842	0	0
5.93727	0	2.36842	0	0
5.92597	0	1.57895	0	0
5.92547	0	1.05263	0	0
5.93496	0	1.31579	0	0
5.93019	0	1.84211	0	0
5.92868	0	1.31579	0	0
5.93169	0	1.31579	0	0
5.92587	0	1.05263	0	0
5.92763	0	1.31579	0	0
5.93601	0	2.10526	0	0
5.92999	0	1.05263	0	0
5.92462	0	1.84211	0	0
5.9321	0	0.526316	0	0
5.92748	0	1.84211	0	0
5.92442	0	1.31579	0	0
5.92637	0	1.57895	0	0
5.92457	0	0.789474	0	0
5.93385	0	3.42105	0	0
5.9342	0	1.31579	0	0
5.92236	0	0.789474	0	0
5.92135	0	1.31579	0	0
5.92979	0	1.57895	0	0
5.92898	0	1.57895	0	0
5.9321	0	2.10526	0	0
5.93119	0	1.31579	0	0
5.92366	0	0.789474	0	0
5.93004	0	2.10526	0	0
5.92908	0	1.57895	0	0
5.92326	0	1.31579	0	0
5.92587	0	1.05263	0	0
5.92873	0	1.57895	0	0
5.93159	0	2.36842	0	0
5.92818	0	1.31579	0	0
5.92391	0	1.05263	0	0
5.93054	0	1.57895	0	0
5.93265	0	1.31579	0	0
5.92261	0	1.31579	0	0
5.9209	0	0.263158	0	0
5.92994	0	1.84211	0	0
5.92657	0	1.05263	0	0
5.92472	0	1.57895	0	0
5.92652	0	1.84211	0	0
5.92933	0	1.31579	0	0
5.93044	0	1.84211	0	0
5.93315	0	2.36842	0	0
5.92828	0	0.526316	0	0
5.92416	0	1.57895	0	0
5.92477	0	2.10526	0	0
5.93049	0	1.31579	0	0
5.93787	0	2.36842	0	0
5.93425	0	2.10526	0	0
5.92527	0	1.57895	0	0
5.93134	0	2.63158	0	0
5.93064	0	1.84211	0	0
5.92632	0	1.84211	0	0
5.93541	0	1.57895	0	0
5.92944	0	1.57895	0	0
5.92206	0	1.05263	0	0
5.92873	0	2.63158	0	0
5.9343	0	1.84211	0	0
5.92341	0	1.57895	0	0
5.92617	0	1.84211	0	0
5.93144	0	2.10526	0	0
5.92361	0	1.57895	0	0
5.92437	0	1.31579	0	0
5.93074	0	2.36842	0	0
5.92798	0	2.10526	0	0
5.92989	0	2.10526	0	0
5.93993	0	3.15789	0	0
5.93154	0	1.57895	0	0
5.92452	0	0.263158	0	0
5.92954	0	2.63158	0	0
5.93817	0	2.10526	0	0
5.93571	0	1.31579	0	0
5.93074	0	2.36842	0	0
5.93079	0	0.789474	0	0
5.92652	0	1.57895	0	0
5.92627	0	2.10526	0	0
5.92537	0	0.789474	0	0
5.92833	0	1.57895	0	0
5.93551	0	2.10526	0	0
5.9331	0	1.31579	0	0
5.92888	0	2.36842	0	0
5.93069	0	1.31579	0	0
5.93375	0	2.36842	0	0
5.92908	0	1.05263	0	0
5.92954	0	1.84211	0	0
5.92848	0	1.31579	0	0
5.92512	0	1.05263	0	0
5.92447	0	1.31579	0	0
5.92652	0	1.57895	0	0
5.92908	0	1.57895	0	0
5.93671	0	2.10526	0	0
5.94178	0	2.36842	0	0
5.93194	0	1.84211	0	0
5.92969	0	1.84211	0	0
5.93681	0	1.84211	0	0
5.93365	0	2.63158	0	0
5.93496	0	1.84211	0	0
5.93049	0	1.84211	0	0
5.92994	0	1.84211	0	0
5.93461	0	1.84211	0	0
5.92823	0	1.84211	0	0
5.92477	0	0.789474	0	0
5.92798	0	1.31579	0	0
5.92843	0	1.31579	0	0
5.93626	0	2.63158	0	0
5.93651	0	2.10526	0	0
5.93014	0	0.526316	0	0
5.93305	0	2.10526	0	0
5.92908	0	0.789474	0	0
5.92738	0	2.10526	0	0
5.9322	0	1.84211	0	0
5.93099	0	1.57895	0	0
5.92346	0	0.526316	0	0
5.92542	0	1.57895	0	0
5.91935	0	1.57895	0	0
5.9197	0	1.31579	0	0
5.93129	0	1.57895	0	0
5.93666	0	2.36842	0	0
5.92838	0	1.57895	0	0
5.9216	0	1.31579	0	0
5.92718	0	1.84211	0	0
5.92693	0	2.36842	0	0
5.92793	0	1.05263	0	0
5.93501	0	2.10526	0	0
5.93139	0	1.31579	0	0
5.92954	0	2.36842	0	0
5.93044	0	1.84211	0	0
5.92587	0	0.789474	0	0
5.92602	0	1.57895	0	0
5.92868	0	1.57895	0	0
5.92868	0	1.05263	0	0
5.92713	0	1.57895	0	0
5.92642	0	1.31579	0	0
5.92933	0	1.31579	0	0
5.93079	0	2.10526	0	0
5.93059	0	1.57895	0	0
5.93461	0	2.36842	0	0
5.93606	0	2.10526	0	0
5.93225	0	1.31579	0	0
5.92542	0	1.57895	0	0
5.93084	0	1.05263	0	0
5.93616	0	1.31579	0	0
5.93601	0	1.57895	0	0
5.93551	0	1.84211	0	0
5.92733	0	1.05263	0	0
5.92095	0	1.05263	0	0
5.93194	0	2.63158	0	0
5.93536	0	2.36842	0	0
5.92768	0	1.57895	0	0
5.93215	0	1.31579	0	0
5.93189	0	2.63158	0	0
5.93782	0	3.15789	0	0
5.93696	0	1.31579	0	0
5.92547	0	0.789474	0	0
5.92954	0	1.84211	0	0
5.93586	0	2.10526	0	0
5.92954	0	2.63158	0	0
5.92331	0	1.31579	0	0
5.91935	0	0.789474	0	0
5.92316	0	0.789474	0	0
5.93375	0	3.15789	0	0
5.9334	0	2.10526	0	0
5.92361	0	2.63158	0	0
5.92191	0	1.05263	0	0
5.92371	0	1.05263	0	0
5.92035	0	0.789474	0	0
5.92682	0	1.31579	0	0
5.9322	0	2.63158	0	0
5.93511	0	1.57895	0	0
5.93029	0	2.36842	0	0
5.92391	0	1.84211	0	0
5.92823	0	1.57895	0	0
5.92607	0	1.84211	0	0
5.92341	0	1.31579	0	0
5.93029	0	1.05263	0	0
5.93501	0	2.10526	0	0
5.93887	0	1.05263	0	0
5.93837	0	1.84211	0	0
5.93255	0	1.57895	0	0
5.92768	0	1.05263	0	0
5.92974	0	1.31579	0	0
5.92688	0	1.57895	0	0
5.92808	0	1.31579	0	0
5.92753	0	2.63158	0	0
5.93335	0	1.57895	0	0
5.93109	0	1.31579	0	0
5.93235	0	3.15789	0	0
5.92903	0	1.57895	0	0
5.92868	0	1.57895	0	0
5.93149	0	0.263158	0	0
5.92853	0	1.57895	0	0
5.92602	0	2.63158	0	0
5.93099	0	1.57895	0	0
5.93546	0	2.63158	0	0
5.93275	0	1.84211	0	0
5.92888	0	1.31579	0	0
5.93129	0	1.31579	0	0
5.92768	0	1.57895	0	0
5.92341	0	1.84211	0	0
5.92913	0	1.05263	0	0
5.92291	0	1.05263	0	0
5.92311	0	1.31579	0	0
5.93666	0	2.36842	0	0
5.92913	0	0.789474	0	0
5.9206	0	1.31579	0	0
5.92492	0	1.31579	0	0
5.93255	0	2.10526	0	0
5.93189	0	1.05263	0	0
5.92828	0	1.31579	0	0
5.93496	0	2.10526	0	0
5.94013	0	3.15789	0	0
5.92969	0	2.63158	0	0
5.92381	0	0.526316	0	0
5.93099	0	1.05263	0	0
5.93496	0	1.57895	0	0
5.92462	0	0.263158	0	0
5.92406	0	1.31579	0	0
5.93455	0	1.84211	0	0
5.93074	0	2.36842	0	0
5.92617	0	1.84211	0	0
5.92848	0	0.789474	0	0
5.92432	0	1.05263	0	0
5.92361	0	1.31579	0	0
5.93757	0	2.63158	0	0
5.93882	0	1.31579	0	0
5.92733	0	0.789474	0	0
5.92642	0	1.31579	0	0
5.92828	0	1.31579	0	0
5.92989	0	1.57895	0	0
5.93812	0	1.05263	0	0
5.93506	0	3.42105	0	0
5.93466	0	2.63158	0	0
5.93696	0	1.84211	0	0
5.93235	0	1.05263	0	0
5.93225	0	1.57895	0	0
5.94003	0	2.89474	0	0
5.9324	0	1.31579	0	0
5.92547	0	2.10526	0	0
5.93586	0	2.63158	0	0
5.93646	0	2.10526	0	0
5.92888	0	1.05263	0	0
5.9327	0	2.63158	0	0
5.934	0	2.36842	0	0
5.92316	0	1.05263	0	0
5.92005	0	1.05263	0	0
5.92507	0	1.31579	0	0
5.92467	0	0.789474	0	0
5.92813	0	1.31579	0	0
5.93626	0	1.57895	0	0
5.93079	0	1.31579	0	0
5.93189	0	2.36842	0	0
5.93606	0	2.10526	0	0
5.93084	0	1.31579	0	0
5.92928	0	0.526316	0	0
5.93109	0	1.57895	0	0
5.93189	0	1.57895	0	0
5.93325	0	2.36842	0	0
5.93461	0	1.31579	0	0
5.93235	0	1.84211	0	0
5.92677	0	1.05263	0	0
5.92753	0	1.84211	0	0
5.9322	0	1.84211	0	0
5.93029	0	2.36842	0	0
5.92607	0	1.05263	0	0
5.92472	0	1.57895	0	0
5.9331	0	2.89474	0	0
5.9337	0	1.05263	0	0
5.92537	0	0.526316	0	0
5.9207	0	1.05263	0	0
5.92602	0	1.31579	0	0
5.93526	0	1.57895	0	0
5.93646	0	1.57895	0	0
5.92893	0	1.57895	0	0
5.93179	0	2.63158	0	0
5.93455	0	2.36842	0	0
5.92693	0	1.84211	0	0
5.92843	0	1.84211	0	0
5.93686	0	1.57895	0	0
5.93571	0	2.36842	0	0
5.93531	0	1.05263	0	0
5.93205	0	1.05263	0	0
5.93194	0	2.36842	0	0
5.92979	0	1.84211	0	0
5.92964	0	1.05263	0	0
5.93134	0	1.84211	0	0
5.92813	0	1.31579	0	0
5.92125	0	0.263158	0	0
5.92552	0	2.36842	0	0
5.92522	0	1.31579	0	0
5.92763	0	1.05263	0	0
5.92878	0	2.10526	0	0
5.92637	0	1.31579	0	0
5.92477	0	1.57895	0	0
5.92562	0	1.84211	0	0
5.92984	0	2.63158	0	0
5.92542	0	1.57895	0	0
5.92472	0	1.31579	0	0
5.92898	0	1.05263	0	0
5.93199	0	1.31579	0	0
5.93049	0	2.10526	0	0
5.92903	0	0.526316	0	0
5.92803	0	2.63158	0	0
5.94098	0	2.89474	0	0
5.94158	0	1.84211	0	0
5.93039	0	0.526316	0	0
5.92708	0	1.31579	0	0
5.93235	0	1.57895	0	0
5.93571	0	0.789474	0	0
5.92823	0	2.36842	0	0
5.92959	0	1.05263	0	0
5.93154	0	2.36842	0	0
5.93395	0	2.10526	0	0
5.93049	0	1.05263	0	0
5.92507	0	2.89474	0	0
5.92888	0	1.31579	0	0
5.92597	0	1.05263	0	0
5.92818	0	2.36842	0	0
5.9325	0	1.05263	0	0
5.92642	0	1.31579	0	0
5.92286	0	2.63158	0	0
5.93335	0	1.31579	0	0
5.92843	0	1.05263	0	0
5.93004	0	1.57895	0	0
5.9326	0	1.31579	0	0
5.93591	0	2.63158	0	0
5.93541	0	2.10526	0	0
5.92728	0	1.57895	0	0
5.93049	0	1.31579	0	0
5.9337	0	0.526316	0	0
5.92587	0	2.36842	0	0
5.9337	0	1.57895	0	0
5.93656	0	3.15789	0	0
5.93205	0	1.31579	0	0
5.92793	0	1.31579	0	0
5.93767	0	2.10526	0	0
5.93732	0	2.10526	0	0
5.9326	0	3.15789	0	0
5.93084	0	2.10526	0	0
5.92261	0	0.789474	0	0
5.91975	0	1.05263	0	0
5.92853	0	2.10526	0	0
5.93546	0	1.31579	0	0
5.93365	0	2.36842	0	0
5.92853	0	1.31579	0	0
5.92748	0	2.36842	0	0
5.93435	0	1.31579	0	0
5.93385	0	1.84211	0	0
5.93184	0	2.36842	0	0
5.93491	0	1.05263	0	0
5.93917	0	3.15789	0	0
5.9321	0	2.36842	0	0
5.93315	0	1.31579	0	0
5.93154	0	1.05263	0	0
5.92216	0	1.05263	0	0
5.92411	0	0.789474	0	0
5.93295	0	1.84211	0	0
5.93526	0	2.10526	0	0
5.92768	0	1.57895	0	0
5.92969	0	1.31579	0	0
5.92612	0	1.57895	0	0
5.92241	0	1.05263	0	0
5.93546	0	3.68421	0	0
5.93621	0	2.89474	0	0
5.92652	0	2.10526	0	0
5.92351	0	0.263158	0	0
5.92341	0	0.526316	0	0
5.93049	0	2.63158	0	0
5.93812	0	2.10526	0	0
5.92617	0	0.789474	0	0
5.92361	0	1.31579	0	0
5.9332	0	1.57895	0	0
5.92617	0	1.31579	0	0
5.92542	0	2.36842	0	0
5.93089	0	1.31579	0	0
5.92677	0	2.36842	0	0
5.92462	0	0.263158	0	0
5.92487	0	1.57895	0	0
5.92813	0	1.57895	0	0
5.92979	0	0.526316	0	0
5.934	0	3.15789	0	0
5.94203	0	2.10526	0	0
5.93511	0	1.84211	0	0
5.92903	0	1.84211	0	0
5.9324	0	0.789474	0	0
5.93405	0	2.10526	0	0
5.92813	0	0.526316	0	0
5.92753	0	1.84211	0	0
5.93004	0	0.789474	0	0
5.92542	0	0.263158	0	0
5.92803	0	2.89474	0	0
5.92627	0	0.263158	0	0
5.92341	0	1.57895	0	0
5.92773	0	1.57895	0	0
5.9325	0	1.57895	0	0
5.93089	0	0.526316	0	0
5.92366	0	1.05263	0	0
5.92938	0	2.63158	0	0
5.93205	0	1.31579	0	0
5.92567	0	1.57895	0	0
5.93079	0	2.36842	0	0
5.92969	0	1.84211	0	0
5.92482	0	1.31579	0	0
5.92758	0	2.10526	0	0
5.93415	0	1.84211	0	0
5.93149	0	1.57895	0	0
5.92843	0	1.84211	0	0
5.93415	0	1.84211	0	0
5.92933	0	1.05263	0	0
5.9331	0	4.47368	0	0
5.93978	0	1.84211	0	0
5.92728	0	0	0	0
5.92326	0	1.05263	0	0
5.93636	0	2.10526	0	0
5.93169	0	1.57895	0	0
5.92647	0	1.84211	0	0
5.93149	0	2.36842	0	0
5.92743	0	1.31579	0	0
5.92773	0	2.10526	0	0
5.92888	0	1.31579	0	0
5.92778	0	2.10526	0	0
