a2672316.421332
Narit-cm 23/07/2026 16:40:13 23/07/2026 16:42:13 0045 0013.384714 0052.542598 00.0 00.0
0002401 0010 0000000 0010 05 0000000 0010 0000000 0010
1 0 1 05024 0 0750 3.75 00532.p 0 0 01 000 16 002401 0.500 BT0
1 2 1 04090 0 0750 3.75 00532.p 0 0 01 000 16 002401 0.500 S2A0
1 1 1 05024 0 0750 3.75 00532.p 0 0 00 000 00 002401 3.1746 BC0
1 3 1 04090 0 0750 3.75 00532.p 0 0 00 000 00 002401 3.1746 S2P0
1 5 0 05024 0 0000 1.00 00000.o 0 0 00 000 00 000000 0.000 OF0
532.000 .p Analog 0 	532.000 .p Analog StErr 0 	532.000 .p Photon Counting 0 	532.000 .p PC StErr 0 	0.000 .o Overflow Info 0 
6.02413	0.000959832	1.33278	0.148268	0
6.02645	0.000990966	1.33278	0.148268	0
6.02523	0.000987593	1.14952	0.136366	0
6.02624	0.00102813	1.2828	0.145888	0
6.02715	0.000981431	1.14952	0.138407	0
6.02606	0.00102936	1.43274	0.15541	0
6.02698	0.00103741	1.1995	0.139087	0
6.02799	0.00103825	1.38276	0.150989	0
6.02831	0.00106543	1.48272	0.15609	0
6.02884	0.0010546	1.43274	0.153709	0
6.02654	0.00100627	1.13286	0.137386	0
6.02576	0.00099635	1.4494	0.15439	0
6.02749	0.00099142	1.08288	0.132625	0
6.02788	0.00104623	1.71595	0.173773	0
6.02653	0.00104097	1.09954	0.133646	0
6.02586	0.000997777	1.1995	0.139087	0
6.0275	0.00104454	1.34944	0.153029	0
6.02803	0.00100744	1.23282	0.143167	0
6.02582	0.000966513	1.06622	0.131605	0
6.02452	0.000976956	1.23282	0.143167	0
6.02699	0.00102405	1.38276	0.150989	0
6.02744	0.00102949	1.43274	0.153709	0
6.02614	0.00100186	1.26614	0.142827	0
6.02639	0.000961324	1.26614	0.144868	0
6.02533	0.00100329	1.04956	0.130585	0
6.02525	0.00101042	1.23282	0.144868	0
6.02695	0.000989799	1.06622	0.131605	0
6.02661	0.00103099	1.46606	0.15507	0
6.02641	0.000969562	1.14952	0.136366	0
6.02576	0.00101017	1.24948	0.143848	0
6.02665	0.000998296	1.24948	0.147928	0
6.02893	0.00105849	1.53269	0.160171	0
6.02798	0.00102223	1.14952	0.136366	0
6.02553	0.000988242	1.04956	0.130585	0
6.02715	0.000990512	1.14952	0.136366	0
6.02827	0.0010413	1.4494	0.152689	0
6.02719	0.000981042	1.16618	0.137386	0
6.0257	0.000953735	1.06622	0.131605	0
6.02596	0.00104681	1.39942	0.152009	0
6.02745	0.00104454	1.2828	0.143848	0
6.0283	0.00104999	1.39942	0.15541	0
6.0276	0.00105687	1.56601	0.15847	0
6.02734	0.00106835	1.34944	0.149289	0
6.02531	0.00100154	1.26614	0.144868	0
6.02588	0.00102028	1.1995	0.141127	0
6.0266	0.000996155	1.34944	0.147248	0
6.02641	0.000997517	1.21616	0.140107	0
6.02569	0.00102943	1.26614	0.142827	0
6.0254	0.000972221	0.932945	0.123104	0
6.02458	0.000977929	1.1162	0.136366	0
6.02504	0.000994728	1.29946	0.146568	0
6.02645	0.00101535	1.24948	0.142147	0
6.02711	0.00105278	1.39942	0.149969	0
6.02648	0.000991744	1.1162	0.136366	0
6.0246	0.000996544	1.13286	0.137386	0
6.02567	0.000998166	1.24948	0.142147	0
6.02661	0.000988242	1.34944	0.150989	0
6.02653	0.00101497	1.38276	0.150989	0
6.02759	0.00106478	1.51603	0.161191	0
6.02621	0.00101347	1.01624	0.128545	0
6.02617	0.000999852	1.26614	0.142827	0
6.02769	0.00102852	1.3661	0.153709	0
6.02679	0.00103806	1.33278	0.146568	0
6.02597	0.001033	1.46606	0.15507	0
6.02691	0.00100738	1.33278	0.148268	0
6.02687	0.00103118	1.23282	0.143167	0
6.02737	0.00103066	1.21616	0.142147	0
6.02588	0.000997647	1.04956	0.134666	0
6.02557	0.000996025	1.13286	0.137386	0
6.02552	0.00099155	1.2828	0.143848	0
6.02618	0.0010053	1.26614	0.142827	0
6.02817	0.000994923	1.31612	0.149289	0
6.02711	0.000996804	0.999584	0.127524	0
6.02813	0.00103397	1.49938	0.15847	0
6.0286	0.00102307	1.24948	0.143848	0
6.02644	0.00104493	1.33278	0.146568	0
6.0278	0.00108502	1.46606	0.153369	0
6.02806	0.00105265	1.39942	0.153709	0
6.02658	0.00104597	1.24948	0.142147	0
6.026	0.00104746	1.13286	0.135346	0
6.02624	0.000976242	1.26614	0.144868	0
6.02673	0.00105447	1.04956	0.130585	0
6.0266	0.00105427	1.31612	0.147588	0
6.02559	0.00101049	1.33278	0.148268	0
6.02529	0.00101568	1.2828	0.143848	0
6.02681	0.00101983	1.23282	0.143167	0
6.02741	0.0010162	1.2828	0.145888	0
6.02712	0.000977215	1.34944	0.147248	0
6.02717	0.00102392	1.26614	0.142827	0
6.02707	0.00103605	1.39942	0.152009	0
6.0264	0.00103092	1.29946	0.146568	0
6.02688	0.00107444	1.26614	0.142827	0
6.02772	0.0010234	1.2828	0.145888	0
6.02747	0.00104662	1.41608	0.152689	0
6.02633	0.00101685	1.29946	0.148608	0
6.02607	0.00106938	1.41608	0.15643	0
6.02877	0.00108294	1.56601	0.161871	0
6.02759	0.00103786	1.23282	0.143167	0
6.02605	0.00099862	1.1162	0.134326	0
6.0257	0.000997452	1.1995	0.139087	0
6.0267	0.00104286	1.43274	0.15711	0
6.02791	0.0010533	1.1995	0.139087	0
6.02664	0.00100712	1.1995	0.139087	0
6.02444	0.000977475	1.26614	0.146908	0
6.02586	0.000978059	1.26614	0.146908	0
6.02689	0.00102586	1.31612	0.149289	0
6.02668	0.00104941	1.29946	0.148608	0
6.02493	0.00100433	1.41608	0.150989	0
6.02594	0.00105654	1.51603	0.159491	0
6.02752	0.00103585	1.23282	0.141127	0
6.02604	0.000982664	1.09954	0.135686	0
6.02584	0.000988696	1.08288	0.132625	0
6.02714	0.00102988	1.23282	0.143167	0
6.02822	0.00102599	1.41608	0.152689	0
6.02726	0.00101354	1.3661	0.150309	0
6.02725	0.00105557	1.61599	0.165952	0
6.02708	0.00103741	1.29946	0.148608	0
6.02558	0.00103942	1.23282	0.143167	0
6.02556	0.00101633	1.13286	0.135346	0
6.02635	0.00098435	1.1162	0.134326	0
6.02671	0.000998555	1.24948	0.142147	0
6.02783	0.00102132	1.53269	0.15847	0
6.02686	0.00101899	1.08288	0.132625	0
6.026	0.000989799	1.13286	0.139427	0
6.02753	0.000995766	1.39942	0.152009	0
6.02722	0.000996998	1.29946	0.144868	0
6.02595	0.00100647	1.24948	0.143848	0
6.02558	0.000988242	1.2828	0.143848	0
6.02604	0.00100802	1.21616	0.140107	0
6.02651	0.000962946	1.06622	0.131605	0
6.02604	0.000973518	1.16618	0.137386	0
6.02549	0.000990966	1.51603	0.15575	0
6.02758	0.00103858	1.24948	0.143848	0
6.02878	0.00106186	1.61599	0.164251	0
6.02776	0.00106348	1.38276	0.150989	0
6.02714	0.00106705	1.21616	0.140107	0
6.02696	0.00102126	1.26614	0.144868	0
6.0278	0.00104253	1.2828	0.143848	0
6.02747	0.00102022	1.2828	0.143848	0
6.02649	0.00102768	1.26614	0.144868	0
6.02608	0.000968394	0.982924	0.126504	0
6.02623	0.00100238	1.21616	0.140107	0
6.02654	0.00101938	1.08288	0.136706	0
6.02594	0.00099622	1.39942	0.152009	0
6.02714	0.00102709	1.33278	0.146568	0
6.02728	0.00102359	1.33278	0.148268	0
6.02665	0.000984869	1.43274	0.153709	0
6.02691	0.001009	1.1162	0.136366	0
6.02526	0.000986685	1.23282	0.141127	0
6.02597	0.000997387	0.982924	0.128545	0
6.02737	0.00101594	1.43274	0.151669	0
6.02657	0.000997777	1.16618	0.139427	0
6.02769	0.00107457	1.54935	0.159151	0
6.02756	0.00103131	1.08288	0.134666	0
6.02513	0.000976567	1.13286	0.135346	0
6.02449	0.000982339	1.01624	0.130585	0
6.02646	0.000989085	1.3661	0.150309	0
6.02791	0.00100115	1.18284	0.140447	0
6.02674	0.00105161	1.39942	0.153709	0
6.0253	0.00102703	1.23282	0.146908	0
6.02631	0.00101153	1.13286	0.135346	0
6.02755	0.00102372	1.26614	0.146908	0
6.02763	0.00102456	1.34944	0.147248	0
6.02721	0.00102353	1.23282	0.141127	0
6.02775	0.00103319	1.46606	0.15507	0
6.02722	0.00100524	1.26614	0.142827	0
6.02562	0.00101458	1.04956	0.130585	0
6.02648	0.00106257	1.59933	0.168332	0
6.02633	0.00102534	1.08288	0.134666	0
6.02472	0.000986231	0.999584	0.127524	0
6.02548	0.00100757	1.2828	0.145888	0
6.02601	0.00100686	1.43274	0.15881	0
6.02632	0.000968913	1.0329	0.129565	0
6.02566	0.000996285	1.1995	0.143167	0
6.02591	0.00102619	1.23282	0.144868	0
6.02689	0.000985323	1.3661	0.148268	0
6.02722	0.00102229	1.31612	0.147588	0
6.02705	0.00104136	1.54935	0.15745	0
6.02661	0.00103546	1.16618	0.141467	0
6.02619	0.00102482	1.14952	0.138407	0
6.02549	0.00102372	1.14952	0.136366	0
6.02619	0.000995701	1.16618	0.137386	0
6.02609	0.00097955	0.999584	0.127524	0
6.02684	0.00102949	1.2828	0.147588	0
6.02706	0.00100258	1.26614	0.142827	0
6.02662	0.00101989	1.4494	0.152689	0
6.02684	0.0010055	1.16618	0.141467	0
6.02718	0.00101237	1.33278	0.148268	0
6.02712	0.00104078	1.24948	0.143848	0
6.02707	0.00101756	1.29946	0.146568	0
6.02491	0.000973583	0.932945	0.123104	0
6.02343	0.000942903	1.14952	0.136366	0
6.02729	0.00100452	1.3661	0.148268	0
6.02871	0.00103241	1.46606	0.15507	0
6.02586	0.00105233	1.1995	0.141127	0
6.02562	0.00102087	1.34944	0.15643	0
6.02617	0.00106089	1.33278	0.148268	0
6.02591	0.00101133	1.18284	0.138407	0
6.02538	0.00102216	1.29946	0.146568	0
6.02574	0.000971313	1.16618	0.139427	0
6.02674	0.00103235	1.41608	0.15813	0
6.02753	0.00109254	1.29946	0.152349	0
6.02576	0.00100335	1.26614	0.148608	0
6.02638	0.00106141	1.48272	0.15609	0
6.02829	0.00105816	1.24948	0.142147	0
6.02688	0.000997517	1.38276	0.152689	0
6.02563	0.000989409	1.0329	0.131605	0
6.02666	0.00100063	1.31612	0.151329	0
6.02687	0.000985128	1.21616	0.140107	0
6.0267	0.00104104	1.3661	0.148268	0
6.02794	0.00102353	1.18284	0.140447	0
6.02724	0.0010341	1.51603	0.15779	0
6.0274	0.00100342	1.26614	0.150649	0
6.0288	0.00104046	1.23282	0.141127	0
6.02961	0.00107289	1.3661	0.150309	0
6.02783	0.00102067	1.21616	0.142147	0
6.02608	0.00101205	1.24948	0.145888	0
6.02612	0.000997712	1.26614	0.142827	0
6.02714	0.000980329	1.1995	0.141127	0
6.02533	0.00102041	1.18284	0.142147	0
6.02587	0.00102826	1.39942	0.149969	0
6.02613	0.00101179	1.0329	0.131605	0
6.02511	0.000997712	1.46606	0.153369	0
6.0259	0.00100439	1.04956	0.132625	0
6.02803	0.00102281	1.2828	0.147588	0
6.02824	0.00105888	1.61599	0.160851	0
6.0281	0.00106802	1.2828	0.143848	0
6.0262	0.00100653	1.26614	0.142827	0
6.02635	0.00104785	1.38276	0.149289	0
6.02671	0.000990836	1.33278	0.148268	0
6.02568	0.0010007	1.1995	0.139087	0
6.02717	0.00101133	1.3661	0.148268	0
6.02904	0.00103507	1.33278	0.146568	0
6.02757	0.00100258	1.09954	0.133646	0
6.02547	0.000999139	1.4494	0.15439	0
6.02615	0.00102807	1.3661	0.148268	0
6.02623	0.000978253	0.882965	0.120043	0
6.02714	0.0010354	1.46606	0.15711	0
6.02766	0.00103183	1.3661	0.150309	0
6.02508	0.000976826	0.999584	0.129565	0
6.02484	0.000996804	1.18284	0.140447	0
6.02592	0.000945562	1.26614	0.142827	0
6.0253	0.00100238	1.14952	0.136366	0
6.02663	0.0010064	1.2828	0.143848	0
6.02585	0.000989085	1.16618	0.139427	0
6.02641	0.000987464	1.18284	0.140447	0
6.02735	0.000963205	1.1995	0.141127	0
6.02672	0.00100945	1.31612	0.145548	0
6.02772	0.00104097	1.33278	0.150309	0
6.02762	0.000980134	1.3661	0.148268	0
6.02556	0.000995766	1.13286	0.135346	0
6.02464	0.000961	1.08288	0.134666	0
6.02472	0.000994144	1.38276	0.149289	0
6.02477	0.000958794	0.916285	0.122083	0
6.02523	0.000961454	1.08288	0.132625	0
6.02466	0.000964632	1.1162	0.134326	0
6.02683	0.00106368	1.4494	0.15439	0
6.02759	0.00103157	1.24948	0.143848	0
6.02635	0.00101918	1.14952	0.136366	0
6.02578	0.000996804	1.43274	0.153709	0
6.0271	0.00106828	1.41608	0.15813	0
6.0274	0.00104156	1.21616	0.140107	0
6.02505	0.00098662	1.16618	0.137386	0
6.0258	0.00100083	1.31612	0.149289	0
6.02758	0.00103442	1.39942	0.152009	0
6.02678	0.00104325	1.13286	0.135346	0
6.02605	0.00101685	1.31612	0.145548	0
6.02594	0.000992004	1.41608	0.15439	0
6.02614	0.000994339	1.13286	0.139427	0
6.02612	0.00103086	1.21616	0.145888	0
6.02605	0.00102359	1.21616	0.144188	0
6.02621	0.00101367	1.18284	0.138407	0
6.02697	0.0010007	1.06622	0.133646	0
6.02576	0.000994209	1.38276	0.149289	0
6.02599	0.000975918	1.16618	0.139427	0
6.02632	0.00100686	1.33278	0.148268	0
6.0274	0.000976956	1.18284	0.140447	0
6.02699	0.000996869	1.31612	0.147588	0
6.02813	0.000992912	1.1995	0.139087	0
6.02672	0.000982534	1.08288	0.132625	0
6.02617	0.00101036	1.33278	0.146568	0
6.02664	0.000998296	1.23282	0.141127	0
6.02645	0.000989734	1.2828	0.147588	0
6.02662	0.000990512	1.38276	0.149289	0
6.02761	0.00103618	1.43274	0.15711	0
6.02806	0.00108923	1.43274	0.15541	0
6.02797	0.00105946	1.43274	0.153709	0
6.0275	0.00101211	1.41608	0.152689	0
6.02577	0.00102249	1.13286	0.137386	0
6.02647	0.00101334	1.4494	0.152689	0
6.02777	0.00104513	1.38276	0.150989	0
6.02773	0.00102405	1.2828	0.143848	0
6.02866	0.0010867	1.61599	0.160851	0
6.02763	0.00102476	1.21616	0.142147	0
6.02555	0.00100394	1.14952	0.138407	0
6.02754	0.00101626	1.64931	0.162211	0
6.02815	0.00103403	1.34944	0.147248	0
6.02586	0.00102152	1.16618	0.137386	0
6.02448	0.0010031	1.04956	0.130585	0
6.02526	0.000988307	1.31612	0.149289	0
6.02729	0.00101516	1.24948	0.142147	0
6.02679	0.000989409	1.46606	0.153369	0
6.02648	0.00103429	1.1162	0.134326	0
6.02534	0.00101075	1.1162	0.136366	0
6.02582	0.000989215	1.24948	0.142147	0
6.02751	0.00102975	1.49938	0.15847	0
6.0265	0.00102009	1.26614	0.146908	0
6.02738	0.00101159	1.29946	0.144868	0
6.02788	0.0010496	1.1995	0.143167	0
6.02605	0.00102301	1.33278	0.146568	0
6.02674	0.00105868	1.4494	0.15609	0
6.02778	0.00103922	1.24948	0.143848	0
6.02882	0.00105252	1.3661	0.148268	0
6.02838	0.00100491	1.23282	0.141127	0
6.02608	0.000992653	1.18284	0.140447	0
6.02655	0.00101146	1.33278	0.148268	0
6.02624	0.00101393	1.18284	0.138407	0
6.02418	0.000957627	0.932945	0.125484	0
6.02568	0.00097008	1.21616	0.140107	0
6.02706	0.000991939	1.01624	0.128545	0
6.02841	0.00104584	1.66597	0.163231	0
6.02806	0.00103105	1.21616	0.142147	0
6.02533	0.00101899	1.26614	0.146908	0
6.02566	0.00105252	1.51603	0.15779	0
6.02844	0.00104792	1.39942	0.149969	0
6.0265	0.00103027	1.26614	0.142827	0
6.02679	0.00102683	1.33278	0.146568	0
6.02799	0.00101458	1.39942	0.149969	0
6.02591	0.00105388	1.2828	0.145888	0
6.02579	0.00099635	1.23282	0.143167	0
6.02678	0.00102327	1.2828	0.145888	0
6.02688	0.0010258	1.2828	0.145888	0
6.02765	0.00104091	1.3661	0.148268	0
6.02717	0.0010509	1.41608	0.15439	0
6.02713	0.00105168	1.41608	0.152689	0
6.02741	0.00103092	1.33278	0.146568	0
6.02702	0.00102015	1.4494	0.15439	0
6.02687	0.000999723	1.23282	0.143167	0
6.02805	0.000976956	1.21616	0.140107	0
6.02907	0.00103851	1.69929	0.169693	0
6.02826	0.00106497	1.3661	0.150309	0
6.0269	0.00101237	1.26614	0.142827	0
6.02762	0.00104201	1.33278	0.148268	0
6.02778	0.00100329	1.16618	0.137386	0
6.02673	0.00105194	1.24948	0.142147	0
6.0262	0.00102184	1.23282	0.143167	0
6.02344	0.000972156	1.09954	0.139767	0
6.02389	0.00096781	1.24948	0.143848	0
6.02682	0.00100841	1.1995	0.139087	0
6.02717	0.00108333	1.53269	0.161871	0
6.02684	0.00101101	1.16618	0.137386	0
6.02681	0.00101613	1.43274	0.151669	0
6.02821	0.00106932	1.4494	0.152689	0
6.027	0.00103676	1.38276	0.150989	0
6.02805	0.00106984	1.58267	0.160851	0
6.02788	0.00103339	1.38276	0.149289	0
6.02693	0.00100796	1.24948	0.142147	0
6.02702	0.000988761	1.34944	0.149289	0
6.02725	0.00102748	1.1995	0.141127	0
6.02703	0.00101555	1.48272	0.15609	0
6.02735	0.00101587	1.29946	0.144868	0
6.02666	0.000991031	1.3661	0.152009	0
6.02739	0.00102956	1.29946	0.148608	0
6.02734	0.00101516	1.33278	0.146568	0
6.02539	0.00101088	1.41608	0.15439	0
6.02754	0.00101989	1.3661	0.148268	0
6.02764	0.000971443	0.966264	0.125484	0
6.02614	0.00101282	1.43274	0.151669	0
6.02775	0.00106212	1.53269	0.163571	0
6.02508	0.000999658	1.33278	0.148268	0
6.02349	0.00101782	1.13286	0.139427	0
6.02489	0.000977604	0.816327	0.122423	0
6.02644	0.000996933	1.3661	0.150309	0
6.02856	0.00105777	1.53269	0.161871	0
6.02643	0.00101334	1.16618	0.137386	0
6.02475	0.000992069	1.24948	0.143848	0
6.0264	0.000987204	1.04956	0.134666	0
6.02617	0.000993366	1.38276	0.152689	0
6.02568	0.000967291	1.23282	0.143167	0
6.02692	0.00101094	1.18284	0.138407	0
6.02646	0.00101484	1.2828	0.143848	0
6.02596	0.00099836	1.23282	0.141127	0
6.02719	0.000974751	0.966264	0.125484	0
6.02723	0.0010088	1.33278	0.150309	0
6.02693	0.00100348	1.26614	0.146908	0
6.02722	0.000996479	1.23282	0.143167	0
6.02614	0.000987918	1.1162	0.134326	0
6.02607	0.000997712	1.43274	0.153709	0
6.02815	0.00101931	1.2828	0.143848	0
6.02627	0.000985583	1.29946	0.148608	0
6.02678	0.00102035	1.41608	0.15439	0
6.02777	0.00103708	1.1995	0.139087	0
6.02674	0.00101931	1.3661	0.152009	0
6.02581	0.00099875	1.21616	0.145888	0
6.02682	0.00100264	1.3661	0.15575	0
6.02585	0.000982664	1.33278	0.146568	0
6.02453	0.0010088	0.866306	0.118683	0
6.0257	0.000975075	1.41608	0.150989	0
6.02797	0.00106653	1.43274	0.153709	0
6.02651	0.0010389	1.1995	0.141127	0
6.02427	0.000954708	1.1162	0.134326	0
6.02545	0.00101853	1.21616	0.144188	0
6.02713	0.0010317	1.13286	0.137386	0
6.02572	0.00100848	1.13286	0.135346	0
6.02813	0.00102645	1.1995	0.141127	0
6.02766	0.00100738	1.13286	0.135346	0
6.02623	0.00100854	1.24948	0.147928	0
6.02714	0.00104091	1.4494	0.15439	0
6.02769	0.0010437	1.49938	0.15677	0
6.02736	0.00102625	1.16618	0.139427	0
6.02676	0.00100465	1.21616	0.140107	0
6.02624	0.00100245	1.24948	0.142147	0
6.02679	0.000994598	1.06622	0.135686	0
6.02726	0.00103527	1.3661	0.148268	0
6.02757	0.00102327	1.43274	0.151669	0
6.02663	0.00104325	1.06622	0.131605	0
6.02507	0.000990058	1.0329	0.131605	0
6.02603	0.000995117	1.41608	0.152689	0
6.02675	0.00104902	1.33278	0.146568	0
6.0246	0.000997193	1.18284	0.140447	0
6.02612	0.00102346	1.68263	0.163911	0
6.02775	0.00102677	1.2828	0.143848	0
6.02692	0.00104305	1.64931	0.163911	0
6.02714	0.00104033	1.43274	0.151669	0
6.02556	0.00101276	1.13286	0.137386	0
6.02452	0.000977345	1.29946	0.144868	0
6.02747	0.00103929	1.51603	0.15779	0
6.02803	0.00102385	1.3661	0.148268	0
6.02639	0.0010378	1.34944	0.149289	0
6.02586	0.000988631	1.1162	0.134326	0
6.02623	0.000973064	0.899625	0.123444	0
6.02447	0.000975918	1.04956	0.134666	0
6.02604	0.00104376	1.33278	0.146568	0
6.02763	0.00101224	1.21616	0.140107	0
6.02602	0.00100796	1.21616	0.144188	0
6.02678	0.00106251	1.3661	0.150309	0
6.02652	0.000980848	0.949604	0.124464	0
6.02523	0.00100634	1.06622	0.135686	0
6.02656	0.00102619	1.39942	0.152009	0
6.0262	0.000989604	1.1162	0.134326	0
6.02453	0.000985777	1.21616	0.140107	0
6.02633	0.00102178	1.09954	0.135686	0
6.02671	0.0010173	1.14952	0.138407	0
6.02642	0.00104065	1.49938	0.15507	0
6.02894	0.00104513	1.41608	0.15439	0
6.03071	0.00107354	1.79925	0.170713	0
6.02769	0.00103909	1.18284	0.138407	0
6.02612	0.000999398	1.23282	0.143167	0
6.02702	0.00104804	1.23282	0.144868	0
6.02633	0.000978383	1.1995	0.139087	0
6.02726	0.00103442	1.46606	0.15711	0
6.02785	0.00104253	1.13286	0.135346	0
6.02443	0.000989539	1.18284	0.138407	0
6.02477	0.000985258	1.04956	0.130585	0
6.02544	0.001009	1.16618	0.137386	0
6.02489	0.000967097	0.982924	0.126504	0
6.0267	0.000986101	1.39942	0.152009	0
6.02769	0.00103566	1.2828	0.145888	0
6.02664	0.00100323	1.1995	0.139087	0
6.02579	0.00100433	1.21616	0.140107	0
6.02704	0.00101062	1.39942	0.149969	0
6.02856	0.00104785	1.2828	0.145888	0
6.02858	0.00108735	1.63265	0.164932	0
6.02792	0.0010568	1.56601	0.160171	0
6.02673	0.00103293	1.31612	0.145548	0
6.02698	0.00103825	1.1162	0.134326	0
6.02821	0.0010125	1.41608	0.150989	0
6.02833	0.0010459	1.3661	0.152009	0
6.02699	0.0010677	1.31612	0.145548	0
6.02651	0.00104415	1.34944	0.147248	0
6.02659	0.00104934	1.4494	0.15609	0
6.02693	0.00105246	1.29946	0.148608	0
6.0264	0.0010317	1.41608	0.152689	0
6.02533	0.000995312	1.14952	0.136366	0
6.02616	0.00100828	1.46606	0.15507	0
6.0278	0.00106231	1.2828	0.145888	0
6.02869	0.0010784	1.78259	0.173433	0
6.02724	0.00104065	1.0329	0.129565	0
6.02673	0.00102632	1.46606	0.15507	0
6.02713	0.000977734	1.13286	0.135346	0
6.02536	0.00098422	1.1162	0.134326	0
6.02536	0.00100134	1.1995	0.141127	0
6.0283	0.00101133	1.29946	0.144868	0
6.02736	0.00102495	1.38276	0.149289	0
6.02681	0.00100621	1.2828	0.145888	0
6.02602	0.00100264	1.29946	0.146568	0
6.0275	0.00109196	1.46606	0.15711	0
6.02704	0.00101886	1.09954	0.133646	0
6.02623	0.00101905	1.26614	0.144868	0
6.02577	0.00102392	1.29946	0.146568	0
6.02744	0.00105823	1.4494	0.15609	0
6.02797	0.00103326	1.51603	0.15575	0
6.02774	0.00102846	1.56601	0.160171	0
6.02857	0.00108171	1.54935	0.161191	0
6.02715	0.0010136	1.2828	0.143848	0
6.02548	0.000989604	1.14952	0.140447	0
6.02646	0.000999917	1.23282	0.143167	0
6.02652	0.0010029	1.21616	0.142147	0
6.02472	0.00102859	1.24948	0.143848	0
6.02554	0.0010088	1.04956	0.134666	0
6.02625	0.00104513	1.4494	0.15439	0
6.02567	0.000994404	1.26614	0.142827	0
6.02636	0.00103968	1.26614	0.144868	0
6.02816	0.0010747	1.43274	0.153709	0
6.02564	0.00102593	1.1995	0.139087	0
6.02446	0.000995571	1.01624	0.132625	0
6.02618	0.000982793	1.06622	0.131605	0
6.0254	0.000999009	1.56601	0.161871	0
6.02569	0.000967486	1.01624	0.130585	0
6.02686	0.000989409	1.04956	0.132625	0
6.02629	0.0010162	1.24948	0.143848	0
6.02496	0.00100323	0.949604	0.124464	0
6.02616	0.000990123	1.2828	0.143848	0
6.02868	0.00101899	1.3661	0.148268	0
6.02741	0.00101607	1.2828	0.145888	0
6.02512	0.000998944	1.31612	0.149289	0
6.02632	0.000995636	1.24948	0.142147	0
6.02695	0.00100705	1.38276	0.152689	0
6.02665	0.00101023	1.4494	0.15439	0
6.02586	0.00101672	1.1995	0.139087	0
6.02404	0.00095873	1.01624	0.128545	0
6.0248	0.000969691	1.08288	0.134666	0
6.02872	0.0010378	1.66597	0.167992	0
6.02771	0.00103423	1.14952	0.136366	0
6.02538	0.00104448	1.4494	0.152689	0
6.02743	0.00104149	1.4494	0.15609	0
6.02726	0.000998296	1.26614	0.146908	0
6.0262	0.0010186	1.43274	0.15711	0
6.02568	0.00101951	1.23282	0.141127	0
6.02567	0.00102975	1.31612	0.147588	0
6.02656	0.00100115	1.2828	0.143848	0
6.02927	0.00102761	1.38276	0.150989	0
6.02732	0.000988177	1.29946	0.146568	0
6.02463	0.000964178	1.13286	0.135346	0
6.02606	0.000991226	1.04956	0.130585	0
6.02867	0.00100024	1.39942	0.153709	0
6.02753	0.00105499	1.16618	0.143167	0
6.02825	0.00103384	1.33278	0.146568	0
6.02759	0.00100387	1.29946	0.148608	0
6.02775	0.00100893	1.29946	0.144868	0
6.02777	0.00101944	1.24948	0.143848	0
6.02662	0.00101918	1.48272	0.15609	0
6.02619	0.00101698	1.33278	0.148268	0
6.02778	0.00105187	1.3661	0.15575	0
6.02759	0.00103468	1.4494	0.15439	0
6.02585	0.000989863	1.21616	0.142147	0
6.02576	0.00105233	1.4494	0.15439	0
6.02688	0.00103553	1.2828	0.143848	0
6.02676	0.000994534	1.41608	0.15439	0
6.02629	0.00106478	1.16618	0.139427	0
6.02727	0.00102249	1.1995	0.141127	0
6.02659	0.00104766	1.24948	0.143848	0
6.02589	0.000993885	1.01624	0.128545	0
6.02665	0.0010031	1.38276	0.150989	0
6.02753	0.00108696	1.41608	0.150989	0
6.02757	0.00103916	1.4494	0.15439	0
6.02747	0.00104117	1.49938	0.15677	0
6.02844	0.001069	1.31612	0.145548	0
6.02724	0.00104337	1.48272	0.15609	0
6.02725	0.00102398	1.21616	0.144188	0
6.02665	0.00103125	1.26614	0.144868	0
6.02609	0.000971572	1.06622	0.131605	0
6.02792	0.00105414	1.54935	0.15745	0
6.02866	0.00105622	1.41608	0.152689	0
6.02704	0.00102333	1.24948	0.142147	0
6.02745	0.00101976	1.31612	0.147588	0
6.02743	0.0010234	1.14952	0.138407	0
6.02535	0.000996933	1.18284	0.138407	0
6.02597	0.00102878	1.13286	0.135346	0
6.02777	0.00104078	1.4494	0.15609	0
6.02761	0.00101788	1.08288	0.136706	0
6.0251	0.00101509	1.18284	0.138407	0
6.02568	0.00100095	1.33278	0.146568	0
6.0276	0.00102878	1.3661	0.148268	0
6.02653	0.00102606	1.16618	0.137386	0
6.02495	0.00103014	1.29946	0.144868	0
6.02582	0.00101477	1.1995	0.139087	0
6.02713	0.00100887	1.23282	0.143167	0
6.02622	0.00101717	1.13286	0.135346	0
6.02603	0.00101081	1.06622	0.133646	0
6.02668	0.00101295	1.24948	0.142147	0
6.02779	0.00105032	1.29946	0.144868	0
6.02858	0.00104376	1.43274	0.15881	0
6.02807	0.00105797	1.2828	0.145888	0
6.02863	0.00105375	1.34944	0.149289	0
6.02836	0.00105369	1.39942	0.152009	0
6.02803	0.00101925	1.29946	0.150309	0
6.02766	0.00105181	1.39942	0.152009	0
6.02815	0.00104461	1.39942	0.152009	0
6.02759	0.00106517	1.16618	0.137386	0
6.02531	0.000998944	1.23282	0.143167	0
6.02537	0.00102904	1.33278	0.146568	0
6.02585	0.00101224	1.24948	0.142147	0
6.02687	0.00104195	1.26614	0.144868	0
6.02654	0.000994144	1.1162	0.134326	0
6.02551	0.00101341	1.26614	0.142827	0
6.02611	0.000973259	1.13286	0.135346	0
6.02519	0.00101503	1.08288	0.132625	0
6.02561	0.00102859	1.31612	0.145548	0
6.02873	0.00107172	1.49938	0.15677	0
6.02823	0.00103721	1.38276	0.150989	0
6.02713	0.00106329	1.53269	0.15847	0
6.02674	0.000994469	1.1162	0.134326	0
6.02634	0.000984091	1.04956	0.130585	0
6.02783	0.00101237	1.29946	0.144868	0
6.02818	0.0010101	1.48272	0.15439	0
6.02667	0.00103468	1.29946	0.144868	0
6.02702	0.00103274	1.39942	0.149969	0
6.02823	0.00100121	1.21616	0.140107	0
6.02741	0.000998814	1.09954	0.133646	0
6.02745	0.00102262	1.3661	0.152009	0
6.02822	0.0010426	1.26614	0.144868	0
6.0272	0.00103449	1.33278	0.148268	0
6.02809	0.00101646	1.09954	0.135686	0
6.02845	0.00104993	1.54935	0.15745	0
6.02607	0.00102411	1.24948	0.142147	0
6.02569	0.00104305	1.33278	0.148268	0
6.02741	0.00107055	1.2828	0.145888	0
6.02834	0.001045	1.33278	0.148268	0
6.02695	0.00106147	1.43274	0.153709	0
6.02736	0.00104902	1.38276	0.150989	0
6.02858	0.00106309	1.4494	0.152689	0
6.02656	0.00100731	1.29946	0.146568	0
6.02517	0.00103858	1.29946	0.144868	0
6.02628	0.0010173	1.34944	0.147248	0
6.02487	0.000989085	0.966264	0.129565	0
6.02508	0.000997777	1.23282	0.141127	0
6.02779	0.00101717	1.4494	0.152689	0
6.02883	0.00104629	1.3661	0.152009	0
6.02768	0.00105297	1.29946	0.148608	0
6.02585	0.000999593	1.01624	0.128545	0
6.02526	0.00100991	1.33278	0.148268	0
6.02633	0.00101406	1.26614	0.146908	0
6.02614	0.000988566	1.24948	0.142147	0
6.02603	0.00098915	1.09954	0.133646	0
6.02673	0.00103851	1.56601	0.15847	0
6.02759	0.00105706	1.43274	0.15541	0
6.02628	0.00102917	1.33278	0.150309	0
6.02426	0.000974361	1.01624	0.128545	0
6.0269	0.00103624	1.38276	0.150989	0
6.02977	0.00107334	1.74927	0.168672	0
6.02762	0.000990447	1.06622	0.131605	0
6.02587	0.000981561	1.29946	0.144868	0
6.02538	0.000967551	1.33278	0.146568	0
6.02618	0.00100134	1.34944	0.150989	0
6.02653	0.00102502	1.18284	0.140447	0
6.0267	0.00104915	1.43274	0.15541	0
6.02728	0.000997842	1.23282	0.141127	0
6.02751	0.00103455	1.54935	0.162891	0
6.0292	0.00103643	1.43274	0.151669	0
6.02834	0.00107036	1.31612	0.145548	0
6.02416	0.000991809	1.0329	0.129565	0
6.02543	0.00104072	1.21616	0.142147	0
6.02748	0.00101458	1.04956	0.130585	0
6.02638	0.00103313	1.4494	0.152689	0
6.02699	0.00102936	1.31612	0.145548	0
6.02767	0.00101581	1.31612	0.147588	0
6.02595	0.00103254	1.06622	0.131605	0
6.02597	0.000982599	1.2828	0.143848	0
6.02661	0.00100063	1.16618	0.139427	0
6.02649	0.00101548	1.09954	0.133646	0
6.02658	0.00100614	1.3661	0.150309	0
6.02584	0.000976307	1.13286	0.135346	0
6.02512	0.000990188	1.1162	0.134326	0
6.02715	0.00103241	1.34944	0.153029	0
6.0278	0.00104772	1.24948	0.143848	0
6.02671	0.000995571	1.16618	0.137386	0
6.02548	0.00100387	1.21616	0.142147	0
6.02754	0.00104474	1.43274	0.15541	0
6.02825	0.00101341	1.46606	0.153369	0
6.02749	0.00102482	1.3661	0.148268	0
6.02681	0.00100679	1.33278	0.146568	0
6.0261	0.00102359	1.26614	0.142827	0
6.02513	0.000971507	1.09954	0.133646	0
6.02591	0.000978707	1.21616	0.140107	0
6.02626	0.000991485	1.16618	0.137386	0
6.02697	0.00104162	1.31612	0.151329	0
6.02758	0.00101652	1.34944	0.147248	0
6.0274	0.00105187	1.29946	0.148608	0
6.02698	0.00111511	1.39942	0.152009	0
6.027	0.00103546	1.3661	0.148268	0
6.02772	0.00106115	1.14952	0.136366	0
6.02819	0.00105414	1.56601	0.163571	0
6.02748	0.00107795	1.33278	0.148268	0
6.0261	0.00101445	1.08288	0.134666	0
6.02594	0.0010112	1.31612	0.145548	0
6.02914	0.00102917	1.56601	0.161871	0
6.02761	0.00103682	1.46606	0.15881	0
6.02651	0.00100024	1.04956	0.132625	0
6.02797	0.00102807	1.09954	0.133646	0
6.02686	0.00100614	1.06622	0.131605	0
6.02533	0.00100939	1.14952	0.138407	0
6.02519	0.00100031	1.14952	0.138407	0
6.02545	0.00103922	1.34944	0.149289	0
6.02534	0.000954384	0.966264	0.125484	0
6.02612	0.00100297	1.31612	0.145548	0
6.02754	0.00101827	1.58267	0.164251	0
6.02691	0.00105583	1.34944	0.149289	0
6.02612	0.00102962	1.33278	0.148268	0
6.0264	0.00103384	1.29946	0.144868	0
6.02741	0.00105544	1.29946	0.150309	0
6.02713	0.00106231	1.46606	0.15507	0
6.02758	0.00104558	1.23282	0.141127	0
6.02661	0.00103222	1.41608	0.150989	0
6.02625	0.0010114	0.999584	0.127524	0
6.02748	0.0010352	1.46606	0.153369	0
6.0279	0.00105816	1.16618	0.139427	0
6.02757	0.00103449	1.41608	0.152689	0
6.0273	0.00100083	1.31612	0.145548	0
6.02628	0.00102722	1.09954	0.135686	0
6.02699	0.000999787	1.29946	0.150309	0
6.02749	0.00102366	1.06622	0.135686	0
6.02706	0.00107658	1.48272	0.159491	0
6.02782	0.00103339	1.1995	0.139087	0
6.02695	0.00102268	1.51603	0.15779	0
6.02569	0.0010269	1.16618	0.139427	0
6.02584	0.0010352	1.3661	0.152009	0
6.02805	0.00108592	1.33278	0.150309	0
6.02722	0.00103702	1.29946	0.148608	0
6.026	0.00100238	1.14952	0.136366	0
6.0268	0.00102158	1.39942	0.152009	0
6.02517	0.00100368	1.08288	0.136706	0
6.02435	0.000996479	1.23282	0.141127	0
6.02596	0.00102813	0.982924	0.126504	0
6.02618	0.00100718	1.21616	0.140107	0
6.02683	0.000995831	1.1995	0.139087	0
6.02792	0.00100245	1.21616	0.140107	0
6.02675	0.000999268	1.21616	0.142147	0
6.02518	0.000975723	1.16618	0.141467	0
6.02479	0.00096301	1.06622	0.133646	0
6.02664	0.00100206	1.29946	0.144868	0
6.02789	0.00104091	1.33278	0.148268	0
6.02823	0.00102294	1.0329	0.129565	0
6.02769	0.00107405	1.41608	0.152689	0
6.02797	0.00103987	1.01624	0.128545	0
6.0263	0.000993366	1.41608	0.152689	0
6.02736	0.001045	1.1995	0.143167	0
6.02758	0.000990707	1.21616	0.140107	0
6.02712	0.00105648	1.43274	0.151669	0
6.02708	0.00102385	1.1995	0.143167	0
6.02632	0.00101925	1.4494	0.15439	0
6.02665	0.00105888	1.3661	0.15575	0
6.02668	0.0010136	1.3661	0.150309	0
6.02674	0.00105771	1.58267	0.160851	0
6.02743	0.00104461	1.18284	0.142147	0
6.02645	0.00101548	1.29946	0.144868	0
6.02506	0.000998555	1.18284	0.138407	0
6.02586	0.00101529	1.26614	0.144868	0
6.02593	0.00102216	1.18284	0.138407	0
6.02565	0.000976437	1.04956	0.130585	0
6.02606	0.000997387	1.2828	0.145888	0
6.02731	0.000995896	1.1995	0.139087	0
6.02802	0.00106906	1.4494	0.15439	0
6.02864	0.00104266	1.48272	0.15609	0
6.02745	0.00102962	1.33278	0.146568	0
6.02805	0.00107217	1.2828	0.149629	0
6.02817	0.00102132	1.31612	0.149289	0
6.02852	0.00104811	1.38276	0.150989	0
6.0277	0.0010245	1.21616	0.140107	0
6.0271	0.0010411	1.49938	0.160511	0
6.02745	0.00105557	1.29946	0.144868	0
6.0253	0.0010138	0.949604	0.124464	0
6.02765	0.00105667	1.81591	0.173093	0
6.029	0.00106491	1.18284	0.142147	0
6.02683	0.0010496	1.41608	0.152689	0
6.02648	0.00106796	1.31612	0.145548	0
6.0268	0.00101042	1.29946	0.146568	0
6.02639	0.00100627	1.38276	0.149289	0
6.02674	0.00107555	1.21616	0.142147	0
6.02723	0.00102508	1.33278	0.148268	0
6.02739	0.00100284	1.39942	0.152009	0
6.02663	0.0010088	1.09954	0.135686	0
6.02597	0.00102178	1.46606	0.15711	0
6.02641	0.000989345	1.14952	0.138407	0
6.02575	0.000991485	1.08288	0.134666	0
6.02634	0.000983377	1.01624	0.130585	0
6.02638	0.00102366	1.06622	0.131605	0
6.02657	0.000989799	1.04956	0.132625	0
6.02726	0.00101652	1.66597	0.163231	0
6.02898	0.00103176	1.54935	0.159151	0
6.0276	0.000997517	0.999584	0.127524	0
6.02649	0.000984804	1.33278	0.148268	0
6.0273	0.000999333	1.26614	0.144868	0
6.02793	0.00102041	1.46606	0.153369	0
6.02766	0.00103274	1.38276	0.15473	0
6.02814	0.00103838	1.18284	0.138407	0
6.02694	0.00102223	1.54935	0.159151	0
6.02641	0.00102216	1.23282	0.144868	0
6.02748	0.00103708	1.4494	0.152689	0
6.02643	0.00102671	1.31612	0.145548	0
6.02622	0.00102891	1.38276	0.149289	0
6.02498	0.000985064	0.949604	0.126504	0
6.02428	0.000978123	1.1995	0.139087	0
6.02643	0.00105842	1.41608	0.15643	0
6.02767	0.00104363	1.1995	0.141127	0
6.02613	0.00101678	1.23282	0.141127	0
6.0266	0.0010738	1.54935	0.15745	0
6.02666	0.00104908	1.2828	0.143848	0
6.02554	0.00101788	1.33278	0.148268	0
6.02722	0.00102911	1.38276	0.149289	0
6.02768	0.000988436	1.1995	0.141127	0
6.02636	0.00102696	1.56601	0.15847	0
6.02774	0.00100031	1.13286	0.135346	0
6.02758	0.0010162	1.33278	0.148268	0
6.02697	0.0010426	1.4494	0.152689	0
6.02682	0.00100225	1.34944	0.147248	0
6.02682	0.00105881	1.39942	0.149969	0
6.02601	0.00101445	1.09954	0.133646	0
6.02506	0.000948676	1.06622	0.131605	0
6.0255	0.000984739	1.09954	0.137726	0
6.02692	0.000981366	1.3661	0.150309	0
6.02777	0.00103215	1.48272	0.159491	0
6.02903	0.0010208	1.1995	0.139087	0
6.02717	0.00100854	1.2828	0.145888	0
6.02717	0.00100653	1.4494	0.15779	0
6.02751	0.00103021	1.39942	0.149969	0
6.02766	0.00101646	1.24948	0.145888	0
6.0273	0.00107302	1.24948	0.142147	0
6.02749	0.00101445	1.23282	0.141127	0
6.02848	0.00103261	1.34944	0.150989	0
6.02865	0.00103345	1.33278	0.148268	0
6.02737	0.00101406	1.29946	0.146568	0
6.02589	0.00100608	1.23282	0.143167	0
6.02558	0.00101218	1.34944	0.149289	0
6.026	0.000978967	1.04956	0.134666	0
6.02659	0.00102878	1.31612	0.147588	0
6.02722	0.00106913	1.29946	0.144868	0
6.02572	0.00102288	1.01624	0.128545	0
6.0248	0.000958794	1.24948	0.145888	0
6.02693	0.00104312	1.46606	0.153369	0
6.02782	0.00101484	1.13286	0.135346	0
6.02608	0.00103468	1.51603	0.15779	0
6.02742	0.00100919	1.21616	0.140107	0
6.02658	0.000987334	1.1995	0.141127	0
6.02638	0.000976437	1.21616	0.140107	0
6.02681	0.000996285	1.29946	0.146568	0
6.02755	0.00103099	1.3661	0.150309	0
6.02668	0.00102943	1.08288	0.132625	0
6.0267	0.00102891	1.38276	0.150989	0
6.0274	0.000996155	1.24948	0.142147	0
6.02618	0.000980329	1.33278	0.152009	0
6.02572	0.000995636	1.08288	0.136706	0
6.02636	0.00100608	1.38276	0.150989	0
6.02728	0.00102255	1.21616	0.140107	0
6.02632	0.0010293	1.29946	0.146568	0
6.02705	0.00102035	1.3661	0.150309	0
6.02751	0.00102547	1.31612	0.145548	0
6.02618	0.00101068	1.21616	0.140107	0
6.02561	0.000980069	1.31612	0.147588	0
6.02748	0.00101613	1.53269	0.163571	0
6.02953	0.00104461	1.39942	0.152009	0
6.02765	0.00105914	1.49938	0.160511	0
6.02742	0.00101989	1.21616	0.144188	0
6.02781	0.00101983	1.31612	0.147588	0
6.02809	0.00103656	1.61599	0.160851	0
6.02714	0.00103546	1.21616	0.142147	0
6.02541	0.00101185	1.23282	0.143167	0
6.02606	0.00102872	1.1995	0.139087	0
6.02721	0.00100653	1.29946	0.144868	0
6.02786	0.00105226	1.38276	0.150989	0
6.02782	0.00102398	1.18284	0.140447	0
6.02834	0.00104409	1.48272	0.159491	0
6.0278	0.001033	1.1995	0.141127	0
6.02592	0.00100329	1.09954	0.133646	0
6.02702	0.00102353	1.34944	0.149289	0
6.0281	0.00103112	1.09954	0.135686	0
6.02861	0.00105661	1.56601	0.163571	0
6.02875	0.00107963	1.34944	0.147248	0
6.0278	0.00106231	1.24948	0.143848	0
6.02624	0.00101166	1.23282	0.143167	0
6.02725	0.00100446	1.29946	0.144868	0
6.02829	0.00101159	1.34944	0.147248	0
6.02567	0.00100524	1.16618	0.137386	0
6.02428	0.0010031	1.18284	0.138407	0
6.02522	0.000966967	1.16618	0.137386	0
6.02514	0.000956135	1.06622	0.131605	0
6.02515	0.000993171	1.18284	0.138407	0
6.02581	0.00097741	1.1162	0.134326	0
6.02592	0.000994209	1.2828	0.143848	0
6.02773	0.00102774	1.08288	0.132625	0
6.02845	0.00099369	1.46606	0.15507	0
6.02806	0.00104227	1.29946	0.144868	0
6.02747	0.00104843	1.3661	0.148268	0
6.0273	0.000990317	1.04956	0.130585	0
6.02765	0.00102917	1.3661	0.148268	0
6.02889	0.00107782	1.59933	0.163571	0
6.02561	0.00100083	0.966264	0.125484	0
6.02436	0.000984545	1.16618	0.137386	0
6.02603	0.000978253	1.0329	0.131605	0
6.02618	0.00103313	1.33278	0.146568	0
6.02625	0.00100608	1.34944	0.149289	0
6.02714	0.00105803	1.24948	0.145888	0
6.0272	0.00106776	1.53269	0.160171	0
6.02733	0.00105343	1.3661	0.150309	0
6.02601	0.0010317	1.23282	0.141127	0
6.02428	0.000905153	0.749688	0.110861	0
6.02505	0.000956719	1.08288	0.132625	0
6.02711	0.000994144	1.34944	0.150989	0
6.02737	0.0010234	1.43274	0.151669	0
6.02661	0.00102534	1.2828	0.147588	0
6.02739	0.00102729	1.26614	0.144868	0
6.02766	0.00102015	1.58267	0.160851	0
6.02667	0.000996285	1.16618	0.139427	0
6.02668	0.0010064	1.3661	0.150309	0
6.02742	0.00105375	1.14952	0.138407	0
6.02816	0.00101782	1.38276	0.149289	0
6.02783	0.00101153	1.21616	0.145888	0
6.02723	0.00100485	1.33278	0.150309	0
6.02676	0.00102191	1.13286	0.137386	0
6.02676	0.00102002	1.39942	0.153709	0
6.02708	0.00100679	1.08288	0.134666	0
6.02712	0.00103248	1.43274	0.15541	0
6.02762	0.0010234	1.26614	0.142827	0
6.02775	0.000996479	1.26614	0.150649	0
6.02729	0.00104701	1.4494	0.15779	0
6.02686	0.00104766	1.06622	0.133646	0
6.02608	0.00100355	1.31612	0.145548	0
6.02574	0.000993431	1.16618	0.137386	0
6.02638	0.00102093	1.21616	0.142147	0
6.02763	0.00106484	1.51603	0.15575	0
6.02851	0.00105978	1.54935	0.159151	0
6.02646	0.00104779	1.26614	0.144868	0
6.02542	0.00100303	1.1162	0.138407	0
6.02557	0.00100673	1.41608	0.150989	0
6.02631	0.00107743	1.21616	0.144188	0
6.02658	0.00103468	1.38276	0.152689	0
6.02811	0.00103572	1.48272	0.15439	0
6.02806	0.00105421	1.54935	0.164592	0
6.02754	0.00106731	1.38276	0.15473	0
6.0269	0.00101192	1.16618	0.141467	0
6.02714	0.00104299	1.46606	0.160511	0
6.02815	0.00101989	1.41608	0.152689	0
6.02746	0.00103397	1.04956	0.130585	0
6.02807	0.00102645	1.41608	0.15813	0
6.02838	0.00102911	1.49938	0.15847	0
6.0275	0.00101036	1.34944	0.150989	0
6.02754	0.00104273	1.58267	0.159151	0
6.02759	0.00102722	1.31612	0.147588	0
6.02666	0.00103948	1.39942	0.149969	0
6.02714	0.00104059	1.33278	0.146568	0
6.02616	0.00104597	1.04956	0.132625	0
6.02576	0.000995896	1.38276	0.15643	0
6.02681	0.00106296	1.4494	0.15439	0
6.02579	0.000999139	1.24948	0.145888	0
6.02484	0.00103987	1.1995	0.141127	0
6.02595	0.00102041	1.43274	0.153709	0
6.02607	0.00102586	1.2828	0.143848	0
6.02696	0.00104376	1.4494	0.152689	0
6.02834	0.00104435	1.54935	0.162891	0
6.02566	0.00100835	0.999584	0.129565	0
6.02561	0.00101146	1.06622	0.131605	0
6.0262	0.000983053	1.39942	0.153709	0
6.02705	0.00100653	1.24948	0.143848	0
6.02778	0.00103961	1.34944	0.149289	0
6.02633	0.00102521	1.29946	0.148608	0
6.0263	0.000988112	1.33278	0.148268	0
6.02729	0.00101231	1.1995	0.139087	0
6.02699	0.000999398	1.01624	0.128545	0
6.02632	0.00101691	1.39942	0.153709	0
6.02568	0.00103618	1.2828	0.147588	0
6.02705	0.00102872	1.26614	0.142827	0
6.02836	0.00103728	1.3661	0.148268	0
6.02757	0.00105226	1.33278	0.146568	0
6.02598	0.000997387	1.38276	0.149289	0
6.02552	0.000985064	1.34944	0.147248	0
6.02618	0.0010533	1.06622	0.131605	0
6.0265	0.00101477	1.18284	0.138407	0
6.02567	0.00103222	1.13286	0.137386	0
6.02521	0.000986555	1.13286	0.135346	0
6.02469	0.000981756	1.0329	0.129565	0
6.02752	0.00101976	1.3661	0.148268	0
6.02679	0.00102943	1.1995	0.139087	0
6.02465	0.000987139	1.14952	0.136366	0
6.02698	0.00100712	1.1162	0.134326	0
6.02908	0.00105369	1.38276	0.149289	0
6.02807	0.00103747	1.4494	0.152689	0
6.02612	0.00102262	1.09954	0.133646	0
6.02612	0.00101049	1.18284	0.142147	0
6.02796	0.00102521	1.4494	0.152689	0
6.02779	0.000998555	1.24948	0.142147	0
6.02622	0.00105635	1.39942	0.15541	0
6.02646	0.00100089	1.23282	0.141127	0
6.02753	0.00102528	1.2828	0.145888	0
6.02837	0.00102521	1.38276	0.15473	0
6.02676	0.00102813	1.08288	0.132625	0
6.02618	0.0010042	1.18284	0.140447	0
6.0259	0.00098221	1.08288	0.134666	0
6.02647	0.00102515	1.24948	0.145888	0
6.02848	0.00101529	1.26614	0.150649	0
6.02723	0.00104908	1.33278	0.148268	0
6.02559	0.0010112	1.18284	0.138407	0
6.02663	0.00100517	1.3661	0.150309	0
6.02591	0.000955292	1.24948	0.142147	0
6.02517	0.000996415	1.2828	0.149629	0
6.02574	0.00101665	0.966264	0.127524	0
6.02628	0.00102593	1.04956	0.132625	0
6.02676	0.00101445	1.3661	0.152009	0
6.02592	0.00101419	1.08288	0.134666	0
6.02574	0.000982339	1.18284	0.138407	0
6.02707	0.000994144	1.31612	0.147588	0
6.02649	0.00102671	1.1995	0.141127	0
6.0275	0.00106212	1.48272	0.15439	0
6.02735	0.00103403	1.26614	0.146908	0
6.02745	0.00102035	1.2828	0.147588	0
6.028	0.00102204	1.24948	0.142147	0
6.02619	0.00101925	1.09954	0.133646	0
6.02624	0.00101568	1.2828	0.143848	0
6.02742	0.00102677	1.26614	0.144868	0
6.02669	0.000973064	1.24948	0.142147	0
6.02676	0.00103027	1.23282	0.144868	0
6.02705	0.000983053	1.34944	0.149289	0
6.0263	0.00102489	1.26614	0.142827	0
6.02646	0.00101548	1.26614	0.142827	0
6.02593	0.00100465	1.24948	0.143848	0
6.0262	0.00103773	1.29946	0.146568	0
6.02593	0.000990577	1.34944	0.147248	0
6.02712	0.00106569	1.34944	0.149289	0
6.02797	0.00103793	1.39942	0.152009	0
6.02984	0.00105473	1.4494	0.15439	0
6.26859	0.00537851	1.24948	0.142147	0
9.18703	0.0320577	60.2249	0.971226	0
12.8249	0.0195054	64.5564	0.946061	0
8.00522	0.0459081	19.0754	0.492754	0
4.10061	0.00956226	1.49938	0.15677	0
6.57097	0.0146115	1.56601	0.161871	0
6.49935	0.0110211	1.41608	0.15643	0
5.4701	0.00303757	1.1995	0.139087	0
6.23014	0.00441699	1.06622	0.133646	0
6.14509	0.00372284	1.04956	0.132625	0
5.84088	0.0014057	1.26614	0.142827	0
6.09422	0.00159029	1.1995	0.141127	0
6.05754	0.0014764	0.999584	0.127524	0
5.97121	0.00106783	1.74927	0.170373	0
6.05279	0.00107224	1.13286	0.135346	0
6.03919	0.00103909	1.2828	0.147588	0
6.01419	0.00103202	1.23282	0.144868	0
6.04002	0.000966837	1.33278	0.150309	0
6.03149	0.00103034	1.06622	0.133646	0
6.02509	0.00106037	1.2828	0.153369	0
6.03132	0.00105836	1.69929	0.166292	0
6.02711	0.00103215	1.1995	0.141127	0
6.02386	0.00105473	1.33278	0.146568	0
6.02672	0.00103455	1.54935	0.159151	0
6.02439	0.000999333	1.0329	0.133646	0
6.02579	0.0010352	1.39942	0.152009	0
6.02568	0.00105187	1.43274	0.153709	0
6.02696	0.00106394	1.56601	0.161871	0
6.02556	0.00107581	1.1995	0.139087	0
6.02402	0.00103883	1.49938	0.15847	0
6.02575	0.00103721	1.3661	0.150309	0
6.02727	0.00100712	1.23282	0.143167	0
6.02757	0.00107769	1.71595	0.166972	0
6.02776	0.001045	1.31612	0.147588	0
6.02784	0.0010269	1.53269	0.15847	0
6.02845	0.00103222	1.33278	0.146568	0
6.02699	0.0010306	1.26614	0.146908	0
6.02799	0.00103877	1.38276	0.15473	0
6.02823	0.00102054	1.33278	0.148268	0
6.0287	0.00107036	1.54935	0.159151	0
6.02784	0.00101004	0.966264	0.127524	0
6.02749	0.00095594	1.1995	0.139087	0
6.02949	0.00103961	1.34944	0.149289	0
6.03026	0.00106517	1.49938	0.15507	0
6.02852	0.00102171	1.1995	0.139087	0
6.02702	0.00104208	1.33278	0.146568	0
6.02597	0.00101185	1.24948	0.145888	0
6.02695	0.0010103	1.06622	0.131605	0
6.02659	0.00100991	1.26614	0.142827	0
6.02467	0.000992523	1.24948	0.142147	0
6.02533	0.00103339	1.29946	0.144868	0
6.02632	0.0010472	1.3661	0.148268	0
6.02436	0.00105239	1.31612	0.149289	0
6.0253	0.00104331	1.48272	0.15439	0
6.02608	0.00101055	1.51603	0.15779	0
6.02555	0.00102554	1.3661	0.150309	0
6.02505	0.00102379	1.3661	0.148268	0
6.02715	0.00101231	1.38276	0.152689	0
6.02597	0.000982534	1.06622	0.131605	0
6.02507	0.000988307	1.21616	0.142147	0
6.02846	0.00101749	1.26614	0.142827	0
6.02791	0.000995117	1.23282	0.143167	0
6.02626	0.00103092	1.23282	0.143167	0
6.02823	0.00104299	1.46606	0.15881	0
6.02887	0.00101458	1.13286	0.135346	0
6.02904	0.00104201	1.21616	0.144188	0
6.02785	0.00100958	1.1995	0.139087	0
6.02718	0.000992069	0.999584	0.131605	0
6.0279	0.00100472	1.26614	0.144868	0
6.02856	0.00106329	1.49938	0.160511	0
6.02725	0.0010459	1.1995	0.139087	0
6.02459	0.00101347	1.2828	0.143848	0
6.02503	0.000973907	1.0329	0.131605	0
6.02471	0.00102145	1.38276	0.150989	0
6.02552	0.00101607	1.21616	0.144188	0
6.02501	0.00100374	1.18284	0.140447	0
6.02482	0.00101302	1.21616	0.144188	0
6.02486	0.000991744	1.26614	0.142827	0
6.02479	0.000996155	1.06622	0.133646	0
6.02552	0.000986231	1.24948	0.145888	0
6.02594	0.00102424	1.26614	0.142827	0
6.02595	0.000974556	1.33278	0.148268	0
6.02674	0.000974815	1.24948	0.145888	0
6.0269	0.000962492	1.09954	0.133646	0
6.0277	0.00100958	1.31612	0.147588	0
6.02858	0.00103034	1.33278	0.148268	0
6.02786	0.00100511	1.33278	0.146568	0
6.02715	0.000968264	1.06622	0.131605	0
6.02729	0.000976372	0.882965	0.120043	0
6.02816	0.00101075	1.59933	0.163571	0
6.02899	0.00105252	1.26614	0.142827	0
6.02809	0.000974751	1.1995	0.141127	0
6.02628	0.00101017	1.23282	0.141127	0
6.02707	0.00100037	1.13286	0.135346	0
6.02621	0.000994404	1.26614	0.142827	0
6.0272	0.00098448	1.34944	0.147248	0
6.02611	0.00100978	1.31612	0.147588	0
6.02542	0.000979615	1.33278	0.146568	0
6.02633	0.00101347	1.18284	0.138407	0
6.02606	0.000988826	1.33278	0.15405	0
6.02513	0.000995766	1.0329	0.131605	0
6.02535	0.00102755	1.3661	0.152009	0
6.0275	0.00106997	1.48272	0.15609	0
6.0274	0.00103313	1.23282	0.141127	0
6.02528	0.00100725	1.16618	0.139427	0
6.02605	0.00103858	1.14952	0.136366	0
6.02716	0.00105129	1.54935	0.15745	0
6.02654	0.00102645	1.1995	0.143167	0
6.02695	0.00100802	1.1162	0.134326	0
6.02733	0.00102696	1.4494	0.152689	0
6.02666	0.00100387	1.2828	0.145888	0
6.0251	0.000987139	1.1995	0.139087	0
6.02666	0.00101107	1.16618	0.139427	0
6.02827	0.00099155	1.38276	0.150989	0
6.02795	0.00102852	1.31612	0.147588	0
6.02751	0.00102716	1.29946	0.146568	0
6.02666	0.000995247	1.06622	0.131605	0
6.02644	0.00102469	1.16618	0.137386	0
6.02671	0.00100699	1.29946	0.146568	0
6.02783	0.00104577	1.38276	0.150989	0
6.02694	0.00103099	1.26614	0.146908	0
6.02519	0.00101665	1.24948	0.143848	0
6.02495	0.0010088	1.31612	0.145548	0
6.02596	0.000991615	1.2828	0.143848	0
6.0268	0.00103741	1.53269	0.15677	0
6.02627	0.00101023	1.26614	0.142827	0
6.02581	0.000968783	1.09954	0.135686	0
6.02666	0.00101308	1.34944	0.147248	0
6.02706	0.00103929	1.73261	0.169352	0
6.02783	0.00107782	1.48272	0.15609	0
6.02656	0.00102703	1.29946	0.144868	0
6.02542	0.000969172	1.21616	0.140107	0
6.02718	0.00100537	1.26614	0.142827	0
6.02815	0.00100173	1.3661	0.148268	0
6.02752	0.00104253	1.29946	0.144868	0
6.02842	0.00101652	1.48272	0.15439	0
6.02849	0.00102204	1.39942	0.152009	0
6.02788	0.00102463	1.26614	0.148608	0
6.02795	0.0010136	1.23282	0.143167	0
6.0272	0.00102696	1.41608	0.152689	0
6.02633	0.00101749	1.23282	0.143167	0
6.02733	0.00104175	1.33278	0.146568	0
6.02695	0.00100978	1.1995	0.141127	0
6.02585	0.000994858	1.2828	0.145888	0
6.02633	0.00100057	1.2828	0.143848	0
6.02836	0.00104772	1.58267	0.164251	0
6.02685	0.00103916	1.33278	0.148268	0
6.02566	0.00103163	1.54935	0.159151	0
6.02585	0.00105252	1.43274	0.153709	0
6.02579	0.00102165	1.1162	0.136366	0
6.02696	0.0010474	1.46606	0.153369	0
6.02749	0.00105641	1.41608	0.15439	0
6.02627	0.00103436	1.09954	0.133646	0
6.02715	0.00101749	1.31612	0.145548	0
6.02766	0.00103073	1.21616	0.140107	0
6.02541	0.000978577	1.08288	0.134666	0
6.02589	0.0010005	1.41608	0.15439	0
6.02776	0.00100206	1.1995	0.141127	0
6.02569	0.000978318	1.06622	0.131605	0
6.02524	0.00100439	1.29946	0.148608	0
6.02672	0.00101419	1.16618	0.139427	0
6.0265	0.00100919	1.31612	0.145548	0
6.02784	0.000983572	1.54935	0.15745	0
6.02855	0.0010232	1.31612	0.145548	0
6.02709	0.00105064	1.59933	0.168332	0
6.02595	0.00102418	1.04956	0.132625	0
6.02698	0.00100751	1.39942	0.149969	0
6.02787	0.00104	1.18284	0.138407	0
6.02635	0.000994274	1.38276	0.152689	0
6.0246	0.00100355	1.06622	0.135686	0
6.02505	0.000998166	1.13286	0.137386	0
6.02605	0.000982015	0.949604	0.124464	0
6.02651	0.00101276	1.38276	0.149289	0
6.02564	0.000997647	1.18284	0.140447	0
6.02553	0.000991939	1.04956	0.130585	0
6.02743	0.00103254	1.48272	0.15779	0
6.02746	0.00102846	1.3661	0.148268	0
6.02577	0.00102191	1.46606	0.15507	0
6.0259	0.000999333	1.0329	0.129565	0
6.02647	0.00101101	1.3661	0.150309	0
6.02666	0.00102301	1.2828	0.145888	0
6.02696	0.00101017	1.24948	0.143848	0
6.02703	0.00100984	1.21616	0.140107	0
6.02699	0.000990058	1.2828	0.145888	0
6.02827	0.00105991	1.53269	0.160171	0
6.03076	0.00106634	1.26614	0.148608	0
6.0284	0.00106997	1.61599	0.162551	0
6.02695	0.00105518	1.21616	0.140107	0
6.0279	0.00104707	1.38276	0.150989	0
6.02729	0.00103981	1.31612	0.149289	0
6.02734	0.00102113	1.24948	0.143848	0
6.02901	0.00106452	1.63265	0.164932	0
6.03055	0.00108962	1.59933	0.164932	0
6.02842	0.00106413	1.26614	0.144868	0
6.02517	0.00100044	1.09954	0.135686	0
6.02552	0.00104701	1.34944	0.149289	0
6.02763	0.00104117	1.31612	0.149289	0
6.02599	0.00100387	1.01624	0.128545	0
6.0245	0.000961778	1.16618	0.139427	0
6.02577	0.000978383	1.14952	0.138407	0
6.02571	0.00103358	1.08288	0.134666	0
6.0264	0.00102132	1.31612	0.149289	0
6.02615	0.000987593	1.2828	0.143848	0
6.02627	0.00102904	1.43274	0.153709	0
6.02803	0.00104759	1.33278	0.148268	0
6.02783	0.0010653	1.38276	0.150989	0
6.02695	0.00105505	1.24948	0.143848	0
6.02784	0.00103656	1.38276	0.150989	0
6.02745	0.00102158	1.23282	0.143167	0
6.02717	0.00101393	1.24948	0.143848	0
6.02836	0.00104526	1.31612	0.147588	0
6.02864	0.00101321	1.24948	0.143848	0
6.02646	0.000991355	1.24948	0.142147	0
6.0276	0.00105057	1.34944	0.149289	0
6.02803	0.00101386	0.999584	0.129565	0
6.02682	0.00103202	1.38276	0.150989	0
6.02757	0.00101269	1.31612	0.147588	0
6.02805	0.00107276	1.49938	0.15677	0
6.02716	0.00101321	1.16618	0.139427	0
6.02565	0.000985453	1.3661	0.148268	0
6.02766	0.00103196	1.33278	0.150309	0
6.0256	0.000983702	1.16618	0.137386	0
6.02381	0.00096327	1.16618	0.137386	0
6.02452	0.000977734	1.09954	0.133646	0
6.0268	0.00100141	1.1995	0.141127	0
6.02735	0.00102846	1.24948	0.143848	0
6.02569	0.000990966	1.1995	0.139087	0
6.0258	0.00100154	1.13286	0.139427	0
6.02722	0.00101581	1.48272	0.15609	0
6.02577	0.000992069	1.13286	0.139427	0
6.02578	0.000995117	1.2828	0.147588	0
6.02847	0.00105051	1.29946	0.148608	0
6.02821	0.00103501	1.41608	0.150989	0
6.02694	0.00101626	1.31612	0.147588	0
6.02733	0.00104513	1.29946	0.146568	0
6.02625	0.000995247	1.2828	0.143848	0
6.02672	0.000978188	1.23282	0.141127	0
6.02783	0.00101484	0.999584	0.127524	0
6.02758	0.000971961	1.61599	0.162551	0
6.0281	0.000987334	1.21616	0.142147	0
6.02794	0.00101522	1.16618	0.143167	0
6.02708	0.0010472	1.29946	0.144868	0
6.02755	0.00103267	1.4494	0.15439	0
6.02865	0.00105978	1.43274	0.153709	0
6.02768	0.00104156	1.2828	0.145888	0
6.02553	0.00101218	1.09954	0.137726	0
6.0258	0.00100608	1.29946	0.144868	0
6.02538	0.000974556	0.999584	0.127524	0
6.02416	0.000973129	1.18284	0.142147	0
6.02508	0.00098435	1.09954	0.133646	0
6.02536	0.00101017	1.21616	0.142147	0
6.0262	0.00105096	1.41608	0.152689	0
6.02698	0.00101613	1.41608	0.150989	0
6.02634	0.00101094	1.3661	0.148268	0
6.02554	0.00101568	1.13286	0.137386	0
6.02798	0.00102126	1.46606	0.153369	0
6.0281	0.00105855	1.33278	0.146568	0
6.02701	0.00105006	1.33278	0.150309	0
6.02889	0.0010472	1.33278	0.150309	0
6.02919	0.00104571	1.34944	0.147248	0
6.02713	0.00104993	1.16618	0.139427	0
6.02693	0.00101075	1.1995	0.139087	0
6.02755	0.00100971	1.31612	0.149289	0
6.02766	0.00102366	1.38276	0.149289	0
6.02779	0.00101801	1.26614	0.144868	0
6.02824	0.00103728	1.2828	0.145888	0
6.02882	0.00107691	1.51603	0.15779	0
6.02708	0.00104636	1.26614	0.142827	0
6.02632	0.00102528	1.51603	0.15779	0
6.02799	0.00105213	1.46606	0.15711	0
6.02653	0.00103274	1.51603	0.159491	0
6.02653	0.000974361	1.09954	0.133646	0
6.02636	0.00101192	1.31612	0.145548	0
6.02741	0.00106446	1.31612	0.145548	0
6.02694	0.00101659	1.23282	0.141127	0
6.0258	0.00103546	1.26614	0.142827	0
6.02532	0.00101269	1.29946	0.144868	0
6.02668	0.00105978	1.1995	0.141127	0
6.02694	0.000965151	1.09954	0.135686	0
6.02573	0.000976307	0.916285	0.122083	0
6.02737	0.00101581	1.48272	0.15779	0
6.02868	0.00101769	1.4494	0.152689	0
6.02852	0.00106549	1.21616	0.144188	0
6.02758	0.00102898	1.16618	0.139427	0
6.02754	0.0010173	1.13286	0.135346	0
6.02697	0.00100037	1.06622	0.131605	0
6.02694	0.00101834	1.49938	0.15847	0
6.02824	0.00101711	1.23282	0.141127	0
6.02814	0.00104856	1.24948	0.142147	0
6.0277	0.00103767	1.41608	0.150989	0
6.02771	0.00101127	1.26614	0.142827	0
6.0271	0.00101652	1.43274	0.151669	0
6.02692	0.00103793	1.1995	0.141127	0
6.02577	0.00104201	1.4494	0.15609	0
6.02571	0.00105596	1.29946	0.150309	0
6.02672	0.0010282	1.39942	0.152009	0
6.02596	0.000984739	1.16618	0.137386	0
6.02568	0.00100005	1.38276	0.15473	0
6.02797	0.001076	1.48272	0.15609	0
6.02837	0.00109663	1.46606	0.162211	0
6.02621	0.00106309	1.49938	0.15847	0
6.02561	0.00103566	1.43274	0.151669	0
6.02658	0.00105349	1.33278	0.150309	0
6.02539	0.000957303	0.899625	0.123444	0
6.02474	0.000993236	1.16618	0.137386	0
6.0275	0.000997193	1.18284	0.142147	0
6.02672	0.00101042	1.29946	0.148608	0
6.02688	0.00106348	1.34944	0.147248	0
6.0285	0.00101081	1.39942	0.149969	0
6.0275	0.000997452	1.31612	0.147588	0
6.02756	0.00101484	1.08288	0.132625	0
6.0273	0.00101769	1.2828	0.143848	0
6.02661	0.00100335	1.33278	0.148268	0
6.02625	0.000995247	1.09954	0.135686	0
6.0262	0.00100926	1.23282	0.141127	0
6.0269	0.00100854	1.38276	0.149289	0
6.02767	0.00104474	1.38276	0.152689	0
6.02752	0.00102923	1.18284	0.138407	0
6.02585	0.000999917	1.1162	0.136366	0
6.02564	0.00102087	1.4494	0.15779	0
6.02888	0.00103968	1.54935	0.164592	0
6.02769	0.00106309	1.38276	0.150989	0
6.02482	0.000989863	1.26614	0.142827	0
6.02511	0.00100407	1.38276	0.149289	0
6.02487	0.00100712	1.16618	0.137386	0
6.02572	0.00101853	1.1995	0.139087	0
6.02664	0.000997128	1.23282	0.143167	0
6.02649	0.00100251	1.1995	0.141127	0
6.02688	0.00102002	1.33278	0.148268	0
6.02721	0.00100718	1.13286	0.135346	0
6.02715	0.000998425	1.16618	0.139427	0
6.02719	0.00102923	1.3661	0.152009	0
6.02823	0.0010221	1.23282	0.141127	0
6.02675	0.00102242	1.21616	0.142147	0
6.02666	0.00103566	1.41608	0.150989	0
6.02885	0.00103047	1.23282	0.141127	0
6.02942	0.00104318	1.51603	0.159491	0
6.02869	0.0010282	1.51603	0.15779	0
6.02641	0.00102729	1.21616	0.145888	0
6.02797	0.00106108	1.2828	0.145888	0
6.02805	0.00104603	1.29946	0.152349	0
6.02685	0.0010354	1.38276	0.149289	0
6.02659	0.00101107	1.33278	0.146568	0
6.02696	0.000994209	1.16618	0.137386	0
6.02603	0.0010149	1.2828	0.145888	0
6.02586	0.00100783	1.09954	0.133646	0
6.02654	0.00101853	1.53269	0.15677	0
6.02747	0.00104552	1.23282	0.143167	0
6.0277	0.00103864	1.49938	0.15507	0
6.02654	0.00101497	1.13286	0.135346	0
6.02666	0.00105226	1.49938	0.15677	0
6.02824	0.00103183	1.39942	0.15541	0
6.02763	0.00102885	1.21616	0.145888	0
6.02623	0.00101477	1.18284	0.140447	0
6.02691	0.00100712	1.24948	0.142147	0
6.02811	0.00104766	1.29946	0.146568	0
6.0274	0.00100193	1.43274	0.153709	0
6.02722	0.00101561	1.3661	0.150309	0
6.02701	0.000985323	1.04956	0.132625	0
6.02561	0.000983637	1.0329	0.129565	0
6.02606	0.00101782	1.16618	0.139427	0
6.027	0.000978253	1.34944	0.149289	0
6.02828	0.00103695	1.18284	0.142147	0
6.02713	0.00101555	1.24948	0.142147	0
6.02693	0.00101691	1.21616	0.140107	0
6.02658	0.000994988	1.14952	0.138407	0
6.02772	0.00104396	1.51603	0.15575	0
6.02735	0.00101114	1.3661	0.153709	0
6.02664	0.000974491	1.08288	0.132625	0
6.0269	0.000984285	1.34944	0.149289	0
6.02647	0.00103864	1.26614	0.146908	0
6.02706	0.00101023	1.29946	0.146568	0
6.02676	0.00103624	1.43274	0.15541	0
6.02667	0.000992782	1.1995	0.139087	0
6.02678	0.00104162	1.31612	0.149289	0
6.02677	0.00102625	1.33278	0.146568	0
6.02643	0.0010173	1.23282	0.146908	0
6.02595	0.00101114	1.0329	0.131605	0
6.025	0.000955811	1.21616	0.142147	0
6.02526	0.000981821	1.14952	0.138407	0
6.02589	0.00101244	1.29946	0.146568	0
6.02598	0.00100582	1.23282	0.144868	0
6.0275	0.000999917	1.24948	0.142147	0
6.02784	0.00101218	1.29946	0.148608	0
6.02698	0.00101944	1.38276	0.149289	0
6.02721	0.00100147	1.43274	0.151669	0
6.02663	0.00100588	0.949604	0.124464	0
6.02614	0.00100368	1.09954	0.135686	0
6.02762	0.00103734	1.23282	0.143167	0
6.02865	0.00106673	1.2828	0.143848	0
6.02698	0.00102067	1.56601	0.15847	0
6.02849	0.0010557	1.46606	0.15507	0
6.02977	0.00105239	1.53269	0.160171	0
6.02835	0.00108489	1.51603	0.15779	0
6.02715	0.00104357	1.18284	0.142147	0
6.02708	0.00105116	1.3661	0.148268	0
6.02663	0.00100588	1.39942	0.15541	0
6.02612	0.00100984	1.24948	0.145888	0
6.02648	0.00101976	1.18284	0.138407	0
6.02558	0.00102314	1.23282	0.143167	0
6.02634	0.00099168	1.38276	0.149289	0
6.02794	0.00104694	1.31612	0.151329	0
6.02822	0.00105966	1.3661	0.150309	0
6.02652	0.00103845	1.41608	0.152689	0
6.02614	0.00101672	1.34944	0.149289	0
6.02545	0.00101471	1.09954	0.133646	0
6.02587	0.000976826	1.23282	0.143167	0
6.02803	0.00100906	1.16618	0.137386	0
6.02696	0.00103079	1.33278	0.146568	0
6.02719	0.00102314	1.09954	0.133646	0
6.02683	0.000998944	1.38276	0.15473	0
6.02697	0.00101678	1.14952	0.140447	0
6.02817	0.00104675	1.53269	0.160171	0
6.0274	0.00103176	1.21616	0.140107	0
6.02636	0.000984674	1.21616	0.144188	0
6.02531	0.000978253	1.39942	0.149969	0
6.02591	0.000999333	1.3661	0.148268	0
6.02696	0.0010317	1.4494	0.152689	0
6.02632	0.000976502	1.1162	0.134326	0
6.02518	0.000995766	1.2828	0.145888	0
6.02532	0.000975399	1.24948	0.142147	0
6.02485	0.000942449	1.18284	0.142147	0
6.02575	0.00101282	1.31612	0.147588	0
6.02663	0.00101497	1.29946	0.146568	0
6.0253	0.00101581	1.14952	0.136366	0
6.02538	0.00103138	1.24948	0.143848	0
6.02715	0.00102288	1.43274	0.151669	0
6.02556	0.000999009	1.04956	0.134666	0
6.02602	0.000988696	1.09954	0.133646	0
6.0281	0.00101931	1.51603	0.15779	0
6.02616	0.00102262	1.13286	0.139427	0
6.02551	0.00100232	1.24948	0.143848	0
6.02703	0.000999723	1.18284	0.138407	0
6.02705	0.00098435	1.26614	0.144868	0
6.02797	0.00099622	1.39942	0.15541	0
6.02689	0.000994209	1.08288	0.134666	0
6.02584	0.000964308	1.08288	0.134666	0
6.0278	0.00103527	1.31612	0.145548	0
6.02787	0.00104629	1.33278	0.148268	0
6.02522	0.00101879	1.16618	0.139427	0
6.02582	0.000971767	1.31612	0.149289	0
6.02738	0.000993755	1.18284	0.138407	0
6.02765	0.00103877	1.3661	0.152009	0
6.02756	0.00103605	1.31612	0.149289	0
6.02621	0.00102839	1.21616	0.140107	0
6.02624	0.000993236	1.23282	0.141127	0
6.02646	0.000992523	1.38276	0.149289	0
6.02559	0.00101295	1.1162	0.138407	0
6.02529	0.00104817	1.31612	0.147588	0
6.02743	0.00108151	1.51603	0.159491	0
6.02737	0.00106257	1.1995	0.145208	0
6.02616	0.00102508	1.38276	0.150989	0
6.02768	0.00104837	1.71595	0.170373	0
6.02916	0.00108638	1.4494	0.15439	0
6.02648	0.000997387	1.16618	0.137386	0
6.02621	0.00101724	1.0329	0.129565	0
6.02756	0.000990317	1.26614	0.144868	0
6.02639	0.00100245	1.21616	0.144188	0
6.02622	0.000985258	1.3661	0.148268	0
6.02722	0.000996869	0.999584	0.129565	0
6.02612	0.000996155	1.14952	0.138407	0
6.02611	0.000961908	0.916285	0.124464	0
6.02691	0.00100108	1.18284	0.138407	0
6.02692	0.00101847	1.43274	0.153709	0
6.02796	0.00104506	1.14952	0.136366	0
6.02743	0.000985647	1.2828	0.147588	0
6.0269	0.00106225	1.43274	0.153709	0
6.02697	0.00101354	1.23282	0.141127	0
6.02636	0.00101964	1.33278	0.148268	0
6.02694	0.00102534	1.38276	0.150989	0
6.02537	0.000983572	1.23282	0.143167	0
6.02607	0.00100537	1.18284	0.142147	0
6.0265	0.00104493	1.41608	0.150989	0
6.02565	0.00104039	1.33278	0.146568	0
6.02472	0.000983507	1.08288	0.132625	0
6.02617	0.00099155	1.31612	0.145548	0
6.02816	0.00105194	1.23282	0.144868	0
6.02829	0.00103611	1.43274	0.151669	0
6.02689	0.000989799	1.23282	0.143167	0
6.02693	0.00100524	1.33278	0.148268	0
6.02708	0.000983312	1.26614	0.142827	0
6.02714	0.00103579	1.31612	0.151329	0
6.02776	0.00107094	1.14952	0.138407	0
6.02806	0.00101594	1.38276	0.149289	0
6.02727	0.000994923	1.23282	0.141127	0
6.02758	0.00103676	1.39942	0.149969	0
6.02825	0.0010544	1.33278	0.150309	0
6.02774	0.00104513	1.34944	0.147248	0
6.02702	0.00102054	1.39942	0.149969	0
6.02745	0.00104519	1.34944	0.150989	0
6.02706	0.00100939	1.1995	0.141127	0
6.02659	0.000997582	1.43274	0.151669	0
6.0275	0.0010354	1.33278	0.146568	0
6.02736	0.00100076	1.38276	0.149289	0
6.02752	0.000981431	1.18284	0.140447	0
6.02611	0.00103125	1.29946	0.144868	0
6.02565	0.000987464	1.14952	0.136366	0
6.0264	0.00102807	1.2828	0.143848	0
6.02598	0.00101179	1.08288	0.134666	0
6.02624	0.00103695	1.31612	0.145548	0
6.02686	0.00102002	1.24948	0.142147	0
6.02596	0.00103708	1.33278	0.146568	0
6.0259	0.00106277	1.26614	0.146908	0
6.02701	0.00104642	1.26614	0.142827	0
6.02722	0.00101678	1.46606	0.153369	0
6.02864	0.00102255	1.39942	0.149969	0
6.02835	0.00101542	1.26614	0.142827	0
6.02733	0.000979291	1.16618	0.139427	0
6.02797	0.00101464	1.14952	0.138407	0
6.02787	0.00102216	1.34944	0.147248	0
6.02766	0.00102975	1.16618	0.137386	0
6.02704	0.00101257	1.1995	0.143167	0
6.02741	0.00100608	1.33278	0.146568	0
6.02845	0.00102424	1.26614	0.144868	0
6.0263	0.000971313	1.14952	0.136366	0
6.02502	0.00101269	1.16618	0.141467	0
6.02629	0.00100608	1.16618	0.137386	0
6.02607	0.000992134	1.16618	0.139427	0
6.02678	0.00101373	1.2828	0.143848	0
6.0256	0.00102437	1.0329	0.131605	0
6.02562	0.000986685	1.24948	0.142147	0
6.02711	0.00104999	1.41608	0.150989	0
6.02613	0.00104837	1.2828	0.147588	0
6.02594	0.00104519	1.21616	0.144188	0
6.02688	0.00100595	1.34944	0.149289	0
6.02583	0.000969951	1.1162	0.134326	0
6.02545	0.000985258	1.14952	0.136366	0
6.02683	0.0010664	1.31612	0.147588	0
6.02435	0.00100083	1.08288	0.136706	0
6.02518	0.000981107	1.13286	0.135346	0
6.02679	0.000978707	1.13286	0.135346	0
6.02797	0.00102054	1.43274	0.151669	0
6.02787	0.00102275	1.41608	0.150989	0
6.02641	0.000977475	1.01624	0.128545	0
6.02608	0.000978318	1.29946	0.144868	0
6.02722	0.000999268	1.29946	0.146568	0
6.02742	0.000989085	1.18284	0.140447	0
6.02686	0.00100031	1.31612	0.149289	0
6.02795	0.0011	1.38276	0.150989	0
6.0266	0.00105907	1.24948	0.142147	0
6.02628	0.00100498	1.29946	0.144868	0
6.02748	0.00100932	1.0329	0.129565	0
6.02737	0.00101542	1.31612	0.147588	0
6.02717	0.00101821	1.3661	0.148268	0
6.02727	0.00103183	1.34944	0.149289	0
6.02682	0.001009	1.33278	0.146568	0
6.02659	0.00101017	1.14952	0.136366	0
6.02502	0.000975594	1.06622	0.131605	0
6.02496	0.000987853	1.33278	0.146568	0
6.02753	0.00102132	1.33278	0.148268	0
6.02674	0.00102405	1.34944	0.149289	0
6.02503	0.00100348	0.949604	0.126504	0
6.02628	0.00100413	1.39942	0.149969	0
6.0272	0.000999917	1.41608	0.15439	0
6.02472	0.000987982	1.1162	0.134326	0
6.02631	0.000991744	1.38276	0.149289	0
6.02783	0.00103371	1.41608	0.150989	0
6.02741	0.00104552	1.31612	0.145548	0
6.02735	0.00102268	1.21616	0.142147	0
6.0277	0.0010474	1.26614	0.142827	0
6.02774	0.00105576	1.26614	0.142827	0
6.02571	0.00101808	1.18284	0.140447	0
6.02692	0.00104201	1.46606	0.15711	0
6.02753	0.00100044	1.1995	0.143167	0
6.02813	0.00106167	1.2828	0.145888	0
6.02851	0.00105226	1.31612	0.149289	0
6.02663	0.00104623	1.38276	0.149289	0
6.0264	0.000988955	1.24948	0.142147	0
6.02739	0.00104577	1.29946	0.148608	0
6.02796	0.00105103	1.24948	0.142147	0
6.02605	0.00104149	1.33278	0.152009	0
6.02663	0.0010258	1.14952	0.138407	0
6.02681	0.00104577	1.48272	0.15609	0
6.02579	0.00100835	1.1995	0.139087	0
6.02472	0.000976891	1.18284	0.138407	0
6.02558	0.00103728	1.21616	0.142147	0
6.02483	0.000995377	1.01624	0.128545	0
6.0249	0.00101425	1.2828	0.145888	0
6.02563	0.00102599	1.31612	0.145548	0
6.02591	0.000994209	1.39942	0.153709	0
6.02745	0.00104967	1.46606	0.15711	0
6.0287	0.00102216	1.1995	0.139087	0
6.02663	0.00097994	1.3661	0.148268	0
6.02695	0.00101049	1.51603	0.159491	0
6.02851	0.00103397	1.23282	0.141127	0
6.02782	0.00104318	1.38276	0.149289	0
6.02776	0.00102392	1.23282	0.144868	0
6.02803	0.00104824	1.4494	0.15779	0
6.02735	0.00102294	1.24948	0.142147	0
6.02772	0.00103669	1.29946	0.144868	0
6.02793	0.00102671	1.3661	0.148268	0
6.02854	0.00108651	1.54935	0.159151	0
6.0269	0.00100426	1.33278	0.146568	0
6.02494	0.00100018	1.23282	0.141127	0
6.02719	0.00102956	1.53269	0.15847	0
6.02825	0.00106627	1.38276	0.152689	0
6.02592	0.00101068	1.14952	0.138407	0
6.0264	0.00105213	1.29946	0.148608	0
6.0268	0.00103689	1.09954	0.135686	0
6.02376	0.000980134	0.899625	0.121063	0
6.02454	0.000984934	1.14952	0.140447	0
6.02827	0.00104474	1.46606	0.15711	0
6.02696	0.00104856	1.34944	0.150989	0
6.0256	0.00100102	1.31612	0.147588	0
6.0269	0.0010114	1.18284	0.138407	0
6.02787	0.00101899	1.41608	0.15439	0
6.02825	0.000991939	1.23282	0.141127	0
6.0264	0.00100284	1.14952	0.136366	0
6.02646	0.00103514	1.21616	0.144188	0
6.02803	0.00105635	1.33278	0.146568	0
6.02769	0.0010522	1.34944	0.147248	0
6.02752	0.00104059	1.39942	0.149969	0
6.02688	0.000998296	1.26614	0.142827	0
6.02618	0.000973064	1.0329	0.129565	0
6.02649	0.000978318	1.23282	0.144868	0
6.02715	0.00100031	1.34944	0.149289	0
6.02621	0.00103157	1.26614	0.146908	0
6.02748	0.00105927	1.31612	0.15473	0
6.02663	0.00101944	1.09954	0.135686	0
6.02482	0.00101425	1.18284	0.140447	0
6.02607	0.00102392	1.3661	0.148268	0
6.02541	0.000981885	1.1162	0.134326	0
6.02406	0.000982729	1.3661	0.152009	0
6.02494	0.000963724	1.24948	0.143848	0
6.02518	0.000980977	1.1995	0.139087	0
6.02593	0.00104493	1.49938	0.162211	0
6.02738	0.00102813	1.26614	0.142827	0
6.02469	0.000981366	1.18284	0.140447	0
6.02422	0.00097994	1.0329	0.129565	0
6.02768	0.00102431	1.46606	0.15881	0
6.02815	0.00103034	1.39942	0.152009	0
6.02616	0.0010066	1.0329	0.129565	0
6.02641	0.00102307	1.34944	0.150989	0
6.02686	0.00101354	1.39942	0.152009	0
6.02578	0.000979421	1.0329	0.129565	0
6.02655	0.000983766	1.24948	0.142147	0
6.0268	0.000962427	1.13286	0.135346	0
6.02586	0.000983118	1.16618	0.141467	0
6.02681	0.0010125	1.24948	0.142147	0
6.02742	0.00103546	1.3661	0.152009	0
6.02684	0.000979745	1.3661	0.150309	0
6.0268	0.000990253	1.18284	0.138407	0
6.02802	0.00108456	1.53269	0.15847	0
6.02634	0.00102846	1.31612	0.149289	0
6.02642	0.00107217	1.56601	0.161871	0
6.02845	0.00107801	1.39942	0.153709	0
6.02671	0.00102567	1.31612	0.147588	0
6.02586	0.00103585	1.31612	0.147588	0
6.0264	0.00104441	1.31612	0.147588	0
6.02626	0.00103332	1.31612	0.145548	0
6.02622	0.0010352	1.43274	0.15881	0
6.0273	0.00106024	1.29946	0.146568	0
6.02885	0.00104026	1.33278	0.146568	0
6.02798	0.00103715	1.41608	0.152689	0
6.02586	0.000990836	1.2828	0.143848	0
6.02733	0.00101438	1.31612	0.147588	0
6.02659	0.000971897	1.14952	0.138407	0
6.02589	0.00100277	1.18284	0.142147	0
6.02634	0.000964437	1.06622	0.133646	0
6.02758	0.00103151	1.39942	0.15541	0
6.02701	0.00103663	1.2828	0.145888	0
6.02795	0.00104487	1.23282	0.143167	0
6.0286	0.00102632	1.2828	0.145888	0
6.02612	0.00101899	1.3661	0.152009	0
6.02699	0.00103656	1.18284	0.140447	0
6.02742	0.00103099	1.06622	0.137726	0
6.02646	0.00100848	1.3661	0.148268	0
6.02631	0.00100459	1.24948	0.145888	0
6.02717	0.00105888	1.4494	0.15609	0
6.02797	0.00106121	1.29946	0.146568	0
6.02809	0.00104759	1.46606	0.15711	0
6.028	0.00102372	1.39942	0.15541	0
6.02633	0.00103819	1.18284	0.138407	0
6.02643	0.00101373	1.54935	0.15745	0
6.02833	0.00104707	1.68263	0.165612	0
6.02689	0.00103579	0.932945	0.123104	0
6.02481	0.000981302	1.18284	0.140447	0
6.02545	0.00098902	1.06622	0.131605	0
6.02611	0.000985518	1.21616	0.142147	0
6.02642	0.00104843	1.48272	0.15779	0
6.02706	0.00105764	1.18284	0.140447	0
6.02669	0.000991226	1.06622	0.131605	0
6.0267	0.000977021	1.34944	0.147248	0
6.02837	0.00104759	1.38276	0.150989	0
6.02796	0.00101458	1.51603	0.15575	0
6.02671	0.000992134	1.01624	0.128545	0
6.02734	0.000998425	1.48272	0.15439	0
6.02838	0.00104188	1.31612	0.147588	0
6.02732	0.00104714	1.24948	0.142147	0
6.02641	0.00102463	1.21616	0.140107	0
6.02678	0.00105051	1.49938	0.15507	0
6.02604	0.00103566	1.2828	0.143848	0
6.02668	0.00104746	1.1162	0.134326	0
6.02697	0.00103313	1.63265	0.166632	0
6.02592	0.0010304	1.04956	0.130585	0
6.02472	0.000978253	1.21616	0.142147	0
6.02538	0.00102398	1.23282	0.144868	0
6.02628	0.00105823	1.39942	0.152009	0
6.02556	0.000998101	1.14952	0.138407	0
6.02539	0.00101205	1.41608	0.152689	0
6.02702	0.000990707	1.16618	0.139427	0
6.02839	0.00103371	1.49938	0.15507	0
6.0269	0.00104273	1.33278	0.146568	0
6.02733	0.00101425	1.33278	0.150309	0
6.02665	0.0010339	1.39942	0.152009	0
6.02682	0.00103105	1.26614	0.142827	0
6.0284	0.00104234	1.31612	0.147588	0
6.028	0.00101685	1.38276	0.149289	0
6.02734	0.0010232	1.1995	0.141127	0
6.02607	0.000982858	1.1162	0.136366	0
6.02543	0.000954254	1.1162	0.136366	0
6.0258	0.000946925	1.09954	0.133646	0
6.02534	0.000954449	1.33278	0.146568	0
6.0271	0.00103235	1.34944	0.150989	0
6.0276	0.00104312	1.59933	0.161531	0
6.02761	0.00103669	1.64931	0.165612	0
6.0271	0.00105674	1.48272	0.15609	0
6.02737	0.001016	1.1995	0.141127	0
6.02769	0.00102599	1.29946	0.146568	0
6.02631	0.00101133	1.08288	0.134666	0
6.02458	0.000971053	1.06622	0.131605	0
6.02606	0.00101224	1.39942	0.152009	0
6.02789	0.00105576	1.46606	0.15507	0
6.02644	0.00100355	1.18284	0.138407	0
6.02423	0.000964437	1.1162	0.136366	0
6.02736	0.00105751	1.3661	0.153709	0
6.02822	0.00106011	1.41608	0.150989	0
6.02559	0.0010664	1.41608	0.15643	0
6.02648	0.00101127	1.29946	0.148608	0
6.02764	0.00103533	1.04956	0.132625	0
6.0275	0.00102956	1.51603	0.159491	0
6.02756	0.00100407	1.3661	0.150309	0
6.02625	0.00100348	1.13286	0.137386	0
6.025	0.000997582	1.21616	0.140107	0
6.02745	0.00101477	1.26614	0.144868	0
6.02755	0.00104824	1.39942	0.153709	0
6.02578	0.00101172	0.932945	0.123104	0
6.02618	0.00102002	1.18284	0.138407	0
6.02674	0.00100258	1.09954	0.137726	0
6.02545	0.000999268	1.2828	0.143848	0
6.0275	0.0010125	1.56601	0.160171	0
6.02816	0.00100828	1.39942	0.149969	0
6.02665	0.00101866	1.16618	0.139427	0
6.02686	0.00104552	1.4494	0.15439	0
6.02749	0.00101179	1.14952	0.136366	0
6.02634	0.00102061	1.2828	0.143848	0
6.02688	0.00104915	1.3661	0.148268	0
6.0266	0.00102826	1.18284	0.140447	0
6.02584	0.0010376	1.3661	0.150309	0
6.02625	0.000989863	1.33278	0.146568	0
6.02596	0.000999593	1.21616	0.140107	0
6.02686	0.00101905	1.3661	0.150309	0
6.02661	0.00105278	1.3661	0.148268	0
6.02576	0.000997971	1.06622	0.131605	0
6.02577	0.000994793	1.1995	0.145208	0
6.02795	0.00106861	1.3661	0.150309	0
6.02657	0.00100783	1.08288	0.132625	0
6.02552	0.000973648	1.38276	0.149289	0
6.02627	0.000966967	1.24948	0.143848	0
6.02601	0.000992393	1.09954	0.135686	0
6.02597	0.000991744	1.26614	0.144868	0
6.02787	0.00101237	1.29946	0.148608	0
6.02772	0.00104675	1.34944	0.149289	0
6.025	0.00102703	0.966264	0.125484	0
6.02438	0.000982664	1.23282	0.144868	0
6.02651	0.00103728	1.2828	0.143848	0
6.02722	0.00102379	1.4494	0.15439	0
6.02504	0.0010005	1.14952	0.138407	0
6.0235	0.000956849	0.966264	0.127524	0
6.02552	0.00104357	1.29946	0.146568	0
6.02598	0.00100219	1.01624	0.128545	0
6.02625	0.000986361	1.56601	0.15847	0
6.02868	0.00108541	1.49938	0.15847	0
6.02559	0.00104039	1.21616	0.144188	0
6.02463	0.00097021	1.24948	0.147928	0
6.02734	0.00101769	1.29946	0.144868	0
6.02766	0.00104461	1.58267	0.160851	0
6.02697	0.00103339	1.16618	0.139427	0
6.02685	0.00105207	1.29946	0.148608	0
6.02763	0.00101678	1.49938	0.15847	0
6.02601	0.000982404	0.932945	0.123104	0
6.0251	0.000972091	1.1162	0.138407	0
6.02599	0.000953735	0.866306	0.118683	0
6.02696	0.000988436	1.13286	0.137386	0
6.02642	0.00102165	1.31612	0.145548	0
6.02765	0.00103112	1.23282	0.141127	0
6.02665	0.00100991	1.18284	0.138407	0
6.02658	0.00101321	1.13286	0.137386	0
6.02726	0.000991031	1.14952	0.136366	0
6.02752	0.00102748	1.46606	0.15507	0
6.02755	0.00102074	1.33278	0.146568	0
6.02769	0.000991031	1.09954	0.133646	0
6.02664	0.000993171	1.18284	0.140447	0
6.02764	0.00106043	1.46606	0.160511	0
6.02756	0.00102061	1.53269	0.161871	0
6.02655	0.00102165	1.1995	0.139087	0
6.02651	0.00102229	1.14952	0.136366	0
6.02753	0.000989734	1.49938	0.15677	0
6.02724	0.00101788	1.26614	0.144868	0
6.02504	0.00101159	1.26614	0.144868	0
6.02606	0.00101017	1.21616	0.140107	0
6.02685	0.0010088	1.14952	0.138407	0
6.02612	0.00100095	1.1995	0.139087	0
6.02711	0.00103767	1.58267	0.160851	0
6.0288	0.00105233	1.54935	0.15745	0
6.02914	0.00107256	1.38276	0.150989	0
6.03009	0.00104072	1.54935	0.159151	0
6.02847	0.00100874	1.24948	0.143848	0
6.02542	0.00101938	1.46606	0.15507	0
6.02704	0.00101639	1.43274	0.15541	0
6.02727	0.000996869	1.24948	0.142147	0
6.02637	0.00101879	1.49938	0.15507	0
6.02755	0.00101581	1.2828	0.145888	0
6.02749	0.00103027	1.64931	0.162211	0
6.02724	0.000997906	0.999584	0.127524	0
6.02623	0.00100264	1.23282	0.144868	0
6.0268	0.0010258	1.31612	0.145548	0
6.02727	0.00102658	1.48272	0.15439	0
6.02683	0.0010509	1.29946	0.146568	0
6.02563	0.00101503	1.24948	0.143848	0
6.02641	0.00103916	1.2828	0.143848	0
6.02753	0.0010435	1.38276	0.150989	0
6.02565	0.000988955	0.982924	0.126504	0
6.02524	0.00102424	1.46606	0.15711	0
6.02704	0.00100569	1.26614	0.148608	0
6.02658	0.00105083	1.33278	0.146568	0
6.02513	0.000992328	1.18284	0.140447	0
6.02538	0.000988372	1.18284	0.140447	0
6.02681	0.000983053	1.18284	0.140447	0
6.02731	0.00103196	1.24948	0.143848	0
6.02677	0.00102502	1.1995	0.139087	0
6.02727	0.000996609	1.16618	0.141467	0
6.02761	0.00103436	1.31612	0.147588	0
6.02718	0.00103799	1.26614	0.142827	0
6.02602	0.000996479	1.14952	0.136366	0
6.02544	0.000946146	1.13286	0.137386	0
6.0276	0.000990123	1.24948	0.142147	0
6.02845	0.0010341	1.23282	0.144868	0
6.02679	0.00100121	1.31612	0.145548	0
6.02633	0.00101347	1.31612	0.145548	0
6.0274	0.00102028	1.13286	0.135346	0
6.02619	0.0010341	1.18284	0.142147	0
6.0245	0.00102846	1.13286	0.139427	0
6.02601	0.0010483	1.29946	0.150309	0
6.02626	0.00102015	1.18284	0.140447	0
6.02593	0.00103176	1.2828	0.149629	0
6.0266	0.00103416	1.1995	0.141127	0
6.0278	0.0010675	1.51603	0.159491	0
6.02589	0.00105966	1.14952	0.138407	0
6.02428	0.00104305	1.38276	0.150989	0
6.02535	0.000971572	0.966264	0.125484	0
6.02597	0.0010031	1.21616	0.142147	0
6.02694	0.00100543	1.38276	0.152689	0
6.02721	0.00101484	1.38276	0.15643	0
6.02644	0.000990123	1.14952	0.140447	0
6.02601	0.00100193	1.21616	0.140107	0
6.02787	0.00096807	1.1995	0.139087	0
6.02929	0.00104675	1.46606	0.15507	0
6.02857	0.00101218	1.23282	0.143167	0
6.02706	0.0010053	1.1995	0.141127	0
6.0279	0.0010256	1.2828	0.145888	0
6.027	0.000994469	1.08288	0.132625	0
6.026	0.00101399	1.43274	0.153709	0
6.02687	0.00105362	1.34944	0.147248	0
6.02592	0.000998166	1.1162	0.138407	0
6.02503	0.00100167	0.999584	0.127524	0
6.02634	0.00102204	1.26614	0.144868	0
6.02629	0.00100906	1.21616	0.144188	0
6.02479	0.00102495	1.31612	0.149289	0
6.02529	0.000971832	1.1162	0.134326	0
6.02608	0.00101951	1.2828	0.145888	0
6.02641	0.00100303	1.23282	0.141127	0
6.02801	0.00103125	1.49938	0.15847	0
6.02914	0.00106543	1.49938	0.15847	0
6.02658	0.00102755	1.24948	0.142147	0
6.02462	0.00101795	1.18284	0.140447	0
6.02629	0.00101289	1.24948	0.145888	0
6.02755	0.00103741	1.1995	0.145208	0
6.02639	0.00100608	1.1162	0.138407	0
6.02618	0.0010402	1.29946	0.150309	0
6.02699	0.00100374	1.48272	0.15439	0
6.02659	0.000989863	0.749688	0.113242	0
6.02553	0.00101931	1.26614	0.144868	0
6.02614	0.000995506	1.2828	0.145888	0
6.02585	0.00101107	1.13286	0.137386	0
6.02593	0.000995506	1.21616	0.140107	0
6.02564	0.000982599	1.14952	0.138407	0
6.02548	0.000992134	0.882965	0.120043	0
6.02548	0.00100374	1.09954	0.135686	0
6.0253	0.000982469	1.34944	0.147248	0
6.02663	0.000971183	1.26614	0.142827	0
6.02772	0.00103468	1.3661	0.148268	0
6.02784	0.0010186	1.54935	0.15745	0
6.02928	0.00107568	1.4494	0.152689	0
6.02695	0.00105109	1.3661	0.148268	0
6.02508	0.00102242	1.39942	0.149969	0
6.02629	0.00100562	1.13286	0.135346	0
6.02531	0.000978123	1.04956	0.132625	0
6.02572	0.00103442	1.2828	0.145888	0
6.02654	0.00102807	1.09954	0.133646	0
6.02734	0.00103702	1.38276	0.149289	0
6.02808	0.00101568	1.38276	0.150989	0
6.02736	0.00104072	1.2828	0.143848	0
6.02599	0.00103455	1.33278	0.146568	0
6.02674	0.00100848	1.21616	0.142147	0
6.02702	0.0010005	1.38276	0.149289	0
6.02627	0.00100848	1.16618	0.139427	0
6.02638	0.00101613	1.18284	0.140447	0
6.0269	0.00102106	1.49938	0.15677	0
6.02709	0.00105349	1.51603	0.15575	0
6.0275	0.00101989	1.31612	0.145548	0
6.02737	0.00100679	1.21616	0.140107	0
6.02918	0.00103235	1.56601	0.161871	0
6.02757	0.00104357	1.26614	0.146908	0
6.0256	0.00100355	1.38276	0.149289	0
6.0274	0.00104273	1.61599	0.162551	0
6.02795	0.00106381	1.21616	0.142147	0
6.02745	0.00104487	1.43274	0.153709	0
6.0271	0.00103371	1.26614	0.144868	0
6.0281	0.00101905	1.58267	0.160851	0
6.02749	0.00100556	1.23282	0.141127	0
6.02684	0.00108871	1.48272	0.166292	0
6.02749	0.00102625	1.1995	0.139087	0
6.02626	0.000985258	1.34944	0.147248	0
6.02662	0.00101639	1.21616	0.144188	0
6.02616	0.00103786	1.24948	0.145888	0
6.02653	0.000985647	1.1995	0.139087	0
6.02686	0.000976956	1.31612	0.147588	0
6.0257	0.000994858	1.16618	0.139427	0
6.02542	0.000997128	1.1995	0.141127	0
6.02644	0.00101516	1.33278	0.146568	0
6.02638	0.00100323	0.982924	0.126504	0
6.02627	0.000993301	1.1995	0.139087	0
6.02701	0.0010378	1.14952	0.138407	0
6.02657	0.00101004	1.4494	0.152689	0
6.02725	0.0010016	1.21616	0.142147	0
6.02656	0.000971961	1.09954	0.133646	0
6.02816	0.0010138	1.46606	0.15507	0
6.02818	0.00103235	1.54935	0.161191	0
6.02773	0.00104149	1.41608	0.150989	0
6.02618	0.00101373	1.24948	0.142147	0
6.02547	0.000969821	1.21616	0.142147	0
6.02673	0.00102813	1.3661	0.150309	0
6.02744	0.0010531	1.21616	0.142147	0
6.02526	0.00103948	1.48272	0.15439	0
6.02401	0.000992717	0.899625	0.121063	0
6.02435	0.000999463	1.23282	0.141127	0
6.02754	0.00102645	1.39942	0.149969	0
6.02769	0.00104642	1.41608	0.152689	0
6.02713	0.00104746	1.33278	0.148268	0
6.02498	0.00102294	1.2828	0.145888	0
6.0256	0.00103416	1.29946	0.144868	0
6.02763	0.000987074	1.04956	0.130585	0
6.0273	0.00105959	1.53269	0.15847	0
6.0279	0.00101484	1.23282	0.141127	0
6.02693	0.00100841	1.38276	0.149289	0
6.02772	0.000999787	1.08288	0.132625	0
6.02688	0.00100232	1.39942	0.149969	0
6.02647	0.000986037	1.04956	0.132625	0
6.02712	0.00102165	1.04956	0.132625	0
6.02817	0.00101269	1.38276	0.15473	0
6.02641	0.000992653	1.16618	0.141467	0
6.02523	0.00103416	1.59933	0.163571	0
6.02599	0.0010186	1.1162	0.134326	0
6.02686	0.00103092	1.59933	0.159831	0
6.02674	0.00102683	1.13286	0.135346	0
6.02642	0.00106296	1.34944	0.150989	0
6.0261	0.000991874	0.932945	0.123104	0
6.02658	0.00103345	1.39942	0.149969	0
6.02804	0.00102735	1.46606	0.153369	0
6.02508	0.00100102	1.1995	0.141127	0
6.02573	0.00101626	1.23282	0.144868	0
6.02758	0.00100965	1.33278	0.146568	0
6.02699	0.00100245	1.3661	0.148268	0
6.02696	0.001045	1.29946	0.146568	0
6.02731	0.00102586	1.24948	0.145888	0
6.02569	0.00104642	1.29946	0.144868	0
6.02763	0.0010282	1.3661	0.148268	0
6.02811	0.00106102	1.59933	0.159831	0
6.02797	0.0010531	1.3661	0.150309	0
6.02806	0.00101964	1.38276	0.149289	0
6.02625	0.0010042	1.18284	0.140447	0
6.02573	0.000989734	1.31612	0.149289	0
6.02721	0.00102515	1.26614	0.144868	0
6.02716	0.00101321	1.24948	0.142147	0
6.02621	0.00102281	1.31612	0.149289	0
6.02605	0.00096567	1.13286	0.137386	0
6.0256	0.00103345	1.01624	0.130585	0
6.02768	0.0010088	1.46606	0.15507	0
6.02788	0.00102651	1.34944	0.153029	0
6.02684	0.00103559	1.2828	0.145888	0
6.02765	0.00104312	1.34944	0.150989	0
6.02727	0.00102651	1.26614	0.144868	0
6.02783	0.00106212	1.3661	0.148268	0
6.0262	0.000998685	1.18284	0.140447	0
6.02439	0.00101263	1.1995	0.141127	0
6.02651	0.00097501	1.29946	0.146568	0
6.02732	0.00102184	1.21616	0.140107	0
6.02569	0.0010064	1.1162	0.134326	0
6.02562	0.00100368	1.34944	0.149289	0
6.02727	0.00103397	1.38276	0.149289	0
6.02762	0.00099609	1.06622	0.131605	0
6.02583	0.000976891	1.23282	0.144868	0
6.02657	0.00101711	1.14952	0.138407	0
6.02784	0.0010354	1.3661	0.150309	0
6.02809	0.00105628	1.21616	0.142147	0
6.02753	0.00100368	1.26614	0.142827	0
6.02624	0.000989085	1.21616	0.142147	0
6.02597	0.0010101	1.23282	0.146908	0
6.02678	0.00100569	1.18284	0.138407	0
6.02694	0.00103832	1.31612	0.147588	0
6.02747	0.00103767	1.31612	0.147588	0
6.02687	0.00101269	1.23282	0.143167	0
6.02642	0.000996609	1.31612	0.147588	0
6.02602	0.000988372	1.1995	0.145208	0
6.02596	0.000989215	1.1995	0.141127	0
6.0248	0.000972026	1.13286	0.137386	0
6.0252	0.000953476	0.966264	0.125484	0
6.02611	0.000971378	1.21616	0.140107	0
6.02535	0.000962686	1.26614	0.142827	0
6.02587	0.000971832	1.24948	0.142147	0
6.02727	0.00101023	1.24948	0.143848	0
6.02752	0.00104104	1.31612	0.147588	0
6.02577	0.00099875	1.23282	0.141127	0
6.02524	0.000991939	1.38276	0.152689	0
6.02633	0.000985518	1.0329	0.129565	0
6.02508	0.000989734	1.09954	0.133646	0
6.02611	0.000967421	1.2828	0.145888	0
6.02763	0.000981821	1.34944	0.147248	0
6.02816	0.00102904	1.34944	0.149289	0
6.02764	0.00103138	1.21616	0.140107	0
6.02828	0.00102911	1.51603	0.159491	0
6.02809	0.00105576	1.56601	0.15847	0
6.02895	0.00103138	1.54935	0.15745	0
6.02721	0.00101574	1.18284	0.138407	0
6.02573	0.00100647	1.14952	0.136366	0
6.02673	0.00101269	1.23282	0.141127	0
6.02537	0.000996285	1.2828	0.143848	0
6.02515	0.000992847	1.06622	0.131605	0
6.02675	0.00095873	1.04956	0.132625	0
6.02608	0.000980783	1.16618	0.141467	0
6.02682	0.00101081	1.39942	0.15541	0
6.02801	0.00103877	1.53269	0.15847	0
6.02821	0.00105823	1.61599	0.160851	0
6.02804	0.00104526	1.51603	0.15575	0
6.02717	0.00107652	1.59933	0.164932	0
6.02645	0.00101925	1.2828	0.145888	0
6.02779	0.00100478	1.29946	0.146568	0
6.02807	0.000997452	1.3661	0.150309	0
6.02731	0.00100601	1.1162	0.134326	0
6.02698	0.000997063	1.1162	0.134326	0
6.02814	0.00101341	1.58267	0.159151	0
6.02896	0.00109993	1.31612	0.147588	0
6.02711	0.00102865	1.3661	0.148268	0
6.02632	0.0010618	1.38276	0.149289	0
6.02735	0.00103741	1.16618	0.137386	0
6.02717	0.00103559	1.34944	0.149289	0
6.02699	0.00102872	1.23282	0.146908	0
6.02825	0.00103832	1.56601	0.160171	0
6.02825	0.00103819	1.46606	0.153369	0
6.02568	0.00104221	1.39942	0.152009	0
6.02622	0.000982339	1.16618	0.137386	0
6.02709	0.0010007	1.13286	0.139427	0
6.02631	0.000971767	1.31612	0.147588	0
6.02637	0.00105265	1.31612	0.145548	0
6.02552	0.00102677	1.08288	0.132625	0
6.02554	0.000985583	1.18284	0.138407	0
6.02626	0.00100958	1.29946	0.148608	0
6.02623	0.00100569	1.38276	0.150989	0
6.02738	0.00102255	1.66597	0.164932	0
6.02838	0.00103916	1.31612	0.149289	0
6.02831	0.00107827	1.63265	0.166632	0
6.02642	0.00101743	1.21616	0.140107	0
6.02632	0.00101944	1.4494	0.15609	0
6.02645	0.000982664	1.24948	0.142147	0
6.02682	0.00104007	1.33278	0.146568	0
6.02755	0.00100673	1.4494	0.15439	0
6.02728	0.00102722	1.48272	0.15609	0
6.02661	0.00103144	1.26614	0.142827	0
6.02785	0.00101976	1.56601	0.15847	0
6.02565	0.000987788	1.16618	0.139427	0
6.02524	0.00097021	1.04956	0.130585	0
6.02804	0.00100115	1.2828	0.143848	0
6.02698	0.00100258	1.18284	0.138407	0
6.02628	0.000983507	1.09954	0.135686	0
6.0276	0.00103754	1.4494	0.15609	0
6.02679	0.00101438	1.21616	0.142147	0
6.02527	0.00102035	1.31612	0.145548	0
6.02606	0.00100128	1.06622	0.131605	0
6.02587	0.00103209	1.49938	0.15677	0
6.02573	0.00104571	1.1995	0.141127	0
6.02638	0.00102113	1.3661	0.150309	0
6.02665	0.00103896	1.0329	0.131605	0
6.02472	0.00100919	1.04956	0.130585	0
6.02507	0.00101075	1.23282	0.143167	0
6.02505	0.000992717	1.01624	0.128545	0
6.02295	0.000983053	1.06622	0.135686	0
6.02593	0.00098208	1.16618	0.139427	0
6.0281	0.00105142	1.38276	0.150989	0
6.02515	0.00102061	1.13286	0.135346	0
6.0251	0.0010411	1.3661	0.150309	0
6.0272	0.00104033	1.2828	0.145888	0
6.02571	0.000991226	1.0329	0.131605	0
6.02588	0.00102216	1.1995	0.141127	0
6.02659	0.00099369	1.26614	0.146908	0
6.02736	0.00102392	1.33278	0.146568	0
6.0273	0.00101068	1.38276	0.149289	0
6.0269	0.00104973	1.39942	0.152009	0
6.02695	0.00105511	1.29946	0.144868	0
6.02751	0.00107276	1.38276	0.152689	0
6.02741	0.00107127	1.43274	0.15711	0
6.02662	0.00104065	1.1995	0.141127	0
6.02524	0.00100316	1.13286	0.135346	0
6.02649	0.00100971	1.26614	0.142827	0
6.02701	0.000999917	1.14952	0.138407	0
6.02563	0.00100251	1.14952	0.138407	0
6.02502	0.00100439	1.3661	0.150309	0
6.02709	0.00100647	1.26614	0.144868	0
6.0271	0.00101976	1.21616	0.140107	0
6.02508	0.00101432	1.1995	0.141127	0
6.02525	0.00103125	1.39942	0.15541	0
6.02601	0.00106193	1.2828	0.143848	0
6.02692	0.00103332	1.41608	0.150989	0
6.0269	0.00107535	1.43274	0.153709	0
6.0266	0.00104344	1.48272	0.15609	0
6.02744	0.00104655	1.39942	0.152009	0
6.02701	0.00107555	1.38276	0.149289	0
6.02607	0.00102515	1.24948	0.143848	0
6.02786	0.00108022	1.56601	0.160171	0
6.02845	0.00107172	1.58267	0.164251	0
6.02639	0.00103592	1.24948	0.143848	0
6.02599	0.00099609	1.26614	0.142827	0
6.02723	0.00100251	1.34944	0.149289	0
6.02789	0.00100692	1.29946	0.146568	0
6.02679	0.000992134	1.24948	0.142147	0
6.02779	0.00103656	1.3661	0.150309	0
6.02681	0.00103332	1.26614	0.142827	0
6.0246	0.00102113	1.31612	0.145548	0
6.02482	0.00103566	1.09954	0.137726	0
6.02665	0.00102437	1.39942	0.152009	0
6.02669	0.0010317	1.23282	0.141127	0
6.02559	0.000991809	1.18284	0.138407	0
6.02478	0.00098461	0.899625	0.121063	0
6.02554	0.00101354	1.1995	0.141127	0
6.02598	0.000997063	1.2828	0.147588	0
6.02522	0.00096087	1.29946	0.144868	0
6.02591	0.00101912	1.33278	0.148268	0
6.02542	0.00103494	1.1162	0.138407	0
6.02405	0.000959638	0.966264	0.125484	0
6.02559	0.000977864	1.09954	0.135686	0
6.02638	0.000988566	1.18284	0.138407	0
6.02634	0.000998944	1.13286	0.137386	0
6.02536	0.000955551	1.01624	0.128545	0
6.0256	0.00102456	1.31612	0.145548	0
6.02728	0.00101847	1.41608	0.15439	0
6.02849	0.00105213	1.16618	0.139427	0
6.02792	0.00102288	1.31612	0.147588	0
6.02945	0.00107023	1.56601	0.161871	0
6.02862	0.00105978	1.2828	0.147588	0
6.02611	0.00101983	1.18284	0.142147	0
6.02671	0.00101944	1.26614	0.144868	0
6.02649	0.00100887	1.18284	0.140447	0
6.02733	0.00100887	1.54935	0.15745	0
6.02758	0.00101399	1.24948	0.142147	0
6.02434	0.00097994	1.06622	0.135686	0
6.02497	0.00100699	1.1995	0.141127	0
6.02665	0.00101458	1.1995	0.143167	0
6.02536	0.00101555	1.09954	0.133646	0
6.02569	0.00103507	1.1995	0.139087	0
6.02682	0.00100342	1.01624	0.130585	0
6.0248	0.000980004	1.21616	0.140107	0
6.02585	0.00104694	1.3661	0.153709	0
6.02696	0.0010245	1.34944	0.149289	0
6.02594	0.00104	1.16618	0.139427	0
6.02525	0.000985907	1.06622	0.133646	0
6.02622	0.00102288	1.16618	0.139427	0
6.02678	0.000976437	1.24948	0.143848	0
6.02598	0.00101477	1.43274	0.153709	0
6.02597	0.00100342	1.16618	0.137386	0
6.02676	0.00100154	0.949604	0.128545	0
6.02653	0.00100848	1.48272	0.161191	0
6.02679	0.00104759	1.13286	0.135346	0
6.02788	0.00101769	1.46606	0.153369	0
6.02882	0.0010603	1.29946	0.144868	0
6.02692	0.00102768	1.2828	0.143848	0
6.02629	0.00103053	1.18284	0.140447	0
6.02648	0.00103105	1.2828	0.145888	0
6.02634	0.0010029	1.18284	0.144188	0
6.02696	0.000979356	1.3661	0.148268	0
6.02726	0.00103092	1.41608	0.15439	0
6.02564	0.00103663	1.3661	0.152009	0
6.02735	0.00100978	1.26614	0.142827	0
6.02872	0.00103475	1.59933	0.164932	0
6.02632	0.0010498	1.63265	0.166632	0
6.02517	0.00102515	1.24948	0.143848	0
6.02704	0.00104636	1.58267	0.160851	0
6.02809	0.00104513	1.33278	0.148268	0
6.02604	0.00102748	1.09954	0.133646	0
6.02634	0.000991485	1.38276	0.150989	0
6.02748	0.00102917	1.51603	0.15575	0
6.02759	0.00104415	1.41608	0.152689	0
6.02736	0.00103507	1.43274	0.151669	0
6.0265	0.00102923	1.16618	0.137386	0
6.02694	0.00098675	1.26614	0.142827	0
6.0271	0.00103014	1.48272	0.15609	0
6.02795	0.001021	1.1162	0.136366	0
6.02642	0.0010053	1.09954	0.135686	0
6.02685	0.00101503	1.38276	0.149289	0
6.02764	0.00100777	1.1162	0.134326	0
6.02697	0.00100802	1.24948	0.143848	0
6.02569	0.00096301	1.08288	0.134666	0
6.02772	0.00104681	1.56601	0.161871	0
6.02911	0.00103086	1.16618	0.139427	0
6.0289	0.00107548	1.61599	0.165952	0
6.02686	0.00104506	1.39942	0.152009	0
6.02622	0.00102314	1.43274	0.151669	0
6.02763	0.00105414	1.49938	0.15507	0
6.02689	0.000997582	1.0329	0.129565	0
6.02603	0.00101827	1.23282	0.143167	0
6.0264	0.00102943	1.2828	0.143848	0
6.02633	0.00104895	1.08288	0.140787	0
6.02641	0.000997063	1.24948	0.142147	0
6.02809	0.00104227	1.63265	0.164932	0
6.02753	0.0010437	1.39942	0.153709	0
6.02609	0.00103864	1.31612	0.147588	0
6.02567	0.00100381	0.899625	0.121063	0
6.02508	0.00098448	1.21616	0.142147	0
6.02665	0.00101497	1.2828	0.143848	0
6.02728	0.00103014	1.14952	0.138407	0
6.02674	0.000998879	1.23282	0.141127	0
6.02599	0.000978902	1.21616	0.140107	0
6.02625	0.000961454	1.1162	0.138407	0
6.02558	0.000965994	1.26614	0.142827	0
6.02647	0.000979096	1.21616	0.144188	0
6.02693	0.00097968	1.31612	0.147588	0
6.02653	0.000981042	1.41608	0.150989	0
6.02609	0.0010079	1.21616	0.142147	0
6.02742	0.00101146	1.26614	0.142827	0
6.02665	0.000998425	1.14952	0.138407	0
6.02597	0.000967421	1.34944	0.149289	0
6.02752	0.00106828	1.66597	0.166632	0
6.02746	0.00103501	1.2828	0.145888	0
6.02623	0.00103228	1.31612	0.147588	0
6.02731	0.0010365	1.49938	0.15677	0
6.02765	0.00102242	1.43274	0.15711	0
6.02737	0.00103864	1.33278	0.148268	0
6.02571	0.00100037	1.2828	0.143848	0
6.02567	0.000950622	0.982924	0.128545	0
6.0272	0.00102424	1.49938	0.162211	0
6.02817	0.00102385	1.38276	0.150989	0
6.02715	0.00103786	1.1995	0.141127	0
6.02758	0.00101899	1.33278	0.146568	0
6.0273	0.00104046	1.46606	0.153369	0
6.02586	0.000978577	0.949604	0.124464	0
6.02535	0.000981042	1.33278	0.148268	0
6.02809	0.00105362	1.39942	0.152009	0
6.02817	0.00105907	1.4494	0.15439	0
6.02729	0.00103079	1.43274	0.153709	0
6.02804	0.00101237	1.26614	0.142827	0
6.02772	0.00104461	1.63265	0.164932	0
6.02689	0.00103747	1.26614	0.144868	0
6.02699	0.00101938	1.18284	0.138407	0
6.02769	0.00103819	1.51603	0.159491	0
6.02742	0.0010304	1.31612	0.145548	0
6.02574	0.00104273	1.23282	0.144868	0
6.02708	0.00104156	1.46606	0.153369	0
6.02685	0.00101568	1.2828	0.147588	0
6.02535	0.00101529	1.18284	0.138407	0
6.02582	0.00101542	1.38276	0.150989	0
6.02536	0.000983507	1.08288	0.136706	0
6.02538	0.00100108	1.21616	0.142147	0
6.02704	0.00099142	1.3661	0.150309	0
6.02677	0.00100329	1.21616	0.140107	0
6.02618	0.00103553	1.38276	0.152689	0
6.02751	0.00105628	1.3661	0.148268	0
6.02832	0.00101678	1.1162	0.134326	0
6.02783	0.00104467	1.61599	0.164251	0
6.02766	0.00102755	1.21616	0.140107	0
6.02612	0.00100271	1.33278	0.150309	0
6.02682	0.00104007	1.43274	0.15541	0
6.02754	0.00102807	1.33278	0.148268	0
6.02687	0.00102606	1.14952	0.138407	0
6.02574	0.00100439	1.23282	0.141127	0
6.02525	0.00100614	1.3661	0.152009	0
6.02637	0.00100562	1.21616	0.145888	0
6.02643	0.00102482	1.09954	0.137726	0
6.02504	0.00097981	1.01624	0.128545	0
6.02621	0.00099875	1.24948	0.143848	0
6.02697	0.000974037	1.24948	0.142147	0
6.02716	0.00103715	1.4494	0.152689	0
6.02788	0.00103819	1.4494	0.15609	0
6.02674	0.00103027	1.23282	0.143167	0
6.02567	0.00101698	1.24948	0.143848	0
6.02615	0.00102528	1.14952	0.140447	0
6.02596	0.000992912	1.23282	0.141127	0
6.02593	0.000990382	1.1162	0.138407	0
6.02529	0.000999658	1.14952	0.138407	0
6.02509	0.000993885	1.29946	0.146568	0
6.02572	0.000987204	1.2828	0.145888	0
6.027	0.00102502	1.41608	0.150989	0
6.02741	0.00108327	1.34944	0.15473	0
6.02739	0.00102826	1.26614	0.144868	0
6.02658	0.000994858	1.23282	0.143167	0
6.02448	0.000966708	1.13286	0.135346	0
6.02575	0.000990512	0.999584	0.127524	0
6.02605	0.000990317	1.26614	0.142827	0
6.02658	0.00101075	1.31612	0.149289	0
6.02784	0.0010688	1.53269	0.15847	0
6.02794	0.00103851	1.31612	0.147588	0
6.02639	0.000999658	1.13286	0.137386	0
6.02689	0.00102917	1.29946	0.146568	0
6.02581	0.000994534	1.39942	0.149969	0
6.0256	0.000994015	1.16618	0.139427	0
6.02583	0.000983896	1.09954	0.135686	0
6.02528	0.000999658	0.982924	0.128545	0
6.0271	0.00106024	1.33278	0.146568	0
6.02675	0.00102664	1.31612	0.145548	0
6.02566	0.00104156	1.08288	0.134666	0
6.02595	0.0010293	1.48272	0.15439	0
6.02565	0.00102774	1.31612	0.147588	0
6.02553	0.00103618	0.966264	0.125484	0
6.02572	0.000970405	1.33278	0.146568	0
6.02598	0.001009	1.09954	0.133646	0
6.02574	0.000970989	1.1995	0.139087	0
6.02481	0.000997712	1.06622	0.131605	0
6.02646	0.00102268	1.13286	0.135346	0
6.02613	0.000997387	0.999584	0.129565	0
6.02621	0.000973453	1.2828	0.143848	0
6.02712	0.000971637	1.4494	0.15439	0
6.02823	0.00101289	1.53269	0.15847	0
6.02963	0.00106523	1.41608	0.150989	0
6.02776	0.00103079	1.2828	0.147588	0
6.02708	0.00104792	1.59933	0.163571	0
6.02758	0.00103228	1.33278	0.148268	0
6.02687	0.00105615	1.08288	0.136706	0
6.02787	0.00106089	1.39942	0.153709	0
6.02747	0.00105265	1.38276	0.150989	0
6.02442	0.000988372	1.08288	0.134666	0
6.02458	0.000998101	1.29946	0.146568	0
6.02614	0.000981756	1.29946	0.146568	0
6.02457	0.000985712	1.09954	0.135686	0
6.02511	0.00098662	0.932945	0.123104	0
6.02596	0.00098675	1.39942	0.149969	0
6.02679	0.00106011	1.38276	0.149289	0
6.02642	0.00101509	1.14952	0.138407	0
6.02565	0.00098701	1.1995	0.139087	0
6.02554	0.00100835	1.26614	0.144868	0
6.02707	0.00102398	1.39942	0.152009	0
6.02678	0.00102923	1.21616	0.142147	0
6.0262	0.00098675	1.26614	0.146908	0
6.02591	0.000973972	0.882965	0.120043	0
6.02548	0.000981496	1.33278	0.150309	0
6.02573	0.000997323	1.08288	0.136706	0
6.02646	0.00100297	1.13286	0.135346	0
6.02535	0.000991809	0.999584	0.127524	0
6.02574	0.000986685	1.08288	0.134666	0
6.02683	0.00098195	1.04956	0.130585	0
6.02839	0.00100595	1.23282	0.141127	0
6.02738	0.00104337	1.18284	0.138407	0
6.02752	0.00106283	1.33278	0.146568	0
6.02784	0.0010088	1.26614	0.144868	0
6.0259	0.000995571	1.26614	0.144868	0
6.02537	0.00100057	1.1995	0.139087	0
6.0272	0.00101957	1.48272	0.15439	0
6.027	0.00101438	1.16618	0.137386	0
6.02553	0.00100095	1.26614	0.142827	0
6.02662	0.0010365	1.38276	0.149289	0
6.02767	0.00104376	1.43274	0.153709	0
6.02666	0.00103605	1.3661	0.152009	0
6.02674	0.00108074	1.2828	0.145888	0
6.0272	0.00103468	1.29946	0.146568	0
6.02735	0.00104558	1.33278	0.146568	0
6.02599	0.00103345	1.38276	0.149289	0
6.02567	0.00101704	1.24948	0.145888	0
6.02703	0.00101795	1.3661	0.152009	0
6.02701	0.00100952	1.23282	0.141127	0
6.02878	0.00103864	1.56601	0.160171	0
6.02779	0.00103514	1.43274	0.15711	0
6.02595	0.00104727	1.26614	0.142827	0
6.02763	0.00101419	1.43274	0.153709	0
6.02849	0.000994534	1.24948	0.142147	0
6.02737	0.00102158	1.26614	0.144868	0
6.02692	0.00101847	1.21616	0.140107	0
6.02764	0.000997517	1.3661	0.148268	0
6.0278	0.00100569	1.39942	0.152009	0
6.02609	0.000981756	0.982924	0.126504	0
6.02687	0.000997452	1.51603	0.15575	0
6.02746	0.00100407	1.18284	0.138407	0
6.02595	0.00097754	1.16618	0.137386	0
6.02634	0.000997777	1.38276	0.150989	0
6.02671	0.00103773	1.46606	0.15507	0
6.02643	0.00101821	1.23282	0.143167	0
6.02644	0.00103935	1.53269	0.15677	0
6.02704	0.00109371	1.18284	0.147928	0
6.02624	0.00101412	1.1995	0.141127	0
6.02758	0.00102418	1.58267	0.160851	0
6.02669	0.000982404	1.04956	0.130585	0
6.02543	0.000990577	1.3661	0.148268	0
6.02704	0.00102411	1.59933	0.163571	0
6.02707	0.00101522	1.18284	0.142147	0
6.02567	0.00100452	1.29946	0.144868	0
6.02631	0.000979096	1.23282	0.144868	0
6.02771	0.000968135	1.1995	0.139087	0
6.02748	0.00101503	1.26614	0.142827	0
6.02661	0.0010232	1.26614	0.144868	0
6.02799	0.00107736	1.69929	0.166292	0
6.02764	0.00101036	1.23282	0.143167	0
6.0267	0.00104247	1.23282	0.143167	0
6.02697	0.00104415	1.56601	0.15847	0
6.02708	0.00103546	1.61599	0.160851	0
6.02662	0.00102281	1.08288	0.132625	0
6.02751	0.00102204	1.34944	0.147248	0
6.02738	0.00101568	1.39942	0.152009	0
6.02504	0.000984869	0.982924	0.128545	0
6.02729	0.0010053	1.54935	0.161191	0
6.02814	0.00103708	1.51603	0.15575	0
6.02608	0.00099875	1.09954	0.133646	0
6.0266	0.00102612	1.2828	0.147588	0
6.02798	0.0010579	1.43274	0.153709	0
6.02694	0.00106225	1.51603	0.15779	0
6.02609	0.00103585	1.24948	0.142147	0
6.02511	0.00102482	1.34944	0.149289	0
6.02646	0.00105297	1.31612	0.153029	0
6.02705	0.00102949	1.14952	0.136366	0
6.02706	0.000991809	1.1162	0.134326	0
6.02679	0.00101231	1.1995	0.139087	0
6.02623	0.000997452	1.21616	0.140107	0
6.02419	0.000955162	1.1995	0.141127	0
6.02599	0.000997193	1.1162	0.136366	0
6.02781	0.000983118	1.2828	0.145888	0
6.02612	0.00100634	1.1995	0.139087	0
6.02498	0.000949843	1.16618	0.137386	0
6.02762	0.00100932	1.2828	0.143848	0
6.02815	0.00102074	1.21616	0.144188	0
6.02725	0.00101983	1.33278	0.148268	0
6.02622	0.00101146	1.1995	0.141127	0
6.02437	0.000989669	1.04956	0.132625	0
6.02606	0.0010304	1.01624	0.128545	0
6.02609	0.000961908	1.4494	0.15439	0
6.02527	0.000983507	1.18284	0.138407	0
6.02603	0.00100413	1.3661	0.148268	0
6.02725	0.00100919	1.26614	0.142827	0
6.02638	0.00100971	1.18284	0.138407	0
6.02553	0.000994988	1.26614	0.142827	0
6.02685	0.00101328	1.29946	0.144868	0
6.02681	0.00102748	1.26614	0.142827	0
6.02524	0.00101944	1.38276	0.149289	0
6.02701	0.00103319	1.08288	0.132625	0
6.02607	0.0010066	1.14952	0.136366	0
6.02565	0.000992134	1.18284	0.138407	0
6.02751	0.00103572	1.4494	0.152689	0
6.02737	0.00100018	1.21616	0.140107	0
6.02581	0.0010136	1.09954	0.135686	0
6.02811	0.000995312	1.31612	0.147588	0
6.02984	0.00103027	1.3661	0.150309	0
6.02766	0.00106134	1.51603	0.15779	0
6.02738	0.00101976	1.24948	0.145888	0
6.0288	0.00104584	1.26614	0.146908	0
6.02743	0.00103099	1.39942	0.153709	0
6.02738	0.00101334	1.38276	0.152689	0
6.02796	0.00103034	1.33278	0.146568	0
6.02651	0.00101749	1.18284	0.144188	0
6.02742	0.00101542	1.3661	0.148268	0
6.02732	0.00100939	1.13286	0.135346	0
6.02658	0.00101737	1.24948	0.143848	0
6.02688	0.00104318	1.23282	0.143167	0
6.02796	0.00104123	1.41608	0.152689	0
6.02592	0.000975983	1.14952	0.136366	0
6.02676	0.00103929	1.49938	0.15677	0
6.02676	0.00100355	1.23282	0.143167	0
6.02654	0.00102859	1.2828	0.143848	0
6.02631	0.00101107	1.38276	0.152689	0
6.02624	0.000995377	1.21616	0.140107	0
6.02936	0.00106348	1.69929	0.164592	0
6.03086	0.0010341	1.48272	0.15609	0
6.02759	0.00105589	1.39942	0.149969	0
6.02785	0.0010424	1.48272	0.15439	0
6.02804	0.00102113	1.26614	0.142827	0
6.02561	0.0010031	1.09954	0.139767	0
6.02643	0.00100478	1.46606	0.15507	0
6.02701	0.000984545	1.3661	0.148268	0
6.02557	0.000998814	1.18284	0.138407	0
6.02548	0.00101042	1.24948	0.143848	0
6.02599	0.000990707	1.01624	0.130585	0
6.02617	0.000999787	1.29946	0.144868	0
6.02632	0.00104908	1.23282	0.141127	0
6.02707	0.00103371	1.2828	0.143848	0
6.02753	0.00101749	1.23282	0.141127	0
6.02711	0.00101743	1.23282	0.144868	0
6.02672	0.0010079	1.13286	0.135346	0
6.02628	0.000990058	1.0329	0.129565	0
6.02655	0.00104603	1.41608	0.150989	0
6.0264	0.0010208	1.14952	0.138407	0
6.02606	0.0010042	1.3661	0.148268	0
6.02702	0.00103358	1.48272	0.15609	0
6.02615	0.00100861	1.06622	0.133646	0
6.02749	0.00103845	1.38276	0.150989	0
6.02794	0.00101548	1.09954	0.133646	0
6.02613	0.00102022	1.16618	0.143167	0
6.02703	0.00104078	1.38276	0.150989	0
6.02781	0.00104973	1.2828	0.143848	0
6.02615	0.00101672	1.2828	0.145888	0
6.02744	0.00103138	1.43274	0.153709	0
6.02826	0.00101088	1.16618	0.137386	0
6.02667	0.00100167	1.1995	0.139087	0
6.02793	0.00102645	1.43274	0.151669	0
6.02852	0.00104337	1.29946	0.146568	0
6.02717	0.00100971	1.01624	0.130585	0
6.02476	0.000979161	1.08288	0.132625	0
6.02651	0.000995442	1.33278	0.146568	0
6.02819	0.00103092	1.29946	0.148608	0
6.02784	0.00102878	1.26614	0.142827	0
6.02754	0.00103618	1.49938	0.15507	0
6.02659	0.00105972	1.31612	0.145548	0
6.02461	0.00097034	1.13286	0.139427	0
6.02538	0.000989734	1.13286	0.137386	0
6.02638	0.00100939	1.3661	0.152009	0
6.02588	0.00100621	1.23282	0.141127	0
6.02545	0.000994663	1.3661	0.148268	0
6.02573	0.000987788	0.949604	0.124464	0
6.02614	0.000991874	1.26614	0.144868	0
6.02788	0.00103475	1.56601	0.15847	0
6.02809	0.00102911	1.31612	0.145548	0
6.02616	0.00102547	1.23282	0.143167	0
6.02637	0.00101717	1.24948	0.142147	0
6.02726	0.00102567	1.21616	0.140107	0
6.0278	0.000995312	1.41608	0.150989	0
6.02704	0.00100005	1.0329	0.131605	0
6.02583	0.000977215	1.24948	0.142147	0
6.02579	0.00101717	1.06622	0.133646	0
6.02718	0.00101775	1.33278	0.152009	0
6.02733	0.00100978	1.31612	0.149289	0
6.02749	0.00104571	1.61599	0.160851	0
6.02717	0.00100952	1.2828	0.145888	0
6.02729	0.00104156	1.43274	0.15541	0
6.02655	0.00100394	1.06622	0.131605	0
6.0253	0.000995831	1.09954	0.133646	0
6.02717	0.000995052	1.41608	0.150989	0
6.02766	0.00100562	1.2828	0.145888	0
6.02524	0.000990512	1.09954	0.133646	0
6.02666	0.00105051	1.59933	0.164932	0
6.02759	0.00100459	1.1995	0.145208	0
6.02611	0.00104435	1.3661	0.148268	0
6.02628	0.00102249	1.16618	0.137386	0
6.02467	0.000993885	1.14952	0.138407	0
6.02546	0.00101905	1.38276	0.149289	0
6.0261	0.00101088	1.31612	0.151329	0
6.02676	0.00101341	1.48272	0.15439	0
6.02686	0.0010258	1.39942	0.152009	0
6.02749	0.00101782	1.13286	0.135346	0
6.02581	0.00105213	1.38276	0.150989	0
6.02477	0.000984545	1.09954	0.137726	0
6.0261	0.000964178	1.18284	0.138407	0
6.02759	0.00100744	1.23282	0.141127	0
6.02785	0.00102521	1.41608	0.152689	0
6.02718	0.000988177	1.18284	0.140447	0
6.02643	0.00100005	1.09954	0.135686	0
6.02684	0.000985907	1.16618	0.139427	0
6.02628	0.000990447	1.13286	0.135346	0
6.02697	0.00102878	1.34944	0.147248	0
6.02892	0.00104792	1.48272	0.15779	0
6.027	0.00100095	1.16618	0.137386	0
6.02506	0.00100601	1.24948	0.143848	0
6.02582	0.000987204	1.13286	0.135346	0
6.02587	0.000989474	1.2828	0.145888	0
6.02541	0.000953346	1.04956	0.132625	0
6.02607	0.00102145	1.38276	0.149289	0
6.02656	0.00102554	1.26614	0.142827	0
6.02551	0.00103326	1.43274	0.153709	0
6.02692	0.000996155	1.48272	0.15609	0
6.02729	0.000992717	1.04956	0.130585	0
6.02586	0.00100154	1.24948	0.145888	0
6.02706	0.00103572	1.38276	0.150989	0
6.02708	0.00102171	1.23282	0.144868	0
6.02811	0.00100874	1.43274	0.151669	0
6.02915	0.00101996	1.08288	0.132625	0
6.02641	0.00100083	1.24948	0.142147	0
6.02824	0.00104474	1.78259	0.171733	0
6.02999	0.00105978	1.41608	0.15439	0
6.02814	0.00102547	1.46606	0.153369	0
6.02747	0.000981431	1.18284	0.138407	0
6.02702	0.00104007	1.43274	0.153709	0
6.02833	0.00102158	1.16618	0.137386	0
6.02679	0.00102936	1.21616	0.142147	0
6.02613	0.00102353	1.29946	0.146568	0
6.02782	0.00101529	1.24948	0.145888	0
6.02793	0.001033	1.26614	0.144868	0
6.02742	0.00104234	1.38276	0.150989	0
6.02608	0.000990966	1.13286	0.137386	0
6.02566	0.000976891	1.1995	0.139087	0
6.02636	0.00106218	1.41608	0.152689	0
6.02674	0.00100854	1.23282	0.141127	0
6.0261	0.00103228	1.41608	0.15643	0
6.02518	0.000994728	0.999584	0.127524	0
6.02655	0.00104402	1.43274	0.15541	0
6.02847	0.00103183	1.2828	0.143848	0
6.02788	0.00107399	1.59933	0.163571	0
6.02675	0.00103864	1.39942	0.149969	0
6.02627	0.00100978	1.1162	0.134326	0
6.02716	0.00103099	1.46606	0.15507	0
6.02691	0.00104649	1.33278	0.146568	0
6.02617	0.000999852	1.14952	0.136366	0
6.02655	0.000984999	1.41608	0.152689	0
6.02715	0.00101503	1.24948	0.143848	0
6.02667	0.00101944	1.26614	0.144868	0
6.02523	0.000977475	0.999584	0.127524	0
6.02524	0.000961908	0.982924	0.126504	0
6.0273	0.00100394	1.59933	0.164932	0
6.02755	0.00100744	1.24948	0.142147	0
6.02572	0.000985258	1.2828	0.147588	0
6.02676	0.00107107	1.29946	0.148608	0
6.02677	0.00100777	1.29946	0.146568	0
6.02617	0.000959443	1.1162	0.136366	0
6.0272	0.00101445	1.3661	0.150309	0
6.02592	0.000991615	1.34944	0.150989	0
6.02586	0.000978059	1.13286	0.135346	0
6.02683	0.000999463	1.4494	0.152689	0
6.02775	0.00100679	1.46606	0.153369	0
6.02721	0.00105829	0.999584	0.131605	0
6.02541	0.00102048	1.29946	0.146568	0
6.02588	0.00102982	1.2828	0.145888	0
6.02551	0.000995766	1.18284	0.138407	0
6.02526	0.000991939	1.13286	0.137386	0
6.02685	0.000991355	1.1995	0.139087	0
6.02831	0.00100699	1.21616	0.142147	0
6.02817	0.00104331	1.54935	0.159151	0
6.02667	0.00102255	1.31612	0.147588	0
6.02528	0.00099129	1.08288	0.132625	0
6.02719	0.00104642	1.33278	0.146568	0
6.02604	0.000975269	0.999584	0.127524	0
6.0261	0.000971443	1.23282	0.141127	0
6.02779	0.001004	1.16618	0.137386	0
6.0276	0.000999333	1.24948	0.145888	0
6.02565	0.00100725	1.39942	0.152009	0
6.02576	0.0010173	1.26614	0.148608	0
6.02828	0.0010389	1.38276	0.150989	0
6.02742	0.00107405	1.49938	0.15677	0
6.02546	0.000987853	1.04956	0.132625	0
6.02463	0.000985842	1.26614	0.146908	0
6.02642	0.00103449	1.31612	0.149289	0
6.02699	0.00102009	1.26614	0.142827	0
6.02599	0.00102223	1.23282	0.143167	0
6.02408	0.000962362	1.01624	0.130585	0
6.02562	0.000989345	1.2828	0.143848	0
6.02785	0.00104402	1.43274	0.153709	0
6.0276	0.000996544	1.41608	0.15439	0
6.02804	0.00105362	1.69929	0.166292	0
6.02799	0.00101289	0.982924	0.126504	0
6.02709	0.00103527	1.56601	0.15847	0
6.02708	0.00100647	1.0329	0.131605	0
6.02721	0.00100083	1.4494	0.152689	0
6.02646	0.000983312	1.24948	0.143848	0
6.02674	0.00103079	1.33278	0.148268	0
6.02622	0.0010103	1.08288	0.134666	0
6.0252	0.000974361	1.18284	0.138407	0
6.0264	0.00102379	1.43274	0.151669	0
6.02708	0.00102398	1.14952	0.138407	0
6.02571	0.000995506	1.16618	0.137386	0
6.02569	0.000990901	1.0329	0.131605	0
6.02658	0.000980588	1.1995	0.143167	0
6.0279	0.000997323	1.31612	0.147588	0
6.02759	0.00099155	1.1995	0.139087	0
6.02787	0.00103274	1.39942	0.153709	0
6.02756	0.000987658	1.01624	0.128545	0
6.02585	0.000984739	1.09954	0.133646	0
6.02646	0.00103883	1.23282	0.143167	0
6.0281	0.00104221	1.43274	0.15711	0
6.02674	0.00102904	1.26614	0.146908	0
6.02587	0.000991031	1.1162	0.134326	0
6.02692	0.000984934	1.41608	0.15643	0
6.02659	0.00102249	1.13286	0.135346	0
6.02447	0.00099168	1.09954	0.135686	0
6.02471	0.000942319	0.849646	0.120043	0
6.02644	0.00101367	1.38276	0.150989	0
6.02886	0.00108093	1.51603	0.159491	0
6.02783	0.00106562	1.2828	0.143848	0
6.02736	0.00102048	1.1162	0.134326	0
6.02635	0.00101737	1.14952	0.138407	0
6.02551	0.00101892	1.33278	0.148268	0
6.02633	0.00101393	1.14952	0.138407	0
6.02776	0.0010402	1.3661	0.152009	0
6.02656	0.00101205	1.41608	0.15439	0
6.02657	0.00102865	1.29946	0.146568	0
6.02698	0.00102683	1.1995	0.139087	0
6.0272	0.00100575	1.24948	0.142147	0
6.0267	0.00103449	1.26614	0.144868	0
6.0281	0.00102638	1.34944	0.149289	0
6.02952	0.00107581	1.69929	0.167992	0
6.02851	0.00106861	1.31612	0.149289	0
6.02623	0.000993301	1.14952	0.136366	0
6.02704	0.00103371	1.49938	0.15677	0
6.02722	0.00104545	1.24948	0.145888	0
6.02595	0.00103935	1.16618	0.137386	0
6.02622	0.000979356	1.41608	0.150989	0
6.02488	0.00102528	1.1995	0.141127	0
6.02515	0.00100861	1.31612	0.149289	0
6.02569	0.00101866	1.23282	0.146908	0
6.02577	0.000998231	1.04956	0.130585	0
6.02644	0.000974167	1.21616	0.144188	0
6.02712	0.00103527	1.39942	0.152009	0
6.02711	0.0010304	1.1995	0.141127	0
6.02754	0.00102495	1.46606	0.15507	0
6.02699	0.000994015	1.18284	0.140447	0
6.02595	0.00100601	1.1162	0.134326	0
6.02742	0.00102774	1.43274	0.151669	0
6.02864	0.00105226	1.34944	0.150989	0
6.02875	0.00107003	1.54935	0.15745	0
6.02754	0.00102671	1.16618	0.137386	0
6.02459	0.000986555	1.0329	0.131605	0
6.02514	0.000984804	1.16618	0.137386	0
6.02588	0.00098195	1.24948	0.142147	0
6.02578	0.000990317	1.21616	0.142147	0
6.02745	0.00100297	1.18284	0.142147	0
6.02761	0.00100018	1.33278	0.146568	0
6.02568	0.00101477	1.18284	0.140447	0
6.02594	0.00101925	1.26614	0.146908	0
6.02658	0.00105259	1.33278	0.146568	0
6.02572	0.00100802	0.999584	0.131605	0
6.02572	0.000992912	1.33278	0.148268	0
6.0261	0.00101321	1.23282	0.141127	0
6.02628	0.00100822	1.2828	0.143848	0
6.02513	0.00100562	1.1162	0.136366	0
6.0272	0.00105213	1.46606	0.15711	0
6.02625	0.00101788	1.16618	0.139427	0
6.02673	0.00103676	1.54935	0.15745	0
6.02778	0.000993755	1.14952	0.136366	0
6.02625	0.000984674	1.18284	0.142147	0
6.02656	0.00101509	1.21616	0.142147	0
6.02771	0.00107535	1.31612	0.145548	0
6.02766	0.00101717	1.18284	0.140447	0
6.02817	0.00104234	1.3661	0.150309	0
6.02741	0.00103274	1.33278	0.148268	0
6.02659	0.00102048	1.29946	0.144868	0
6.02639	0.00102028	1.24948	0.143848	0
6.02536	0.000989928	1.24948	0.143848	0
6.02434	0.000986037	1.06622	0.135686	0
6.025	0.000997258	1.1162	0.134326	0
6.0259	0.00097728	1.16618	0.139427	0
6.02584	0.000990123	1.41608	0.15643	0
6.02544	0.00100037	1.1162	0.134326	0
6.02726	0.000999593	1.38276	0.152689	0
6.02687	0.00103313	1.29946	0.144868	0
6.02695	0.00103637	1.38276	0.149289	0
6.02596	0.00103235	1.21616	0.147928	0
6.02539	0.000969367	1.18284	0.138407	0
6.02462	0.000976826	1.0329	0.129565	0
6.02614	0.00101535	1.33278	0.148268	0
6.02811	0.00102534	1.31612	0.147588	0
6.02754	0.0010341	1.24948	0.143848	0
6.02659	0.00101257	1.4494	0.15439	0
6.02764	0.00103397	1.33278	0.148268	0
6.0285	0.00103313	1.16618	0.137386	0
6.02759	0.00105226	1.34944	0.150989	0
6.02817	0.00102444	1.31612	0.149289	0
6.02668	0.000997387	1.09954	0.133646	0
6.02662	0.000993885	1.16618	0.139427	0
6.0264	0.00100141	1.2828	0.143848	0
6.02625	0.000991485	1.29946	0.146568	0
6.02585	0.00104065	1.2828	0.145888	0
6.02725	0.00102171	1.31612	0.147588	0
6.02681	0.00101237	1.38276	0.149289	0
6.0258	0.00101691	1.13286	0.135346	0
6.02626	0.00101451	1.29946	0.146568	0
6.02581	0.0010675	1.04956	0.134666	0
6.024	0.000970924	0.966264	0.129565	0
6.02512	0.00100478	1.4494	0.152689	0
6.02729	0.00103611	1.23282	0.144868	0
6.02554	0.000992782	1.2828	0.147588	0
6.02645	0.00101899	1.3661	0.150309	0
6.02672	0.000987528	1.1162	0.134326	0
6.02513	0.000945692	1.18284	0.138407	0
6.02724	0.0010029	1.29946	0.146568	0
6.02817	0.00102846	1.54935	0.15745	0
6.02665	0.000983766	1.21616	0.142147	0
6.02661	0.0010018	0.966264	0.127524	0
6.02755	0.00098435	1.46606	0.15507	0
6.02797	0.00102249	1.23282	0.141127	0
6.02555	0.000990058	1.0329	0.129565	0
6.02551	0.000990317	1.1162	0.136366	0
6.02715	0.000994534	1.43274	0.153709	0
6.02726	0.00100394	1.38276	0.149289	0
6.02624	0.00100381	1.16618	0.137386	0
6.02628	0.000981691	1.23282	0.141127	0
6.02592	0.000994274	1.1995	0.139087	0
6.02639	0.0010136	1.18284	0.142147	0
6.02681	0.00105317	1.3661	0.152009	0
6.02575	0.000988242	1.18284	0.142147	0
6.02586	0.00099635	1.08288	0.132625	0
6.02687	0.00102268	1.23282	0.141127	0
6.02689	0.00105589	1.29946	0.144868	0
6.02573	0.00101471	1.34944	0.147248	0
6.02625	0.000983637	1.14952	0.142487	0
6.02717	0.00104577	1.43274	0.153709	0
6.0285	0.00103987	1.48272	0.15439	0
6.02747	0.00101665	1.2828	0.145888	0
6.02683	0.00102359	1.34944	0.149289	0
6.02572	0.00102456	1.21616	0.144188	0
6.02609	0.0010376	1.34944	0.149289	0
6.0272	0.00103527	1.3661	0.150309	0
6.02625	0.000999593	1.04956	0.130585	0
6.02705	0.00105116	1.46606	0.153369	0
6.02816	0.00100919	1.31612	0.147588	0
6.02701	0.001033	1.39942	0.152009	0
6.02864	0.00108151	1.4494	0.15439	0
6.02868	0.00104208	1.3661	0.148268	0
6.02717	0.00101153	1.53269	0.15677	0
6.02603	0.00104182	1.14952	0.138407	0
6.02643	0.000988826	1.13286	0.135346	0
6.02555	0.00101827	1.1995	0.141127	0
6.02641	0.00103014	1.1995	0.141127	0
6.02714	0.00105408	1.16618	0.139427	0
6.02636	0.00105622	1.16618	0.143167	0
6.02662	0.00101801	1.3661	0.150309	0
6.02782	0.00105317	1.38276	0.149289	0
6.02748	0.00101062	1.18284	0.138407	0
6.02541	0.00102431	1.56601	0.160171	0
6.02613	0.00100212	1.1162	0.134326	0
6.02663	0.00104162	1.43274	0.15541	0
6.02749	0.00103981	1.58267	0.165952	0
6.02661	0.00105317	1.3661	0.150309	0
6.02594	0.00101295	1.33278	0.148268	0
6.02496	0.00104325	1.29946	0.146568	0
6.0248	0.000969108	1.26614	0.142827	0
6.02703	0.000988242	1.31612	0.145548	0
6.02725	0.00097728	1.09954	0.135686	0
6.02617	0.00102962	1.53269	0.15847	0
6.02637	0.000984285	0.999584	0.129565	0
6.02599	0.000999009	1.0329	0.129565	0
6.02758	0.00101438	1.34944	0.150989	0
6.02892	0.00106439	1.2828	0.145888	0
6.02806	0.00105829	1.3661	0.148268	0
6.02703	0.00103585	1.61599	0.162551	0
6.02679	0.00102411	1.23282	0.143167	0
6.02679	0.000982469	1.24948	0.142147	0
6.02725	0.00107911	1.38276	0.15473	0
6.02553	0.000996479	1.08288	0.134666	0
6.02558	0.000975788	1.13286	0.137386	0
6.0265	0.000978902	1.04956	0.132625	0
6.02542	0.000994988	1.29946	0.146568	0
6.02613	0.000995377	1.41608	0.152689	0
6.02678	0.00101172	1.16618	0.137386	0
6.02626	0.00103274	1.49938	0.15507	0
6.02569	0.0010448	1.1162	0.134326	0
6.0247	0.000998879	1.2828	0.143848	0
6.02725	0.00100491	1.21616	0.140107	0
6.02662	0.00101237	1.04956	0.132625	0
6.02603	0.00102372	1.41608	0.152689	0
6.02751	0.00104993	1.58267	0.160851	0
6.02677	0.00101224	1.0329	0.133646	0
6.02542	0.00100608	1.13286	0.137386	0
6.02644	0.000982145	1.21616	0.140107	0
6.02778	0.0010136	1.49938	0.15507	0
6.02698	0.00100653	1.1995	0.143167	0
6.0269	0.00101509	1.1995	0.143167	0
6.02729	0.00105414	1.63265	0.166632	0
6.02846	0.00107613	1.49938	0.162211	0
6.02743	0.00103605	1.29946	0.144868	0
6.02629	0.00101639	0.932945	0.123104	0
6.02595	0.00104603	1.4494	0.15609	0
6.02798	0.0010522	1.48272	0.15609	0
6.02816	0.00105343	1.34944	0.150989	0
6.0264	0.00104817	1.43274	0.151669	0
6.02681	0.00102372	1.33278	0.148268	0
6.02714	0.00103708	1.4494	0.15609	0
6.02715	0.00100407	1.26614	0.144868	0
6.02629	0.00100335	1.34944	0.149289	0
6.02599	0.0010306	1.46606	0.15507	0
6.02662	0.00101762	1.4494	0.15609	0
6.02681	0.00104558	1.38276	0.149289	0
6.02624	0.00104247	1.3661	0.148268	0
6.02657	0.00103151	1.49938	0.163911	0
6.02703	0.00104467	1.21616	0.142147	0
6.02666	0.00103378	1.39942	0.149969	0
6.0275	0.00103974	1.16618	0.137386	0
6.0267	0.00100031	1.23282	0.143167	0
6.02644	0.00101088	1.26614	0.142827	0
6.02681	0.00103027	1.1995	0.139087	0
6.02834	0.00105888	1.3661	0.148268	0
6.02705	0.00100232	1.06622	0.131605	0
6.02772	0.00105336	1.63265	0.161531	0
6.02719	0.000995052	1.23282	0.143167	0
6.02484	0.000976177	0.999584	0.129565	0
6.02601	0.000980523	1.18284	0.142147	0
6.02768	0.00100893	1.29946	0.148608	0
6.02674	0.00100219	1.13286	0.137386	0
6.02675	0.000990253	1.1995	0.139087	0
6.02876	0.00102703	1.23282	0.144868	0
6.02669	0.00101419	1.38276	0.150989	0
6.02559	0.0010365	1.21616	0.142147	0
6.02649	0.000994015	1.06622	0.131605	0
6.02644	0.000999009	1.31612	0.147588	0
6.02657	0.00106439	1.53269	0.161871	0
6.02564	0.00101795	1.16618	0.137386	0
6.02459	0.000997063	1.24948	0.143848	0
6.02578	0.000985323	1.16618	0.137386	0
6.02593	0.000997906	1.4494	0.152689	0
6.02544	0.000989345	1.24948	0.142147	0
6.02716	0.00102515	1.3661	0.15575	0
6.02892	0.00105946	1.34944	0.149289	0
6.02815	0.00103896	1.34944	0.147248	0
6.02575	0.00100822	1.14952	0.140447	0
6.02636	0.00102988	1.14952	0.136366	0
6.02763	0.000997258	1.38276	0.150989	0
6.02666	0.00100997	1.14952	0.136366	0
6.02641	0.0010173	1.38276	0.149289	0
6.027	0.00102204	1.43274	0.151669	0
6.02892	0.00102898	1.49938	0.15677	0
6.02775	0.0010472	1.34944	0.150989	0
6.02747	0.00103079	1.43274	0.15541	0
6.02785	0.00104837	1.24948	0.145888	0
6.02681	0.00100997	1.38276	0.152689	0
6.02678	0.00105174	1.26614	0.144868	0
6.02586	0.000994339	1.18284	0.138407	0
6.02498	0.00102424	1.34944	0.149289	0
6.02742	0.00105713	1.56601	0.160171	0
6.02762	0.00100705	1.21616	0.140107	0
6.0247	0.00100102	1.1995	0.139087	0
6.02634	0.00102041	1.48272	0.15439	0
6.02722	0.00104234	1.26614	0.142827	0
6.02644	0.00102268	1.24948	0.145888	0
6.0252	0.00102872	1.43274	0.151669	0
6.02655	0.00101814	1.39942	0.149969	0
6.02698	0.000993107	1.08288	0.132625	0
6.02547	0.00101814	1.34944	0.150989	0
6.02681	0.00102184	1.33278	0.148268	0
6.02791	0.00101231	1.1995	0.141127	0
6.0269	0.00104454	1.34944	0.150989	0
6.02657	0.00103053	1.2828	0.143848	0
6.02595	0.000979226	1.39942	0.149969	0
6.02699	0.00100705	1.23282	0.143167	0
6.02732	0.00098208	1.1162	0.134326	0
6.02592	0.000989539	1.1995	0.139087	0
6.02503	0.000997842	1.01624	0.128545	0
6.02546	0.00100115	1.08288	0.134666	0
6.02619	0.000980977	1.1162	0.134326	0
6.02568	0.000990836	1.33278	0.146568	0
6.02685	0.00100147	1.29946	0.148608	0
6.02842	0.00106828	1.29946	0.152349	0
6.02688	0.00101497	1.2828	0.147588	0
6.02432	0.00103228	1.21616	0.142147	0
6.02504	0.000984415	1.2828	0.143848	0
6.026	0.00104779	1.1162	0.136366	0
6.0261	0.00104792	1.23282	0.143167	0
6.02589	0.00100433	1.08288	0.132625	0
6.02555	0.00102035	1.13286	0.139427	0
6.02584	0.00100024	1.21616	0.142147	0
6.02726	0.000987399	1.14952	0.136366	0
6.02607	0.00101964	1.14952	0.138407	0
6.02591	0.000991355	1.26614	0.144868	0
6.02744	0.00104325	1.48272	0.15439	0
6.02641	0.00101659	1.41608	0.152689	0
6.02536	0.00101328	0.949604	0.124464	0
6.02601	0.000983831	1.06622	0.133646	0
6.0272	0.000994534	1.24948	0.142147	0
6.02838	0.00101905	1.43274	0.151669	0
6.02707	0.00102139	0.966264	0.125484	0
6.02509	0.000970405	0.999584	0.127524	0
6.02654	0.00101172	1.1995	0.146908	0
6.02672	0.00102067	1.31612	0.147588	0
6.02583	0.000992458	1.08288	0.134666	0
6.02653	0.000982729	1.2828	0.145888	0
6.02762	0.00104565	1.46606	0.15711	0
6.02717	0.00101347	1.34944	0.147248	0
6.02608	0.00102638	1.1162	0.140447	0
6.02559	0.000999593	1.21616	0.140107	0
6.02653	0.00106841	1.46606	0.15507	0
6.02643	0.00102028	1.29946	0.144868	0
6.02653	0.00103274	1.46606	0.15507	0
6.02637	0.00102593	1.26614	0.144868	0
6.02616	0.00100867	1.24948	0.143848	0
6.02709	0.000996544	1.38276	0.149289	0
6.02762	0.00101445	1.34944	0.147248	0
6.02587	0.00100491	1.26614	0.144868	0
6.02609	0.00100919	1.4494	0.152689	0
6.02806	0.00102619	1.26614	0.144868	0
6.02756	0.00105421	1.4494	0.15609	0
6.02761	0.00105972	1.29946	0.146568	0
6.02728	0.00101068	1.29946	0.146568	0
6.02742	0.00101879	1.48272	0.15779	0
6.02826	0.00106673	1.29946	0.144868	0
6.02651	0.00103488	1.21616	0.140107	0
6.02567	0.000982988	1.06622	0.135686	0
6.02756	0.00100569	1.24948	0.147928	0
6.02776	0.00103858	1.39942	0.15541	0
6.02643	0.00103611	1.34944	0.147248	0
6.02685	0.00105006	1.3661	0.150309	0
6.02743	0.00103838	1.39942	0.152009	0
6.02654	0.000982988	1.31612	0.145548	0
6.02604	0.00099382	1.43274	0.153709	0
6.02819	0.00102035	1.18284	0.140447	0
6.02743	0.00101295	1.08288	0.134666	0
6.02623	0.00102106	1.33278	0.148268	0
6.02774	0.00106543	1.2828	0.145888	0
6.02853	0.00105057	1.2828	0.145888	0
6.02714	0.00106718	1.29946	0.146568	0
6.02695	0.00107548	1.24948	0.143848	0
6.02648	0.00104532	1.21616	0.140107	0
6.02689	0.000995636	1.39942	0.152009	0
6.02686	0.00101146	1.48272	0.15609	0
6.02613	0.000997128	0.882965	0.120043	0
6.02691	0.00102852	1.41608	0.152689	0
6.02868	0.00104824	1.41608	0.150989	0
6.02767	0.00105246	1.46606	0.15711	0
6.02664	0.00104999	1.16618	0.145208	0
6.02704	0.00101192	1.1995	0.141127	0
6.02737	0.0010016	1.31612	0.147588	0
6.02545	0.00100335	1.1995	0.141127	0
6.02573	0.00101127	0.966264	0.129565	0
6.02742	0.00103332	1.23282	0.144868	0
6.0268	0.00102975	1.33278	0.152009	0
6.02608	0.00105544	1.33278	0.148268	0
6.02553	0.00103851	1.41608	0.152689	0
6.0261	0.00102975	1.24948	0.143848	0
6.02713	0.000982729	1.21616	0.142147	0
6.02563	0.000984804	1.29946	0.144868	0
6.02598	0.00104227	1.3661	0.148268	0
6.02566	0.00101581	1.24948	0.142147	0
6.02418	0.000985907	1.06622	0.133646	0
6.02513	0.000977086	1.1162	0.134326	0
6.02727	0.000998425	1.26614	0.144868	0
6.02708	0.00103001	1.41608	0.152689	0
6.02769	0.00101925	1.49938	0.15507	0
6.02831	0.00105207	1.23282	0.143167	0
6.0277	0.00104973	1.39942	0.153709	0
6.02768	0.00102366	1.14952	0.138407	0
6.02676	0.00105362	1.38276	0.150989	0
6.02658	0.00105343	1.24948	0.143848	0
6.02738	0.00101808	1.26614	0.142827	0
6.02738	0.00106186	1.41608	0.15439	0
6.02865	0.00103345	1.06622	0.133646	0
6.02648	0.00104552	1.33278	0.15575	0
6.02566	0.00100738	1.18284	0.140447	0
6.02573	0.000956849	1.04956	0.132625	0
6.02645	0.00096781	1.04956	0.132625	0
6.02756	0.00102917	1.48272	0.15779	0
6.02778	0.0010269	1.1995	0.139087	0
6.02763	0.00104305	1.4494	0.15779	0
6.0278	0.00103566	1.1995	0.139087	0
6.02688	0.00102087	1.08288	0.134666	0
6.02647	0.00102431	1.41608	0.150989	0
6.0268	0.00104325	1.1162	0.134326	0
6.02684	0.00100744	1.3661	0.152009	0
6.02622	0.00102891	1.38276	0.152689	0
6.02611	0.00101497	1.46606	0.153369	0
6.02849	0.00108774	1.68263	0.169012	0
6.02787	0.00107269	1.39942	0.15541	0
6.02606	0.00103968	1.1995	0.141127	0
6.02518	0.000992004	1.1162	0.134326	0
6.02687	0.00100971	1.49938	0.15677	0
6.02776	0.00100108	1.29946	0.146568	0
6.02799	0.00101503	1.29946	0.144868	0
6.02841	0.000998879	1.29946	0.144868	0
6.02827	0.00102898	1.63265	0.163231	0
6.02867	0.00106977	1.46606	0.15507	0
6.02774	0.0010293	1.48272	0.15609	0
6.02771	0.00102113	1.34944	0.147248	0
6.02799	0.00103073	1.26614	0.146908	0
6.02778	0.00098422	1.41608	0.150989	0
6.02833	0.00103014	1.2828	0.147588	0
6.02838	0.00104714	1.63265	0.161531	0
6.028	0.00106569	1.49938	0.15847	0
6.02803	0.00105369	1.31612	0.147588	0
6.0276	0.00101976	1.39942	0.15711	0
6.02545	0.00103099	1.23282	0.143167	0
6.02617	0.00103267	1.3661	0.153709	0
6.02577	0.00103935	1.1995	0.139087	0
6.0244	0.00100751	1.14952	0.136366	0
6.02633	0.000999658	1.06622	0.131605	0
6.02719	0.00104843	1.54935	0.161191	0
6.02608	0.00103066	1.23282	0.141127	0
6.02398	0.00096794	1.16618	0.141467	0
6.02485	0.000959119	1.04956	0.132625	0
6.02536	0.000980199	1.06622	0.131605	0
6.0248	0.000956654	1.04956	0.132625	0
6.02701	0.00102489	1.61599	0.162551	0
6.02843	0.00102093	1.34944	0.149289	0
6.02673	0.00102476	1.33278	0.146568	0
6.02675	0.001021	1.29946	0.144868	0
6.02689	0.000987269	1.18284	0.138407	0
6.02685	0.000980783	1.0329	0.131605	0
6.0267	0.000985258	1.21616	0.140107	0
6.02755	0.00104616	1.4494	0.15439	0
6.02704	0.000971118	1.16618	0.137386	0
6.02664	0.00102152	1.66597	0.166632	0
6.02696	0.00103248	1.24948	0.143848	0
6.02539	0.0010114	1.3661	0.148268	0
6.02525	0.000992782	1.16618	0.137386	0
6.02632	0.00099836	1.26614	0.144868	0
6.02612	0.00100511	1.33278	0.148268	0
6.02594	0.000993366	1.0329	0.129565	0
6.02639	0.00103293	1.29946	0.146568	0
6.02821	0.00106043	1.4494	0.15609	0
6.02629	0.0010136	1.13286	0.139427	0
6.02551	0.000990317	1.1162	0.134326	0
6.02729	0.00102431	1.09954	0.137726	0
6.02769	0.00101613	1.64931	0.163911	0
6.02673	0.00103099	1.1995	0.139087	0
6.02551	0.000968848	1.09954	0.133646	0
6.02592	0.000965151	1.08288	0.132625	0
6.02708	0.0010079	1.3661	0.150309	0
6.02715	0.000965605	1.16618	0.139427	0
6.02597	0.000985193	1.1162	0.136366	0
6.02777	0.00105881	1.51603	0.15575	0
6.02899	0.00106257	1.31612	0.151329	0
6.0272	0.00104007	1.23282	0.141127	0
6.02688	0.00103572	1.21616	0.142147	0
6.02641	0.00100692	1.21616	0.142147	0
6.0267	0.00104415	1.46606	0.153369	0
6.02738	0.00100647	1.29946	0.148608	0
6.02754	0.00103144	1.34944	0.147248	0
6.02769	0.00102547	1.23282	0.141127	0
6.02554	0.000988631	1.23282	0.141127	0
6.02507	0.00101795	1.34944	0.150989	0
6.0279	0.00103832	1.43274	0.151669	0
6.02723	0.00103702	1.24948	0.142147	0
6.02602	0.00101399	1.1995	0.141127	0
6.02699	0.00106342	1.53269	0.15677	0
6.02723	0.00103066	1.39942	0.152009	0
6.02602	0.001052	1.38276	0.149289	0
6.02667	0.00101717	1.08288	0.134666	0
6.02603	0.000990253	0.949604	0.124464	0
6.02532	0.000990512	1.46606	0.15507	0
6.02684	0.00101308	1.38276	0.150989	0
6.0269	0.00101957	1.09954	0.137726	0
6.02578	0.000947638	1.14952	0.136366	0
6.02633	0.000997452	1.4494	0.15779	0
6.02764	0.00104532	1.38276	0.150989	0
6.02623	0.00104882	1.33278	0.150309	0
6.02533	0.000968005	1.0329	0.129565	0
6.02728	0.00100368	1.31612	0.147588	0
6.02989	0.00104532	1.46606	0.153369	0
6.02821	0.00104895	1.46606	0.15507	0
6.02592	0.000992458	1.1995	0.143167	0
6.02622	0.00100057	1.21616	0.140107	0
6.02688	0.00101542	1.24948	0.143848	0
6.02648	0.00097287	1.2828	0.143848	0
6.02679	0.00102476	1.4494	0.15779	0
6.02699	0.00103248	1.1995	0.141127	0
6.02574	0.00101328	1.18284	0.138407	0
6.02652	0.0010365	1.1995	0.141127	0
6.02607	0.000994793	1.18284	0.138407	0
6.0257	0.000998166	1.34944	0.150989	0
6.02652	0.00100452	1.2828	0.145888	0
6.02619	0.000998879	1.24948	0.145888	0
6.02626	0.000983442	1.18284	0.138407	0
6.02761	0.0010232	1.61599	0.160851	0
6.02887	0.00103157	1.38276	0.149289	0
6.02779	0.00103643	1.41608	0.150989	0
6.02725	0.00106828	1.48272	0.15609	0
6.02808	0.00106102	1.66597	0.167992	0
6.027	0.0010138	1.18284	0.138407	0
6.02594	0.00101717	1.2828	0.143848	0
6.02637	0.000971183	0.966264	0.127524	0
6.02665	0.000991161	1.29946	0.144868	0
6.02907	0.00105505	1.59933	0.159831	0
6.02752	0.00101477	1.08288	0.132625	0
6.02495	0.000978772	1.31612	0.147588	0
6.02744	0.0010256	1.24948	0.145888	0
6.02784	0.0010304	1.49938	0.15507	0
6.02662	0.00104072	1.18284	0.138407	0
6.02628	0.000993755	1.31612	0.147588	0
6.02699	0.00103741	1.23282	0.143167	0
6.02668	0.00101737	1.23282	0.141127	0
6.02581	0.00102327	1.41608	0.152689	0
6.02668	0.00106556	1.48272	0.15609	0
6.02648	0.00105563	1.29946	0.148608	0
6.02623	0.000990901	1.13286	0.135346	0
6.0272	0.00100828	1.51603	0.15779	0
6.02736	0.00105083	1.24948	0.143848	0
6.02586	0.000977604	1.18284	0.138407	0
6.02727	0.00104513	1.33278	0.148268	0
6.02722	0.00100647	1.24948	0.143848	0
6.02599	0.00102431	1.38276	0.15473	0
6.0264	0.00101205	1.24948	0.147928	0
6.02793	0.000999658	1.33278	0.148268	0
6.02828	0.00102612	1.24948	0.143848	0
6.02643	0.00100193	1.09954	0.133646	0
6.02684	0.00102962	1.46606	0.15711	0
6.02692	0.000994598	1.21616	0.140107	0
6.0261	0.000995182	1.14952	0.140447	0
6.02792	0.00104331	1.41608	0.15439	0
6.02705	0.000994144	1.14952	0.136366	0
6.02498	0.000990836	1.31612	0.145548	0
6.02549	0.000994793	1.26614	0.142827	0
6.02669	0.00102593	1.33278	0.152009	0
6.0263	0.00101399	0.966264	0.125484	0
6.02562	0.00101769	1.33278	0.152009	0
6.02461	0.000980069	0.966264	0.125484	0
6.02583	0.00101801	1.23282	0.143167	0
6.02764	0.00105278	1.51603	0.15575	0
6.02685	0.00103462	1.3661	0.152009	0
6.02575	0.00102223	1.16618	0.137386	0
6.02635	0.00102625	1.31612	0.149289	0
6.0269	0.00105505	1.46606	0.153369	0
6.02844	0.0010533	1.56601	0.160171	0
6.02841	0.00102839	1.54935	0.159151	0
6.02674	0.000990512	1.33278	0.148268	0
6.02535	0.0010018	1.23282	0.141127	0
6.02615	0.0010258	1.23282	0.143167	0
6.02653	0.00101438	1.13286	0.137386	0
6.02596	0.00101004	1.16618	0.139427	0
6.02632	0.000988955	1.2828	0.145888	0
6.02851	0.0010531	1.61599	0.164251	0
6.02932	0.00106964	1.34944	0.149289	0
6.02796	0.00103235	1.21616	0.142147	0
6.02659	0.00103948	1.3661	0.150309	0
6.02795	0.00101153	1.34944	0.147248	0
6.02877	0.00101509	1.23282	0.143167	0
6.02653	0.000992263	1.14952	0.138407	0
6.02636	0.000966383	1.24948	0.142147	0
6.02608	0.000960157	1.38276	0.152689	0
6.02525	0.000948741	0.982924	0.126504	0
6.02513	0.000961908	1.14952	0.138407	0
6.02826	0.00103955	1.78259	0.170033	0
6.02701	0.00106588	1.29946	0.148608	0
6.02406	0.000976372	1.14952	0.136366	0
6.02661	0.00104766	1.53269	0.15847	0
6.02585	0.000989799	1.0329	0.133646	0
6.02457	0.000982793	1.34944	0.149289	0
6.02751	0.00102106	1.46606	0.153369	0
6.02779	0.00100913	1.41608	0.15643	0
6.02509	0.00103099	1.16618	0.139427	0
6.02607	0.000987464	1.13286	0.137386	0
6.02738	0.00101775	1.29946	0.144868	0
6.02584	0.00102742	1.34944	0.150989	0
6.02633	0.00103001	1.38276	0.150989	0
6.02609	0.00103689	1.3661	0.148268	0
6.02633	0.00100076	1.09954	0.135686	0
6.0254	0.000966837	1.23282	0.141127	0
6.02791	0.00101964	1.23282	0.141127	0
6.02673	0.00100115	1.2828	0.143848	0
6.02601	0.00098701	1.21616	0.142147	0
6.02848	0.00104052	1.39942	0.149969	0
6.02766	0.00100978	1.48272	0.15439	0
6.02588	0.000978123	1.26614	0.144868	0
6.02823	0.00104623	1.33278	0.146568	0
6.02735	0.00103144	1.1162	0.134326	0
6.02412	0.00098928	1.13286	0.135346	0
6.02536	0.000984026	1.33278	0.150309	0
6.02779	0.00101179	1.2828	0.145888	0
6.02702	0.00106861	1.21616	0.140107	0
6.02651	0.00102645	1.39942	0.149969	0
6.02608	0.00101406	1.08288	0.132625	0
6.02641	0.00103397	1.31612	0.147588	0
6.02732	0.00103987	1.43274	0.15541	0
6.02591	0.00102502	1.09954	0.133646	0
6.02681	0.00100945	1.18284	0.140447	0
6.02926	0.00103566	1.46606	0.15507	0
6.0273	0.001021	1.16618	0.137386	0
6.02678	0.00102294	1.14952	0.136366	0
6.02837	0.00099862	1.26614	0.144868	0
6.02633	0.000983831	1.14952	0.136366	0
6.02685	0.00098928	1.33278	0.146568	0
6.02741	0.000988891	1.26614	0.144868	0
6.02717	0.00100926	1.2828	0.143848	0
6.02774	0.00102372	1.29946	0.144868	0
6.02781	0.00103929	1.33278	0.146568	0
6.02561	0.000973972	0.916285	0.122083	0
6.02598	0.00100387	1.3661	0.148268	0
6.02687	0.000990901	1.21616	0.140107	0
6.02728	0.0010546	1.2828	0.145888	0
6.02688	0.00102833	1.39942	0.149969	0
6.02603	0.00105706	1.39942	0.149969	0
6.02642	0.00102346	1.2828	0.145888	0
6.0267	0.00104422	1.31612	0.145548	0
6.02801	0.00105797	1.3661	0.152009	0
6.02642	0.00102093	1.1162	0.134326	0
6.02455	0.000979421	1.13286	0.137386	0
6.02599	0.000995701	1.13286	0.137386	0
6.02736	0.000995636	1.18284	0.140447	0
6.02656	0.00103682	1.41608	0.150989	0
6.02635	0.00102489	1.33278	0.146568	0
6.02725	0.00105596	1.33278	0.148268	0
6.02692	0.00104772	1.31612	0.151329	0
6.02608	0.00106471	1.4494	0.15779	0
6.02769	0.00106387	1.18284	0.138407	0
6.028	0.000999982	1.46606	0.15711	0
6.02715	0.00102411	1.29946	0.146568	0
6.02741	0.00100472	1.31612	0.151329	0
6.02717	0.00101581	1.1995	0.139087	0
6.02729	0.00101321	1.09954	0.137726	0
6.02793	0.00103086	1.41608	0.152689	0
6.02774	0.00104759	1.38276	0.152689	0
6.02809	0.00107645	1.31612	0.145548	0
6.02719	0.00104059	1.26614	0.146908	0
6.02624	0.00104882	1.29946	0.146568	0
6.02626	0.00101133	1.13286	0.135346	0
6.02564	0.00101827	1.16618	0.139427	0
6.02505	0.00100465	1.2828	0.149629	0
6.02633	0.00105025	1.41608	0.15643	0
6.02583	0.00105849	1.39942	0.152009	0
6.02404	0.00100251	1.21616	0.142147	0
6.02528	0.000977475	1.38276	0.149289	0
6.02659	0.0010269	1.34944	0.15473	0
6.02665	0.00103864	1.26614	0.144868	0
6.02594	0.00102301	1.2828	0.147588	0
6.02806	0.00104461	1.46606	0.15507	0
6.02747	0.00108184	1.2828	0.145888	0
6.02693	0.00105466	1.4494	0.15439	0
6.02645	0.00103974	1.26614	0.146908	0
6.02672	0.00103566	1.31612	0.147588	0
6.02658	0.00100952	1.29946	0.144868	0
6.02637	0.00101438	1.33278	0.148268	0
6.0269	0.00100647	1.4494	0.15439	0
6.02603	0.00102898	1.31612	0.145548	0
6.02745	0.00102067	1.34944	0.147248	0
6.02746	0.00103708	1.3661	0.152009	0
6.02687	0.0010376	1.31612	0.145548	0
6.02599	0.001009	1.1995	0.139087	0
6.02598	0.000986361	1.16618	0.137386	0
6.02654	0.00102936	1.38276	0.150989	0
6.0273	0.00105583	1.58267	0.164251	0
6.02569	0.00102508	1.1162	0.136366	0
6.02505	0.00102859	1.16618	0.139427	0
6.02719	0.00109228	1.66597	0.164932	0
6.02699	0.00101886	1.1995	0.139087	0
6.02457	0.00100867	1.3661	0.152009	0
6.02579	0.00102586	1.33278	0.146568	0
6.02758	0.00106964	1.24948	0.142147	0
6.02669	0.00103579	1.33278	0.146568	0
6.02714	0.00101509	1.23282	0.143167	0
6.02739	0.00101808	1.34944	0.147248	0
6.0266	0.0010125	1.14952	0.136366	0
6.02709	0.00104467	1.23282	0.141127	0
6.02816	0.00104513	1.29946	0.146568	0
6.02623	0.00101931	1.13286	0.135346	0
6.02489	0.000988826	1.08288	0.136706	0
6.02745	0.00103507	1.38276	0.150989	0
6.02677	0.0010088	1.0329	0.129565	0
6.02637	0.00100537	1.59933	0.164932	0
6.02709	0.00104675	1.24948	0.142147	0
6.02572	0.0010256	1.0329	0.129565	0
6.02585	0.00103079	1.16618	0.141467	0
6.0252	0.00094446	1.29946	0.144868	0
6.02519	0.00100569	1.14952	0.138407	0
6.02552	0.00099622	1.06622	0.131605	0
6.02592	0.00103254	1.43274	0.15541	0
6.02629	0.00104986	1.49938	0.160511	0
6.02545	0.00103559	1.1995	0.139087	0
6.02445	0.00101912	1.09954	0.133646	0
6.02434	0.000980912	1.09954	0.133646	0
6.02641	0.00103267	1.43274	0.15541	0
6.02673	0.00101607	1.24948	0.147928	0
6.02735	0.00102787	1.39942	0.159151	0
6.02778	0.00105894	1.51603	0.15575	0
6.02765	0.00104649	1.48272	0.15779	0
6.02785	0.00108554	1.46606	0.15711	0
6.02641	0.00103741	1.1995	0.143167	0
6.02608	0.00101646	1.24948	0.142147	0
6.02725	0.000998231	1.26614	0.142827	0
6.02633	0.00098902	1.1162	0.134326	0
6.0266	0.00101107	1.34944	0.153029	0
6.02871	0.00103403	1.31612	0.147588	0
6.02723	0.00103514	1.33278	0.146568	0
6.02571	0.00100057	1.33278	0.146568	0
6.02605	0.00100264	1.08288	0.136706	0
6.02704	0.00103585	1.2828	0.147588	0
6.02703	0.00103481	1.39942	0.152009	0
6.02531	0.000991939	1.14952	0.138407	0
6.02692	0.000999268	1.2828	0.143848	0
6.02774	0.0010306	1.31612	0.147588	0
6.02579	0.000998425	1.26614	0.146908	0
6.0248	0.000977345	1.39942	0.149969	0
6.02527	0.000982469	1.2828	0.145888	0
6.02552	0.00100031	1.24948	0.143848	0
6.02571	0.00102658	1.39942	0.149969	0
6.02651	0.00104902	1.26614	0.146908	0
6.02693	0.00102943	1.16618	0.137386	0
6.0279	0.00103416	1.39942	0.149969	0
6.02769	0.00103832	1.49938	0.15677	0
6.02732	0.00105077	1.26614	0.142827	0
6.02738	0.0010651	1.26614	0.144868	0
6.02663	0.0010474	1.39942	0.149969	0
6.02727	0.00101782	1.2828	0.145888	0
6.0284	0.00106089	1.4494	0.152689	0
6.02594	0.00101691	1.0329	0.129565	0
6.02561	0.000985193	1.13286	0.135346	0
6.02853	0.00104234	1.46606	0.153369	0
6.0292	0.0010666	1.4494	0.15439	0
6.02787	0.00102463	1.51603	0.15779	0
6.02661	0.00103332	1.33278	0.146568	0
6.02598	0.00100297	1.1995	0.139087	0
6.02649	0.00103468	1.26614	0.142827	0
6.0259	0.00098675	1.04956	0.130585	0
6.02559	0.00101425	1.29946	0.148608	0
6.02699	0.00105116	1.26614	0.146908	0
6.02679	0.00104577	1.18284	0.140447	0
6.02584	0.00104234	1.16618	0.139427	0
6.0254	0.0010197	1.46606	0.153369	0
6.02709	0.00105044	1.29946	0.146568	0
6.02639	0.000987074	1.01624	0.128545	0
6.02417	0.00101185	1.26614	0.146908	0
6.02522	0.000983442	1.24948	0.143848	0
6.02717	0.00102768	1.3661	0.150309	0
6.02633	0.000995442	1.29946	0.144868	0
6.02533	0.000966124	1.1995	0.139087	0
6.02675	0.000994015	1.09954	0.137726	0
6.027	0.00103235	1.2828	0.143848	0
6.02644	0.000984804	1.21616	0.142147	0
6.02608	0.00102573	1.49938	0.160511	0
6.02656	0.00105589	1.2828	0.145888	0
6.02755	0.00103047	1.4494	0.15439	0
6.0282	0.00104876	1.43274	0.15711	0
6.02794	0.00103702	1.1995	0.139087	0
6.02761	0.00104552	1.2828	0.145888	0
6.02872	0.000989799	1.39942	0.149969	0
6.02923	0.00104616	1.48272	0.15779	0
6.02838	0.00102139	1.56601	0.160171	0
6.0269	0.000994209	1.23282	0.141127	0
6.02695	0.00100465	1.4494	0.152689	0
6.02669	0.00102872	1.31612	0.145548	0
6.02646	0.00101957	1.31612	0.145548	0
6.02605	0.00100063	1.04956	0.132625	0
6.02796	0.00103903	1.39942	0.149969	0
6.02861	0.00102962	1.54935	0.161191	0
6.02618	0.00102975	1.2828	0.143848	0
6.0243	0.00103442	1.18284	0.138407	0
6.02505	0.000984156	1.06622	0.133646	0
6.02517	0.000942968	1.09954	0.133646	0
6.02608	0.000987399	1.29946	0.144868	0
6.02721	0.00103423	1.18284	0.142147	0
6.02634	0.00100498	1.18284	0.142147	0
6.02528	0.000966772	1.1162	0.134326	0
6.02733	0.00103047	1.51603	0.15779	0
6.02776	0.00102586	1.2828	0.145888	0
6.02782	0.00105148	1.48272	0.15609	0
6.02853	0.00101328	1.2828	0.143848	0
6.02797	0.000983118	1.41608	0.150989	0
6.0265	0.00100841	1.13286	0.135346	0
6.02607	0.00100355	1.18284	0.140447	0
6.02576	0.00102748	1.24948	0.143848	0
6.02703	0.000988696	1.18284	0.140447	0
6.02729	0.00101989	1.48272	0.15439	0
6.0281	0.00103994	1.3661	0.148268	0
6.02755	0.00103637	1.46606	0.15711	0
6.02498	0.000995052	1.08288	0.134666	0
6.02446	0.000994534	1.26614	0.142827	0
6.02785	0.00100971	1.2828	0.143848	0
6.0264	0.00104882	1.43274	0.153709	0
6.02569	0.00105349	1.23282	0.141127	0
6.02631	0.00102969	1.31612	0.149289	0
6.02649	0.00105375	1.26614	0.142827	0
6.02586	0.00103449	1.16618	0.141467	0
6.02652	0.00103773	1.48272	0.15439	0
6.02732	0.00101633	1.23282	0.141127	0
6.02629	0.000981821	1.23282	0.141127	0
6.02624	0.000979226	1.33278	0.150309	0
6.02659	0.00101412	1.08288	0.132625	0
6.02693	0.00100822	1.1995	0.141127	0
6.02772	0.001016	1.39942	0.152009	0
6.02761	0.00102469	1.31612	0.145548	0
6.02781	0.000995506	1.2828	0.147588	0
6.0274	0.00101685	1.34944	0.147248	0
6.02667	0.00100199	1.34944	0.147248	0
6.02621	0.00101574	1.23282	0.146908	0
6.02499	0.000972415	1.06622	0.131605	0
6.02545	0.000980199	1.29946	0.144868	0
6.02692	0.00102268	1.31612	0.145548	0
6.02715	0.00101471	1.18284	0.142147	0
6.02619	0.000982339	1.23282	0.143167	0
6.02547	0.00098928	1.04956	0.132625	0
6.02653	0.00102826	1.29946	0.144868	0
6.02709	0.000977994	1.21616	0.140107	0
6.02507	0.000985972	1.13286	0.135346	0
6.02599	0.00104286	1.33278	0.146568	0
6.0262	0.00102236	1.04956	0.130585	0
6.02672	0.00101983	1.38276	0.149289	0
6.02691	0.00101899	1.16618	0.137386	0
6.02536	0.000994858	1.23282	0.141127	0
6.02747	0.00105953	1.39942	0.149969	0
6.02728	0.00103222	1.16618	0.139427	0
6.02687	0.00100913	1.31612	0.145548	0
6.0281	0.00107036	1.38276	0.149289	0
6.027	0.000983442	0.999584	0.127524	0
6.02574	0.000978383	1.16618	0.137386	0
6.0281	0.00103436	1.69929	0.167992	0
6.02675	0.000994598	0.999584	0.129565	0
6.02536	0.00101542	1.29946	0.146568	0
6.02755	0.00100264	1.21616	0.142147	0
6.02748	0.00102949	1.29946	0.146568	0
6.02654	0.00102191	1.33278	0.148268	0
6.02653	0.00104759	1.39942	0.149969	0
6.02712	0.00106407	1.4494	0.15439	0
6.02694	0.00103125	1.41608	0.15439	0
6.02799	0.00107243	1.51603	0.15779	0
6.02788	0.00103358	1.33278	0.146568	0
6.02629	0.00102093	1.3661	0.148268	0
6.02567	0.00102515	1.1162	0.136366	0
6.02759	0.00107347	1.34944	0.149289	0
6.02753	0.00103669	1.34944	0.147248	0
6.02632	0.00103747	1.54935	0.161191	0
6.02747	0.00105641	1.43274	0.153709	0
6.02615	0.00103916	1.2828	0.143848	0
6.02566	0.00105537	1.3661	0.148268	0
6.02681	0.0010103	1.26614	0.144868	0
6.02681	0.00101049	1.24948	0.142147	0
6.02651	0.00103105	1.26614	0.144868	0
6.02719	0.00101866	1.24948	0.145888	0
6.02688	0.00102191	1.34944	0.147248	0
6.02689	0.00101646	1.33278	0.146568	0
6.02685	0.00100199	1.29946	0.148608	0
6.02688	0.00101127	1.23282	0.141127	0
6.02647	0.00101749	1.18284	0.142147	0
6.02658	0.000993366	1.09954	0.135686	0
6.0266	0.00101289	1.34944	0.149289	0
6.02595	0.000989669	1.26614	0.142827	0
6.02435	0.0009634	1.04956	0.130585	0
6.02582	0.000995247	1.14952	0.138407	0
6.02553	0.00102346	1.08288	0.134666	0
6.02585	0.00100595	1.1162	0.136366	0
6.02624	0.00104305	1.24948	0.143848	0
6.02511	0.00103468	1.1995	0.145208	0
6.02452	0.000988242	1.26614	0.142827	0
6.02511	0.000977799	1.09954	0.135686	0
6.02715	0.00102904	1.58267	0.162551	0
6.0274	0.0010365	1.24948	0.142147	0
6.02621	0.000990058	1.2828	0.143848	0
6.02682	0.00101451	1.26614	0.144868	0
6.02694	0.00101192	1.23282	0.141127	0
6.02722	0.00104753	1.43274	0.153709	0
6.02778	0.00104636	1.09954	0.135686	0
6.02538	0.000986037	1.01624	0.134666	0
6.02661	0.0010184	1.26614	0.146908	0
6.02848	0.00105933	1.31612	0.147588	0
6.02747	0.00102891	1.2828	0.145888	0
6.02691	0.00101775	1.31612	0.145548	0
6.02681	0.000999268	1.1995	0.141127	0
6.02656	0.00099609	1.01624	0.130585	0
6.02723	0.00101166	1.3661	0.152009	0
6.02581	0.000990382	1.04956	0.132625	0
6.02482	0.00098688	1.23282	0.146908	0
6.02618	0.000976437	1.23282	0.143167	0
6.02728	0.00101068	1.26614	0.146908	0
6.02679	0.00101607	1.33278	0.150309	0
6.02677	0.00102586	1.51603	0.161191	0
6.02726	0.00104104	1.34944	0.149289	0
6.02538	0.00102431	1.34944	0.147248	0
6.02551	0.000987853	1.21616	0.140107	0
6.02569	0.00102495	1.39942	0.149969	0
6.02506	0.00099395	1.14952	0.136366	0
6.02557	0.000990966	1.14952	0.136366	0
6.02624	0.00101737	1.23282	0.144868	0
6.02605	0.000989863	1.23282	0.143167	0
6.02473	0.000988177	1.24948	0.143848	0
6.02695	0.00100206	1.34944	0.150989	0
6.02799	0.00102346	1.33278	0.146568	0
6.0274	0.0010079	1.04956	0.130585	0
6.0271	0.00101905	1.23282	0.141127	0
6.02735	0.0010258	1.53269	0.160171	0
6.02656	0.00101218	1.13286	0.135346	0
6.02635	0.00101542	1.1162	0.134326	0
6.02752	0.00102508	1.1995	0.139087	0
6.02696	0.00100504	1.23282	0.141127	0
6.02607	0.00104629	1.3661	0.150309	0
6.0272	0.00107626	1.3661	0.152009	0
6.02732	0.0010677	1.14952	0.136366	0
6.02644	0.00101769	1.23282	0.141127	0
6.02639	0.00101756	1.21616	0.142147	0
6.0259	0.000998231	1.16618	0.137386	0
6.0275	0.00106919	1.39942	0.152009	0
6.02733	0.00106685	1.06622	0.131605	0
6.02674	0.0010424	1.54935	0.159151	0
6.02707	0.00102839	1.39942	0.149969	0
6.02685	0.00103118	1.21616	0.142147	0
6.02632	0.001028	1.18284	0.138407	0
6.02643	0.000995442	1.33278	0.146568	0
6.02561	0.00101458	1.0329	0.129565	0
6.02612	0.00100757	1.24948	0.142147	0
6.02727	0.00102904	1.3661	0.150309	0
6.02679	0.00103092	1.38276	0.150989	0
6.02631	0.00102995	1.49938	0.15507	0
6.02629	0.00100134	1.01624	0.128545	0
6.02583	0.00101801	1.29946	0.144868	0
6.02846	0.00104513	1.21616	0.142147	0
6.02904	0.00104792	1.39942	0.152009	0
6.02703	0.00106231	1.1162	0.134326	0
6.02697	0.00102002	1.2828	0.145888	0
6.02787	0.00105226	1.49938	0.15677	0
6.02646	0.000988242	1.16618	0.137386	0
6.02544	0.00101976	1.26614	0.144868	0
6.02656	0.0010363	1.33278	0.146568	0
6.0258	0.000980783	1.24948	0.145888	0
6.02443	0.000968978	0.916285	0.124464	0
6.02665	0.000978967	1.4494	0.152689	0
6.02803	0.00104824	1.51603	0.161191	0
6.02808	0.00105803	1.3661	0.150309	0
6.02432	0.00104175	1.33278	0.148268	0
6.02461	0.00101263	1.21616	0.142147	0
6.0265	0.00103235	1.39942	0.152009	0
6.02664	0.0010376	1.24948	0.143848	0
6.0264	0.000979875	1.18284	0.140447	0
6.02619	0.00100005	1.29946	0.146568	0
6.02839	0.00104571	1.63265	0.164932	0
6.02778	0.00104597	1.51603	0.15779	0
6.02747	0.00102781	1.46606	0.153369	0
6.02799	0.00103618	1.2828	0.147588	0
6.02634	0.00104882	1.1995	0.141127	0
6.02528	0.000997906	1.23282	0.141127	0
6.02609	0.00101192	1.21616	0.145888	0
6.02585	0.000989474	1.1162	0.134326	0
6.02559	0.00099168	1.08288	0.134666	0
6.02705	0.0010197	1.61599	0.162551	0
6.02749	0.00105129	1.34944	0.147248	0
6.02783	0.00106374	1.63265	0.163231	0
6.02765	0.00101931	1.41608	0.152689	0
6.02623	0.0010184	1.16618	0.137386	0
6.02661	0.00103942	1.2828	0.143848	0
6.02594	0.0010269	1.29946	0.144868	0
6.02632	0.000990188	1.23282	0.141127	0
6.02623	0.000989474	1.13286	0.135346	0
6.0266	0.00100958	1.34944	0.149289	0
6.02775	0.00107671	1.68263	0.163911	0
6.02859	0.00103066	1.38276	0.149289	0
6.02733	0.00104856	1.34944	0.150989	0
6.02497	0.00100984	1.13286	0.143508	0
6.02529	0.00101211	1.14952	0.136366	0
6.02772	0.00103157	1.2828	0.143848	0
6.02843	0.00101678	1.43274	0.153709	0
6.02806	0.00102878	1.38276	0.149289	0
6.0259	0.00104869	1.29946	0.144868	0
6.0264	0.00101347	1.43274	0.153709	0
6.02745	0.00101548	1.1162	0.134326	0
6.02609	0.000968589	1.23282	0.143167	0
6.02676	0.00101068	1.38276	0.150989	0
6.02663	0.00102165	1.08288	0.132625	0
6.02483	0.0010053	1.06622	0.133646	0
6.02678	0.00105284	1.41608	0.15643	0
6.02692	0.00100854	1.13286	0.139427	0
6.0252	0.00100238	0.949604	0.124464	0
6.02558	0.000994079	1.33278	0.150309	0
6.02816	0.00105129	1.49938	0.15677	0
6.02629	0.000994079	1.23282	0.141127	0
6.02477	0.000967551	1.1995	0.141127	0
6.02699	0.00102372	1.33278	0.148268	0
6.02766	0.00102502	1.43274	0.151669	0
6.0293	0.00111887	1.74927	0.170373	0
6.02745	0.00108236	1.29946	0.146568	0
6.02501	0.000978448	0.932945	0.123104	0
6.02493	0.000999723	1.23282	0.143167	0
6.0259	0.00100601	1.06622	0.133646	0
6.02568	0.00103935	1.29946	0.148608	0
6.0264	0.00100511	1.13286	0.135346	0
6.02604	0.00102379	1.38276	0.150989	0
6.02612	0.0010256	1.34944	0.149289	0
6.02742	0.00105875	1.39942	0.152009	0
6.02807	0.0010221	1.51603	0.15575	0
6.02826	0.00103423	1.39942	0.149969	0
6.0271	0.00101172	1.24948	0.142147	0
6.02594	0.00103248	1.04956	0.130585	0
6.02695	0.00102236	1.31612	0.145548	0
6.02595	0.000984804	1.29946	0.146568	0
6.02735	0.00104097	1.33278	0.150309	0
6.02764	0.0010317	1.34944	0.147248	0
6.02767	0.00109929	1.33278	0.152009	0
6.02757	0.00107204	1.64931	0.167312	0
6.026	0.000987528	1.14952	0.136366	0
6.02633	0.00101146	1.38276	0.149289	0
6.0276	0.00101743	1.24948	0.143848	0
6.0268	0.000986361	1.08288	0.132625	0
6.02483	0.000987658	1.09954	0.135686	0
6.02453	0.000985453	1.1995	0.141127	0
6.02615	0.00100031	1.33278	0.150309	0
6.02675	0.00103105	1.34944	0.153029	0
6.0263	0.00100757	1.09954	0.133646	0
6.02541	0.000989863	1.43274	0.151669	0
6.02594	0.00102502	1.43274	0.153709	0
6.02596	0.000968329	1.29946	0.146568	0
6.02655	0.00104046	1.26614	0.146908	0
6.02591	0.00105434	1.09954	0.135686	0
6.02577	0.00104396	1.1995	0.143167	0
6.02786	0.00104221	1.24948	0.142147	0
6.02773	0.00104668	1.3661	0.153709	0
6.02599	0.00103397	1.31612	0.147588	0
6.02747	0.00102748	1.38276	0.149289	0
6.03043	0.00104798	1.69929	0.164592	0
6.02885	0.00107055	1.41608	0.152689	0
6.02695	0.00104526	1.31612	0.147588	0
6.02844	0.0010627	1.3661	0.152009	0
6.02826	0.00105953	1.26614	0.144868	0
6.02959	0.00103773	1.59933	0.159831	0
6.02768	0.00100692	1.13286	0.139427	0
6.02712	0.00107133	1.43274	0.151669	0
6.02753	0.00103689	1.34944	0.149289	0
6.02541	0.00100057	0.999584	0.127524	0
6.02498	0.00102787	1.26614	0.146908	0
6.02733	0.00107516	1.38276	0.150989	0
6.0269	0.00102599	1.21616	0.140107	0
6.02501	0.000990577	1.21616	0.140107	0
6.02652	0.00103488	1.51603	0.159491	0
6.02644	0.0010005	1.21616	0.140107	0
6.02669	0.00101964	1.26614	0.148608	0
6.02749	0.0010258	1.14952	0.140447	0
6.02508	0.000979421	1.23282	0.141127	0
6.02429	0.000994015	1.3661	0.150309	0
6.02544	0.0010138	1.24948	0.145888	0
6.0263	0.00102392	1.24948	0.142147	0
6.02901	0.00105168	1.73261	0.166292	0
6.02779	0.000999528	1.09954	0.133646	0
6.02602	0.000981561	1.09954	0.137726	0
6.02738	0.000999398	1.34944	0.149289	0
6.02788	0.00103403	1.23282	0.141127	0
6.02764	0.00103734	1.31612	0.149289	0
6.02693	0.0010339	1.41608	0.15439	0
6.02666	0.000986361	1.04956	0.132625	0
6.02758	0.00102651	1.18284	0.138407	0
6.02731	0.00101853	1.04956	0.130585	0
6.02704	0.00106193	1.3661	0.148268	0
6.02803	0.0010149	1.18284	0.140447	0
6.02739	0.00100452	1.23282	0.141127	0
6.02811	0.00104552	1.54935	0.161191	0
6.02547	0.00102742	1.21616	0.142147	0
6.02449	0.000982793	1.16618	0.139427	0
6.0258	0.000989409	1.21616	0.140107	0
6.02636	0.00101412	1.24948	0.143848	0
6.02611	0.00101159	1.33278	0.146568	0
6.02829	0.00102774	1.18284	0.140447	0
6.02727	0.00103715	1.46606	0.15507	0
6.02634	0.00102599	1.3661	0.152009	0
6.02599	0.00104428	1.23282	0.141127	0
6.02587	0.00100939	1.41608	0.150989	0
6.02698	0.00103066	1.31612	0.145548	0
6.02795	0.00106167	1.48272	0.15609	0
6.02613	0.00102625	1.2828	0.149629	0
6.02622	0.00102911	1.21616	0.140107	0
6.02664	0.00102275	1.2828	0.143848	0
6.02576	0.000986231	1.1995	0.139087	0
6.02615	0.00103806	1.38276	0.150989	0
6.02681	0.00107626	1.13286	0.141467	0
6.0274	0.00100906	1.49938	0.15507	0
6.02712	0.00103099	1.49938	0.15507	0
6.02623	0.00101289	1.08288	0.132625	0
6.02473	0.000990966	1.1162	0.136366	0
6.02603	0.00101412	1.33278	0.146568	0
6.02629	0.0010018	1.31612	0.149289	0
6.0255	0.000990058	1.26614	0.144868	0
6.02523	0.00100465	1.14952	0.136366	0
6.02608	0.00100517	1.23282	0.143167	0
6.02588	0.00101477	1.38276	0.150989	0
6.02561	0.0010066	1.08288	0.132625	0
6.02665	0.00100971	1.21616	0.145888	0
6.02684	0.00101419	1.38276	0.149289	0
6.02764	0.00103903	1.71595	0.165612	0
6.02774	0.00102852	1.23282	0.143167	0
6.02654	0.00098675	1.16618	0.139427	0
6.02852	0.00102923	1.48272	0.15439	0
6.02945	0.00102242	1.31612	0.147588	0
6.02695	0.00100978	1.23282	0.141127	0
6.0252	0.000970405	1.1162	0.134326	0
6.02635	0.000972415	1.21616	0.140107	0
6.02772	0.00102495	1.34944	0.149289	0
6.02704	0.000992458	1.2828	0.143848	0
6.0267	0.001009	1.24948	0.143848	0
6.02783	0.00102054	1.29946	0.150309	0
6.02683	0.00099849	1.18284	0.138407	0
6.02572	0.00100381	1.06622	0.131605	0
6.02634	0.00099609	1.39942	0.152009	0
6.02849	0.00101983	1.48272	0.15439	0
6.0276	0.00102962	1.33278	0.146568	0
6.02594	0.000996285	1.23282	0.144868	0
6.02675	0.00102502	1.13286	0.137386	0
6.02704	0.00101497	1.33278	0.148268	0
6.02594	0.00105492	1.21616	0.142147	0
6.02533	0.000988436	1.18284	0.138407	0
6.02492	0.000967875	1.26614	0.144868	0
6.02614	0.00098902	1.2828	0.143848	0
6.02575	0.000979485	0.916285	0.122083	0
6.0252	0.00100044	1.26614	0.146908	0
6.02489	0.000991226	1.18284	0.142147	0
6.02425	0.000960675	1.16618	0.139427	0
6.02596	0.000951984	0.982924	0.128545	0
6.02718	0.00101737	1.43274	0.151669	0
6.02664	0.00101989	1.39942	0.149969	0
6.02707	0.00105265	1.38276	0.149289	0
6.02644	0.00100867	1.24948	0.143848	0
6.02785	0.00104597	1.41608	0.15813	0
6.02853	0.00102307	1.08288	0.134666	0
6.02654	0.00102593	1.3661	0.152009	0
6.02587	0.00103929	1.1162	0.136366	0
6.02764	0.000997777	1.39942	0.152009	0
6.0273	0.000994015	1.26614	0.144868	0
6.02711	0.000968783	1.29946	0.148608	0
6.02666	0.00103799	1.31612	0.147588	0
6.02741	0.001021	1.43274	0.15541	0
6.02844	0.00104895	1.43274	0.153709	0
6.02749	0.00101775	1.33278	0.146568	0
6.02749	0.00104208	1.34944	0.149289	0
6.02758	0.00105486	1.46606	0.153369	0
6.02515	0.000960805	1.29946	0.144868	0
6.02537	0.000998231	1.23282	0.143167	0
6.02772	0.00102885	1.34944	0.147248	0
6.02667	0.00102379	1.09954	0.133646	0
6.02565	0.00101756	1.31612	0.149289	0
6.02686	0.00104299	1.26614	0.144868	0
6.02806	0.00103455	1.2828	0.143848	0
6.02815	0.00101004	1.4494	0.152689	0
6.02839	0.00104746	1.63265	0.161531	0
6.02659	0.00103896	1.34944	0.149289	0
6.02573	0.000978123	1.31612	0.145548	0
6.02638	0.000992458	0.932945	0.125484	0
6.02678	0.00101957	1.1995	0.141127	0
6.02531	0.0009538	1.08288	0.134666	0
6.02537	0.000980329	1.09954	0.133646	0
6.02648	0.000996998	1.18284	0.140447	0
6.02616	0.000992458	1.06622	0.131605	0
6.02709	0.00100815	1.48272	0.159491	0
6.02643	0.000993042	1.16618	0.137386	0
6.02485	0.00101542	1.24948	0.142147	0
6.02331	0.000972999	0.999584	0.127524	0
6.02262	0.000955032	1.16618	0.139427	0
6.02553	0.0010018	1.3661	0.150309	0
6.02541	0.00100446	1.01624	0.128545	0
6.02452	0.000990253	1.3661	0.148268	0
6.0266	0.000994209	1.34944	0.147248	0
6.02669	0.00100121	1.29946	0.144868	0
6.02616	0.00101665	1.2828	0.145888	0
6.02738	0.00101367	1.29946	0.144868	0
6.02689	0.00100478	1.34944	0.150989	0
6.0262	0.000961583	1.23282	0.141127	0
6.02702	0.000981042	1.24948	0.142147	0
6.02832	0.00101529	1.2828	0.147588	0
6.02842	0.00105142	1.51603	0.159491	0
6.0288	0.00105687	1.34944	0.147248	0
6.02831	0.00103546	1.4494	0.15609	0
6.02659	0.0010088	1.06622	0.131605	0
6.02624	0.000979161	1.1162	0.134326	0
6.02745	0.00104856	1.26614	0.142827	0
6.02821	0.00105116	1.31612	0.145548	0
6.0269	0.00103689	1.38276	0.152689	0
6.02733	0.00105297	1.2828	0.145888	0
6.02773	0.00100329	1.29946	0.146568	0
6.02592	0.000993561	1.26614	0.146908	0
6.02658	0.00103695	1.38276	0.150989	0
6.02656	0.00102755	1.29946	0.148608	0
6.02532	0.00100329	1.33278	0.150309	0
6.0255	0.0010088	0.982924	0.126504	0
6.02517	0.00101062	1.29946	0.144868	0
6.02381	0.000967875	1.0329	0.131605	0
6.02511	0.000975529	1.13286	0.137386	0
6.02853	0.00105648	1.39942	0.152009	0
6.02796	0.00102216	1.06622	0.131605	0
6.02444	0.000994534	1.26614	0.142827	0
6.02657	0.00102035	1.08288	0.132625	0
6.02859	0.00101172	1.34944	0.147248	0
6.02825	0.00101231	1.3661	0.148268	0
6.02734	0.00106238	1.48272	0.161191	0
6.02577	0.000962232	1.08288	0.132625	0
6.02518	0.000985712	1.29946	0.148608	0
6.02728	0.000993755	1.23282	0.143167	0
6.0262	0.00101918	1.2828	0.147588	0
6.02626	0.00103786	1.2828	0.145888	0
6.02744	0.000973518	1.2828	0.143848	0
6.02831	0.00104921	1.33278	0.150309	0
6.02797	0.00104824	1.41608	0.150989	0
6.02676	0.0010424	1.29946	0.148608	0
6.02652	0.00100777	1.1995	0.139087	0
6.02731	0.00103112	1.41608	0.15643	0
6.02648	0.00100997	1.41608	0.150989	0
6.02525	0.000977734	1.09954	0.135686	0
6.02705	0.00100121	1.46606	0.15507	0
6.02792	0.0010413	1.49938	0.15507	0
6.0273	0.00105109	1.43274	0.153709	0
6.02603	0.0010533	1.2828	0.145888	0
6.02574	0.00102288	1.2828	0.147588	0
6.02363	0.00104565	1.39942	0.149969	0
6.02386	0.000974037	1.1162	0.136366	0
6.02617	0.000999139	1.39942	0.149969	0
6.02803	0.00104175	1.34944	0.149289	0
6.02724	0.00107101	1.39942	0.149969	0
6.02768	0.00106796	1.3661	0.148268	0
6.02749	0.00108631	1.34944	0.149289	0
6.02607	0.00102923	1.38276	0.150989	0
6.02802	0.0010616	1.29946	0.150309	0
6.02786	0.00104208	1.21616	0.145888	0
6.02679	0.00102418	1.1162	0.134326	0
6.02524	0.000952762	0.866306	0.123444	0
6.02604	0.000964567	1.29946	0.144868	0
6.02727	0.00100815	1.09954	0.133646	0
6.02599	0.000997842	1.08288	0.132625	0
6.02663	0.000999917	1.29946	0.146568	0
6.02794	0.00103747	1.41608	0.15439	0
6.02652	0.00102229	1.01624	0.130585	0
6.02589	0.000981237	1.09954	0.133646	0
6.02669	0.00103708	1.23282	0.141127	0
6.02588	0.000973388	1.01624	0.128545	0
6.02524	0.00101094	1.23282	0.141127	0
6.02566	0.000996869	1.13286	0.139427	0
6.02657	0.00104065	1.53269	0.15847	0
6.02564	0.000995117	1.1162	0.136366	0
6.02521	0.000993755	1.43274	0.15711	0
6.0268	0.00101775	1.4494	0.15609	0
6.02659	0.00100841	1.33278	0.148268	0
6.02505	0.000976891	0.999584	0.129565	0
6.02711	0.00101114	1.53269	0.160171	0
6.02816	0.00105064	1.49938	0.15847	0
6.02776	0.00101555	1.26614	0.142827	0
6.02809	0.00105272	1.41608	0.150989	0
6.02758	0.00104552	1.4494	0.152689	0
6.02773	0.00103695	1.3661	0.152009	0
6.0279	0.00105032	1.4494	0.15439	0
6.02669	0.00100751	1.21616	0.140107	0
6.02729	0.00102658	1.4494	0.15609	0
6.02844	0.00101633	1.34944	0.149289	0
6.02701	0.0010055	1.31612	0.147588	0
6.02669	0.00106024	1.29946	0.146568	0
6.02779	0.0010579	1.39942	0.149969	0
6.02709	0.0010042	1.56601	0.160171	0
6.02666	0.00106925	1.39942	0.152009	0
6.02709	0.00102281	1.13286	0.135346	0
6.02738	0.00103319	1.3661	0.150309	0
6.02753	0.00101931	1.43274	0.151669	0
6.02503	0.000974296	0.949604	0.126504	0
6.02493	0.00100147	1.13286	0.135346	0
6.02691	0.000999658	1.18284	0.140447	0
6.02622	0.00104201	1.38276	0.152689	0
6.02727	0.00106887	1.39942	0.152009	0
6.02739	0.00102002	1.33278	0.146568	0
6.02569	0.000973842	1.1995	0.141127	0
6.02525	0.00101198	1.1162	0.134326	0
6.02727	0.00103021	1.51603	0.159491	0
6.02645	0.00101438	1.41608	0.150989	0
6.02789	0.00104085	1.38276	0.150989	0
6.02901	0.00104532	1.48272	0.15439	0
6.02599	0.00100926	1.16618	0.139427	0
6.02617	0.000974037	1.16618	0.137386	0
6.02721	0.00100147	1.24948	0.142147	0
6.02595	0.000994598	1.13286	0.137386	0
6.02483	0.00100841	1.21616	0.142147	0
6.02564	0.000995506	1.29946	0.148608	0
6.02726	0.00103585	1.14952	0.136366	0
6.02736	0.00101912	1.38276	0.150989	0
6.02626	0.00100608	1.2828	0.143848	0
6.0259	0.000990512	1.43274	0.153709	0
6.02513	0.00100809	1.08288	0.134666	0
6.0245	0.000969367	1.1162	0.134326	0
6.02658	0.00099635	1.14952	0.136366	0
6.02722	0.00102048	1.48272	0.15439	0
6.02681	0.00100627	1.1995	0.139087	0
6.025	0.000990707	1.23282	0.141127	0
6.02517	0.000974361	1.0329	0.129565	0
6.02608	0.00097981	1.16618	0.137386	0
6.02738	0.0010232	1.1995	0.141127	0
6.02687	0.00104389	1.3661	0.152009	0
6.02591	0.00100991	1.2828	0.143848	0
6.02612	0.00100971	1.16618	0.141467	0
6.02697	0.00101704	1.24948	0.143848	0
6.0276	0.00100854	1.14952	0.140447	0
6.02837	0.00102191	1.23282	0.141127	0
6.0279	0.000996479	1.39942	0.149969	0
6.02714	0.000983118	1.18284	0.138407	0
6.02707	0.00101652	1.33278	0.152009	0
6.02753	0.00101522	1.24948	0.142147	0
6.02691	0.00100199	1.2828	0.145888	0
6.02734	0.00102294	1.23282	0.143167	0
6.02579	0.00102917	1.13286	0.137386	0
6.02528	0.000987918	1.3661	0.148268	0
6.02637	0.000997063	1.38276	0.149289	0
6.02541	0.000973972	1.08288	0.132625	0
6.02571	0.00103546	1.33278	0.146568	0
6.02633	0.00104688	1.43274	0.151669	0
6.0257	0.00100556	1.09954	0.133646	0
6.02529	0.00101892	1.06622	0.131605	0
6.02545	0.00103092	1.29946	0.152349	0
6.02661	0.00102236	1.26614	0.142827	0
6.02744	0.0010306	1.33278	0.146568	0
6.02743	0.00107146	1.53269	0.15847	0
6.0279	0.0010352	1.1995	0.141127	0
6.02565	0.00102359	1.1162	0.140447	0
6.02607	0.000984999	1.31612	0.147588	0
6.02702	0.00100913	1.21616	0.142147	0
6.02662	0.00104947	1.21616	0.145888	0
6.02655	0.00101996	1.23282	0.144868	0
6.02705	0.0010387	1.3661	0.152009	0
6.02698	0.00103533	1.33278	0.148268	0
6.02642	0.0010592	1.29946	0.146568	0
6.02555	0.00102411	1.09954	0.133646	0
6.02439	0.000947444	1.04956	0.130585	0
6.0254	0.000972999	1.04956	0.132625	0
6.02666	0.00098435	1.24948	0.143848	0
6.0258	0.000989669	1.31612	0.151329	0
6.02653	0.000998944	1.31612	0.145548	0
6.02642	0.000979031	1.1162	0.134326	0
6.02532	0.00102093	1.31612	0.147588	0
6.02633	0.00103592	1.26614	0.144868	0
6.02674	0.00102132	1.14952	0.136366	0
6.02482	0.000991744	1.24948	0.143848	0
6.02409	0.000995506	1.21616	0.142147	0
6.02642	0.00100608	1.2828	0.145888	0
6.02736	0.00106004	1.61599	0.165952	0
6.02825	0.00107594	1.46606	0.153369	0
6.02717	0.00108456	1.48272	0.15609	0
6.02549	0.0010125	0.966264	0.127524	0
6.02662	0.0010293	1.21616	0.144188	0
6.02678	0.00103896	1.1995	0.141127	0
6.02629	0.00102515	1.49938	0.15507	0
6.02579	0.00102586	0.882965	0.120043	0
6.02519	0.000963854	1.23282	0.143167	0
6.0262	0.00100102	1.3661	0.148268	0
6.02748	0.0010197	1.1995	0.141127	0
6.02636	0.00100809	1.14952	0.140447	0
6.02659	0.000958405	1.14952	0.140447	0
6.02559	0.00098221	1.2828	0.147588	0
6.0268	0.00101075	1.3661	0.152009	0
6.02825	0.00103929	1.39942	0.152009	0
6.02604	0.000993885	1.04956	0.132625	0
6.02578	0.00100867	1.33278	0.146568	0
6.02739	0.00100692	1.39942	0.153709	0
6.02675	0.00102236	1.38276	0.149289	0
6.02724	0.00101762	1.38276	0.150989	0
6.02714	0.00103442	1.24948	0.142147	0
6.02538	0.00102671	1.1995	0.141127	0
6.02403	0.000989539	1.2828	0.145888	0
6.02576	0.000996933	1.23282	0.144868	0
6.02761	0.00104318	1.38276	0.149289	0
6.02847	0.00105032	1.48272	0.15779	0
6.02776	0.00104143	1.46606	0.15507	0
6.02771	0.00103507	1.2828	0.147588	0
6.02585	0.00101153	1.49938	0.15507	0
6.02771	0.00104182	1.38276	0.150989	0
6.02832	0.00105777	1.24948	0.142147	0
6.02624	0.000992393	1.39942	0.152009	0
6.02554	0.00100005	1.14952	0.138407	0
6.0273	0.00100867	1.48272	0.15609	0
6.02798	0.00104558	1.06622	0.133646	0
6.02683	0.0010507	1.56601	0.160171	0
6.02679	0.000998296	1.41608	0.152689	0
6.02747	0.00102437	1.13286	0.143508	0
6.02683	0.00102229	1.3661	0.148268	0
6.02582	0.000994079	1.3661	0.148268	0
6.02705	0.00100861	1.3661	0.148268	0
6.02827	0.00104694	1.51603	0.159491	0
6.02622	0.00102898	1.18284	0.138407	0
6.02649	0.0010387	1.16618	0.137386	0
6.02779	0.00104552	1.33278	0.146568	0
6.02751	0.00103858	1.59933	0.159831	0
6.02701	0.00100653	1.16618	0.139427	0
6.02586	0.00100128	1.46606	0.15881	0
6.02595	0.00104	1.39942	0.149969	0
6.02709	0.00102411	1.0329	0.129565	0
6.0264	0.00101873	1.14952	0.138407	0
6.02584	0.00100777	1.1995	0.139087	0
6.02801	0.00103423	1.33278	0.146568	0
6.02844	0.00101114	1.31612	0.147588	0
6.0261	0.000987723	1.2828	0.143848	0
6.02552	0.00100154	1.13286	0.135346	0
6.02616	0.000997517	1.2828	0.145888	0
6.02647	0.000993171	1.16618	0.137386	0
6.02774	0.00100952	1.13286	0.135346	0
6.02704	0.00100011	1.21616	0.140107	0
6.02622	0.00103656	1.34944	0.149289	0
6.02645	0.00100926	1.1162	0.136366	0
6.02735	0.00100368	1.23282	0.141127	0
6.02716	0.00101737	1.38276	0.150989	0
6.02686	0.000995766	1.33278	0.146568	0
6.02573	0.000982988	0.932945	0.125484	0
6.02472	0.000976242	1.04956	0.130585	0
6.02548	0.000967421	1.1162	0.134326	0
6.02695	0.00102761	1.13286	0.139427	0
6.02777	0.0010474	1.46606	0.15507	0
6.02679	0.00102923	1.4494	0.15439	0
6.02651	0.00107464	1.31612	0.147588	0
6.02612	0.00103378	1.3661	0.150309	0
6.0264	0.00104182	1.29946	0.148608	0
6.02789	0.00104954	1.33278	0.146568	0
6.02689	0.00103741	1.29946	0.144868	0
6.02613	0.00100193	1.06622	0.131605	0
6.02658	0.00101464	1.24948	0.142147	0
6.02765	0.00105479	1.3661	0.148268	0
6.0281	0.00102943	1.2828	0.143848	0
6.02915	0.00105628	1.59933	0.166632	0
6.02675	0.000989539	1.09954	0.135686	0
6.02497	0.000992847	1.06622	0.133646	0
6.02775	0	1.34944	0	0
6.02998	0	1.41608	0	0
6.02711	0	1.23282	0	0
6.02659	0	1.16618	0	0
6.02734	0	1.18284	0	0
6.02606	0	1.16618	0	0
6.02614	0	1.1995	0	0
6.02643	0	1.1995	0	0
6.026	0	1.08288	0	0
6.02594	0	1.29946	0	0
6.02666	0	1.33278	0	0
6.02636	0	1.31612	0	0
6.02538	0	1.2828	0	0
6.0256	0	1.31612	0	0
6.0246	0	1.21616	0	0
6.02585	0	1.23282	0	0
6.02697	0	1.38276	0	0
6.02584	0	1.2828	0	0
6.02598	0	1.23282	0	0
6.02523	0	1.14952	0	0
6.02634	0	1.24948	0	0
6.02539	0	1.1162	0	0
6.02545	0	1.2828	0	0
6.02762	0	1.24948	0	0
6.02798	0	1.26614	0	0
6.02695	0	1.38276	0	0
6.02612	0	1.24948	0	0
6.02701	0	1.2828	0	0
6.02817	0	1.31612	0	0
6.02688	0	1.31612	0	0
6.0273	0	1.33278	0	0
6.02729	0	1.31612	0	0
6.02575	0	1.04956	0	0
6.02743	0	1.39942	0	0
6.02787	0	1.34944	0	0
6.02618	0	1.26614	0	0
6.02572	0	1.38276	0	0
6.02673	0	1.09954	0	0
6.02557	0	1.14952	0	0
6.02516	0	1.33278	0	0
6.02525	0	1.01624	0	0
6.02512	0	0.966264	0	0
6.02586	0	1.29946	0	0
6.02699	0	1.33278	0	0
6.02673	0	1.29946	0	0
6.02693	0	1.2828	0	0
6.02679	0	1.33278	0	0
6.02585	0	1.16618	0	0
6.02562	0	1.23282	0	0
6.02709	0	1.38276	0	0
6.02761	0	1.26614	0	0
6.02641	0	1.3661	0	0
6.0282	0	1.46606	0	0
6.02851	0	1.51603	0	0
6.02776	0	1.2828	0	0
6.02717	0	1.29946	0	0
6.02647	0	1.13286	0	0
6.02606	0	1.41608	0	0
6.02572	0	1.26614	0	0
6.02422	0	1.24948	0	0
6.02676	0	1.29946	0	0
6.02664	0	1.18284	0	0
6.02572	0	1.31612	0	0
6.02629	0	1.26614	0	0
6.02525	0	1.1162	0	0
6.02635	0	1.39942	0	0
6.02729	0	1.43274	0	0
6.02612	0	1.41608	0	0
6.0261	0	1.08288	0	0
6.02651	0	1.29946	0	0
6.02788	0	1.34944	0	0
6.02731	0	1.1995	0	0
6.02702	0	1.29946	0	0
6.0262	0	1.29946	0	0
6.02715	0	1.2828	0	0
6.02786	0	1.24948	0	0
6.02688	0	1.1995	0	0
6.02597	0	1.08288	0	0
6.0268	0	1.16618	0	0
6.02927	0	1.56601	0	0
6.02717	0	1.2828	0	0
6.02604	0	1.26614	0	0
6.02756	0	1.31612	0	0
6.02667	0	1.26614	0	0
6.02659	0	1.23282	0	0
6.02686	0	1.26614	0	0
6.02743	0	1.39942	0	0
6.02831	0	1.38276	0	0
6.02844	0	1.51603	0	0
6.02731	0	1.33278	0	0
6.02652	0	1.49938	0	0
6.02665	0	1.38276	0	0
6.02554	0	1.1995	0	0
6.02452	0	0.982924	0	0
6.0248	0	1.24948	0	0
6.02555	0	1.26614	0	0
6.02633	0	1.0329	0	0
6.02607	0	1.48272	0	0
6.02714	0	1.29946	0	0
6.0279	0	1.31612	0	0
6.02817	0	1.38276	0	0
6.02691	0	1.38276	0	0
6.02749	0	1.43274	0	0
6.02805	0	1.29946	0	0
6.02809	0	1.29946	0	0
6.02733	0	1.46606	0	0
6.02772	0	1.58267	0	0
6.02771	0	1.26614	0	0
6.0253	0	1.2828	0	0
6.02506	0	1.09954	0	0
6.02457	0	1.24948	0	0
6.02782	0	1.2828	0	0
6.02917	0	1.4494	0	0
6.02704	0	1.0329	0	0
6.02697	0	1.59933	0	0
6.02716	0	1.33278	0	0
6.0268	0	1.13286	0	0
6.02508	0	1.31612	0	0
6.02554	0	1.14952	0	0
6.0249	0	1.1162	0	0
6.02502	0	1.13286	0	0
6.0255	0	1.13286	0	0
6.02532	0	1.08288	0	0
6.02715	0	1.24948	0	0
6.02765	0	1.23282	0	0
6.027	0	1.16618	0	0
6.02657	0	1.49938	0	0
6.02634	0	1.41608	0	0
6.02803	0	1.21616	0	0
6.02835	0	1.14952	0	0
6.02679	0	1.33278	0	0
6.02626	0	1.34944	0	0
6.02695	0	1.3661	0	0
6.02768	0	1.4494	0	0
6.02624	0	1.14952	0	0
6.02648	0	1.58267	0	0
6.02523	0	1.14952	0	0
6.02606	0	1.38276	0	0
6.0264	0	1.23282	0	0
6.02556	0	1.4494	0	0
6.02662	0	1.1995	0	0
6.0281	0	1.29946	0	0
6.0283	0	1.51603	0	0
6.02674	0	1.54935	0	0
6.02782	0	1.31612	0	0
6.02781	0	1.33278	0	0
6.02708	0	1.13286	0	0
6.02748	0	1.24948	0	0
6.02795	0	1.29946	0	0
6.02525	0	1.38276	0	0
6.02575	0	1.06622	0	0
6.02643	0	1.04956	0	0
6.02559	0	1.33278	0	0
6.02778	0	1.1162	0	0
6.02785	0	1.38276	0	0
6.02576	0	1.2828	0	0
6.0282	0	1.46606	0	0
6.02773	0	1.18284	0	0
6.02461	0	1.18284	0	0
6.02581	0	1.18284	0	0
6.02541	0	1.2828	0	0
6.02457	0	1.18284	0	0
6.02678	0	1.33278	0	0
6.02737	0	1.51603	0	0
6.02589	0	1.18284	0	0
6.02487	0	1.33278	0	0
6.02651	0	1.34944	0	0
6.0272	0	1.18284	0	0
6.02484	0	1.14952	0	0
6.02604	0	1.31612	0	0
6.02871	0	1.29946	0	0
6.02696	0	1.31612	0	0
6.02658	0	1.18284	0	0
6.02648	0	1.39942	0	0
6.0265	0	1.46606	0	0
6.0267	0	1.26614	0	0
6.02757	0	1.43274	0	0
6.02916	0	1.39942	0	0
6.02638	0	0.999584	0	0
6.02499	0	1.1995	0	0
6.02762	0	1.16618	0	0
6.0281	0	1.48272	0	0
6.02735	0	1.46606	0	0
6.02585	0	1.34944	0	0
6.02495	0	1.21616	0	0
6.02509	0	1.39942	0	0
6.02676	0	1.34944	0	0
6.02798	0	1.56601	0	0
6.02691	0	1.48272	0	0
6.02518	0	1.43274	0	0
6.02572	0	1.2828	0	0
6.02623	0	1.08288	0	0
6.02742	0	1.29946	0	0
6.0266	0	1.2828	0	0
6.02504	0	1.14952	0	0
6.02596	0	1.1995	0	0
6.0271	0	1.23282	0	0
6.02663	0	1.29946	0	0
6.02613	0	1.26614	0	0
6.02599	0	1.0329	0	0
6.02615	0	1.16618	0	0
6.02649	0	1.1995	0	0
6.02701	0	1.51603	0	0
6.02596	0	1.2828	0	0
6.02502	0	1.13286	0	0
6.02673	0	1.31612	0	0
6.02832	0	1.3661	0	0
6.02778	0	1.59933	0	0
6.0275	0	1.26614	0	0
6.02804	0	1.33278	0	0
6.02776	0	1.53269	0	0
6.02734	0	1.4494	0	0
6.02914	0	1.49938	0	0
6.02698	0	1.31612	0	0
6.02511	0	1.1162	0	0
6.02671	0	1.58267	0	0
6.02705	0	1.16618	0	0
6.0257	0	1.33278	0	0
6.02612	0	1.1995	0	0
6.0279	0	1.24948	0	0
6.02795	0	1.34944	0	0
6.02676	0	1.1162	0	0
6.02732	0	1.4494	0	0
6.02731	0	1.09954	0	0
6.02549	0	1.24948	0	0
6.0272	0	1.49938	0	0
6.02803	0	1.1162	0	0
6.02616	0	1.18284	0	0
6.02604	0	1.26614	0	0
6.02672	0	1.3661	0	0
6.02735	0	1.34944	0	0
6.02758	0	1.51603	0	0
6.02699	0	1.31612	0	0
6.02631	0	1.33278	0	0
6.02694	0	1.39942	0	0
6.02494	0	0.916285	0	0
6.02459	0	1.26614	0	0
6.02648	0	1.3661	0	0
6.02482	0	1.06622	0	0
6.02429	0	1.26614	0	0
6.026	0	1.2828	0	0
6.02667	0	1.24948	0	0
6.02423	0	0.849646	0	0
6.02483	0	1.18284	0	0
6.02787	0	1.18284	0	0
6.02734	0	1.16618	0	0
6.02545	0	1.1162	0	0
6.02726	0	1.39942	0	0
6.02689	0	1.31612	0	0
6.02647	0	1.39942	0	0
6.02764	0	1.1995	0	0
6.02647	0	1.23282	0	0
6.02483	0	1.16618	0	0
6.02754	0	1.46606	0	0
6.02784	0	1.33278	0	0
6.02628	0	1.39942	0	0
6.02739	0	1.39942	0	0
6.02693	0	0.799667	0	0
6.02465	0	1.23282	0	0
6.02701	0	1.24948	0	0
6.02722	0	1.21616	0	0
6.02619	0	1.29946	0	0
6.02707	0	1.33278	0	0
6.02746	0	1.41608	0	0
6.02738	0	1.3661	0	0
6.02725	0	1.26614	0	0
6.02635	0	1.14952	0	0
6.02611	0	1.2828	0	0
6.02822	0	1.71595	0	0
6.02792	0	1.39942	0	0
6.02578	0	1.3661	0	0
6.0266	0	1.34944	0	0
6.02663	0	1.26614	0	0
6.02565	0	1.4494	0	0
6.02604	0	1.24948	0	0
6.02665	0	1.34944	0	0
6.0275	0	1.18284	0	0
6.02756	0	1.26614	0	0
6.02702	0	0.999584	0	0
6.02575	0	1.2828	0	0
6.02741	0	1.2828	0	0
6.02649	0	1.1995	0	0
6.0269	0	1.41608	0	0
6.02824	0	1.3661	0	0
6.02792	0	1.43274	0	0
6.02615	0	1.31612	0	0
6.02611	0	1.2828	0	0
6.02732	0	1.24948	0	0
6.02667	0	1.29946	0	0
6.02558	0	1.16618	0	0
6.0267	0	1.1995	0	0
6.02739	0	1.3661	0	0
6.02693	0	1.34944	0	0
6.02648	0	1.29946	0	0
6.02628	0	1.34944	0	0
6.02596	0	0.999584	0	0
6.02688	0	1.33278	0	0
6.02824	0	1.34944	0	0
6.02778	0	1.43274	0	0
6.02643	0	1.2828	0	0
6.02701	0	1.43274	0	0
6.02819	0	1.51603	0	0
6.02801	0	1.49938	0	0
6.0269	0	1.14952	0	0
6.02684	0	1.41608	0	0
6.02728	0	1.29946	0	0
6.0265	0	1.08288	0	0
6.02583	0	1.41608	0	0
6.02552	0	0.966264	0	0
6.02598	0	1.2828	0	0
6.02727	0	1.18284	0	0
6.0264	0	1.09954	0	0
6.025	0	1.08288	0	0
6.02787	0	1.43274	0	0
6.02942	0	1.38276	0	0
6.02746	0	1.16618	0	0
6.02815	0	1.51603	0	0
6.02806	0	1.29946	0	0
6.02631	0	1.08288	0	0
6.02613	0	1.1162	0	0
6.02708	0	1.33278	0	0
6.0286	0	1.3661	0	0
6.02773	0	1.0329	0	0
6.02658	0	1.43274	0	0
6.02853	0	1.59933	0	0
6.02766	0	1.13286	0	0
6.02678	0	1.46606	0	0
6.02727	0	1.09954	0	0
6.02647	0	1.39942	0	0
6.02526	0	1.06622	0	0
6.02681	0	1.41608	0	0
6.02843	0	1.58267	0	0
6.0262	0	1.29946	0	0
6.02638	0	1.3661	0	0
6.02729	0	1.14952	0	0
6.02505	0	1.14952	0	0
6.02668	0	1.41608	0	0
6.0274	0	1.13286	0	0
6.026	0	1.33278	0	0
6.02723	0	1.21616	0	0
6.02719	0	1.31612	0	0
6.02544	0	1.23282	0	0
6.02665	0	1.16618	0	0
6.02809	0	1.34944	0	0
6.02863	0	1.24948	0	0
6.0262	0	1.33278	0	0
6.02558	0	1.33278	0	0
6.02616	0	0.966264	0	0
6.02585	0	1.09954	0	0
6.02633	0	1.09954	0	0
6.02618	0	1.2828	0	0
6.02695	0	1.08288	0	0
6.02702	0	1.24948	0	0
6.02605	0	1.1162	0	0
6.02593	0	1.18284	0	0
6.02601	0	0.966264	0	0
6.0264	0	1.3661	0	0
6.02599	0	1.08288	0	0
6.02539	0	1.4494	0	0
6.02536	0	1.23282	0	0
6.02493	0	1.14952	0	0
6.02565	0	1.34944	0	0
6.02686	0	1.4494	0	0
6.0269	0	1.4494	0	0
6.02621	0	1.39942	0	0
6.02728	0	1.38276	0	0
6.02709	0	1.4494	0	0
6.02547	0	1.08288	0	0
6.02848	0	1.43274	0	0
6.02828	0	1.48272	0	0
6.026	0	1.21616	0	0
6.02744	0	1.4494	0	0
6.02826	0	1.13286	0	0
6.02684	0	1.1162	0	0
6.0271	0	1.1995	0	0
6.02669	0	1.2828	0	0
6.02512	0	1.1995	0	0
6.02574	0	1.29946	0	0
6.02812	0	1.14952	0	0
6.02756	0	1.21616	0	0
6.02661	0	1.24948	0	0
6.02641	0	1.2828	0	0
6.02722	0	1.26614	0	0
6.02683	0	1.13286	0	0
6.02761	0	1.2828	0	0
6.02713	0	1.29946	0	0
6.02577	0	1.48272	0	0
6.02608	0	1.0329	0	0
6.02508	0	1.34944	0	0
6.02576	0	1.23282	0	0
6.02667	0	1.34944	0	0
6.02567	0	1.09954	0	0
6.02711	0	1.3661	0	0
6.02628	0	1.14952	0	0
6.02706	0	1.24948	0	0
6.02712	0	1.56601	0	0
6.02621	0	1.09954	0	0
6.02639	0	1.18284	0	0
6.02785	0	1.2828	0	0
6.02702	0	1.14952	0	0
6.02676	0	1.39942	0	0
6.0274	0	1.08288	0	0
6.02722	0	1.29946	0	0
6.02664	0	1.24948	0	0
6.0264	0	1.24948	0	0
6.0263	0	1.14952	0	0
6.02652	0	1.1995	0	0
6.02758	0	1.09954	0	0
6.02762	0	1.38276	0	0
6.02606	0	1.1995	0	0
6.02634	0	1.39942	0	0
6.02602	0	1.3661	0	0
6.02639	0	1.3661	0	0
6.02686	0	1.23282	0	0
6.02642	0	1.41608	0	0
6.02569	0	1.1995	0	0
6.02622	0	0.999584	0	0
6.02722	0	1.41608	0	0
6.02637	0	0.849646	0	0
6.02394	0	0.982924	0	0
6.0263	0	1.29946	0	0
6.029	0	1.21616	0	0
6.02717	0	1.09954	0	0
6.02579	0	1.13286	0	0
6.02688	0	1.51603	0	0
6.02764	0	1.38276	0	0
6.0262	0	0.966264	0	0
6.02689	0	1.38276	0	0
6.02868	0	1.18284	0	0
6.02693	0	1.26614	0	0
6.02496	0	1.38276	0	0
6.02576	0	0.966264	0	0
6.02664	0	1.1995	0	0
6.02734	0	1.43274	0	0
6.02691	0	1.49938	0	0
6.02626	0	1.13286	0	0
6.02647	0	1.38276	0	0
6.02631	0	1.43274	0	0
6.02689	0	1.31612	0	0
6.02682	0	1.26614	0	0
6.02685	0	1.34944	0	0
6.0279	0	1.61599	0	0
6.0281	0	1.46606	0	0
6.02729	0	1.46606	0	0
6.02679	0	1.3661	0	0
6.02722	0	1.34944	0	0
6.02713	0	1.23282	0	0
6.02647	0	1.31612	0	0
6.0279	0	1.53269	0	0
6.0274	0	1.23282	0	0
6.02464	0	1.06622	0	0
6.02673	0	1.26614	0	0
6.02812	0	1.14952	0	0
6.0262	0	1.06622	0	0
6.02878	0	1.51603	0	0
6.02896	0	1.26614	0	0
6.02628	0	1.09954	0	0
6.02703	0	1.34944	0	0
6.02751	0	1.21616	0	0
6.0269	0	1.06622	0	0
6.02685	0	1.33278	0	0
6.02761	0	1.39942	0	0
6.02722	0	1.31612	0	0
6.02658	0	1.33278	0	0
6.0278	0	1.38276	0	0
6.02684	0	1.16618	0	0
6.02656	0	1.29946	0	0
6.02674	0	1.09954	0	0
6.02599	0	1.34944	0	0
6.02749	0	1.34944	0	0
6.02681	0	1.38276	0	0
6.02593	0	1.31612	0	0
6.02746	0	1.21616	0	0
6.02624	0	1.2828	0	0
6.02651	0	1.23282	0	0
6.02696	0	1.29946	0	0
6.02583	0	1.16618	0	0
6.02445	0	1.26614	0	0
6.02715	0	1.43274	0	0
6.02781	0	1.21616	0	0
6.02578	0	1.13286	0	0
6.02788	0	1.48272	0	0
6.02872	0	1.33278	0	0
6.02613	0	1.21616	0	0
6.02726	0	1.58267	0	0
6.02843	0	1.2828	0	0
6.02643	0	1.31612	0	0
6.0245	0	1.1995	0	0
6.02559	0	1.16618	0	0
6.02614	0	1.23282	0	0
6.02607	0	1.1995	0	0
6.02665	0	1.21616	0	0
6.02671	0	1.16618	0	0
6.02593	0	0.982924	0	0
6.02604	0	1.39942	0	0
6.02792	0	1.26614	0	0
6.02656	0	0.982924	0	0
6.0277	0	1.39942	0	0
6.02743	0	1.29946	0	0
6.02686	0	1.49938	0	0
6.02709	0	0.899625	0	0
6.02597	0	1.3661	0	0
6.02751	0	1.49938	0	0
6.02773	0	1.34944	0	0
6.02542	0	1.46606	0	0
6.02668	0	1.31612	0	0
6.02657	0	1.29946	0	0
6.02619	0	1.13286	0	0
6.02673	0	1.34944	0	0
6.02652	0	1.34944	0	0
6.02557	0	1.23282	0	0
6.02561	0	1.53269	0	0
6.0248	0	0.999584	0	0
6.02541	0	1.1995	0	0
6.02766	0	1.34944	0	0
6.02646	0	1.31612	0	0
6.02724	0	1.26614	0	0
6.02788	0	1.46606	0	0
6.02581	0	1.13286	0	0
6.02663	0	1.06622	0	0
6.02684	0	1.38276	0	0
6.0251	0	1.14952	0	0
6.02788	0	1.41608	0	0
6.02822	0	1.38276	0	0
6.02671	0	1.26614	0	0
6.02715	0	1.54935	0	0
6.02882	0	1.43274	0	0
6.02676	0	1.31612	0	0
6.02518	0	1.18284	0	0
6.02625	0	1.06622	0	0
6.02735	0	1.39942	0	0
6.02689	0	1.38276	0	0
6.02672	0	1.26614	0	0
6.02557	0	1.06622	0	0
6.02512	0	1.2828	0	0
6.02426	0	1.23282	0	0
6.02401	0	0.866306	0	0
6.02583	0	1.38276	0	0
6.02831	0	1.16618	0	0
6.02645	0	1.38276	0	0
6.02707	0	1.21616	0	0
6.02785	0	1.34944	0	0
6.02681	0	1.3661	0	0
6.02602	0	0.799667	0	0
6.02642	0	1.43274	0	0
6.02776	0	1.3661	0	0
6.02736	0	1.39942	0	0
6.02831	0	1.24948	0	0
6.02726	0	1.1162	0	0
6.02637	0	1.34944	0	0
6.02725	0	1.21616	0	0
6.02717	0	1.23282	0	0
6.02603	0	1.3661	0	0
6.02638	0	1.1162	0	0
6.02635	0	1.16618	0	0
6.02658	0	1.34944	0	0
6.0279	0	1.53269	0	0
6.02886	0	1.61599	0	0
6.02709	0	1.24948	0	0
6.02651	0	1.33278	0	0
6.0273	0	1.23282	0	0
6.02493	0	1.08288	0	0
6.02521	0	1.38276	0	0
6.02655	0	1.2828	0	0
6.02609	0	1.24948	0	0
6.02783	0	1.3661	0	0
6.02902	0	1.2828	0	0
6.0275	0	1.09954	0	0
6.02619	0	1.18284	0	0
6.02623	0	1.14952	0	0
6.02668	0	1.33278	0	0
6.02795	0	1.48272	0	0
6.0281	0	1.04956	0	0
6.0269	0	1.13286	0	0
6.02659	0	1.41608	0	0
6.02603	0	1.31612	0	0
6.0261	0	1.43274	0	0
6.02744	0	1.29946	0	0
6.02679	0	1.29946	0	0
6.02739	0	1.51603	0	0
6.02878	0	1.33278	0	0
6.02693	0	1.53269	0	0
6.02693	0	1.53269	0	0
6.02724	0	1.38276	0	0
6.02681	0	1.46606	0	0
6.02497	0	1.01624	0	0
6.0249	0	1.26614	0	0
6.02769	0	1.4494	0	0
6.02841	0	1.33278	0	0
6.02616	0	1.21616	0	0
6.02571	0	1.1995	0	0
6.02715	0	1.26614	0	0
6.02581	0	1.23282	0	0
6.02679	0	1.13286	0	0
6.0281	0	1.49938	0	0
6.02856	0	1.49938	0	0
6.02737	0	1.3661	0	0
6.02714	0	1.41608	0	0
6.02688	0	1.29946	0	0
6.02732	0	1.34944	0	0
6.02678	0	1.24948	0	0
6.02642	0	1.24948	0	0
6.02663	0	1.24948	0	0
6.0263	0	1.39942	0	0
6.02603	0	1.01624	0	0
6.02818	0	1.29946	0	0
6.02634	0	1.0329	0	0
6.02419	0	1.14952	0	0
6.02395	0	1.14952	0	0
6.02534	0	1.1162	0	0
6.02668	0	1.39942	0	0
6.02612	0	1.26614	0	0
6.02595	0	1.38276	0	0
6.02712	0	1.29946	0	0
6.02815	0	1.49938	0	0
6.0278	0	1.31612	0	0
6.02631	0	1.18284	0	0
6.02463	0	0.982924	0	0
6.02578	0	1.1162	0	0
6.02803	0	1.2828	0	0
6.02806	0	1.29946	0	0
6.02819	0	1.39942	0	0
6.02755	0	1.18284	0	0
6.02765	0	1.2828	0	0
6.02766	0	1.24948	0	0
6.02793	0	1.48272	0	0
6.02722	0	1.49938	0	0
6.02685	0	1.23282	0	0
6.0265	0	1.3661	0	0
6.02677	0	1.38276	0	0
6.02579	0	1.2828	0	0
6.02498	0	1.06622	0	0
6.02551	0	1.23282	0	0
6.02745	0	1.29946	0	0
6.02705	0	1.16618	0	0
6.02603	0	1.21616	0	0
6.02874	0	1.43274	0	0
6.0297	0	1.59933	0	0
6.02564	0	1.04956	0	0
6.02454	0	1.13286	0	0
6.02648	0	1.16618	0	0
6.02803	0	1.48272	0	0
6.02746	0	1.48272	0	0
6.02704	0	1.13286	0	0
6.02672	0	1.39942	0	0
6.02777	0	1.23282	0	0
6.02718	0	1.33278	0	0
6.02756	0	1.51603	0	0
6.02756	0	1.09954	0	0
6.027	0	1.43274	0	0
6.02747	0	1.09954	0	0
6.0272	0	1.4494	0	0
6.02658	0	1.33278	0	0
6.02782	0	1.38276	0	0
6.02936	0	1.48272	0	0
6.02806	0	1.43274	0	0
6.02773	0	1.31612	0	0
6.02725	0	1.64931	0	0
6.02724	0	1.43274	0	0
6.02664	0	1.46606	0	0
6.02653	0	1.29946	0	0
6.02783	0	1.54935	0	0
6.02634	0	1.21616	0	0
6.02501	0	1.34944	0	0
6.02606	0	1.01624	0	0
6.02551	0	1.18284	0	0
6.0258	0	1.29946	0	0
6.02653	0	1.26614	0	0
6.02703	0	1.21616	0	0
6.02739	0	1.38276	0	0
6.02634	0	1.2828	0	0
6.0239	0	1.01624	0	0
6.02514	0	0.949604	0	0
6.02781	0	1.34944	0	0
6.02813	0	1.43274	0	0
6.0268	0	1.26614	0	0
6.02699	0	1.59933	0	0
6.02728	0	1.14952	0	0
6.02734	0	1.39942	0	0
6.02791	0	1.3661	0	0
6.02808	0	1.14952	0	0
6.02654	0	1.2828	0	0
6.02579	0	1.16618	0	0
6.02631	0	1.1995	0	0
6.0273	0	1.33278	0	0
6.02758	0	1.48272	0	0
6.02653	0	1.24948	0	0
6.02791	0	1.54935	0	0
6.02786	0	1.34944	0	0
6.0273	0	1.18284	0	0
6.02739	0	1.38276	0	0
6.02684	0	1.1162	0	0
6.0267	0	1.49938	0	0
6.02638	0	1.14952	0	0
6.02506	0	1.21616	0	0
6.02623	0	1.13286	0	0
6.02808	0	1.33278	0	0
6.02842	0	1.54935	0	0
6.02809	0	1.38276	0	0
6.02692	0	1.13286	0	0
6.02639	0	1.31612	0	0
6.02746	0	1.29946	0	0
6.0266	0	1.21616	0	0
6.0242	0	1.09954	0	0
6.02681	0	1.48272	0	0
6.02873	0	1.41608	0	0
6.02601	0	1.21616	0	0
6.02552	0	1.1995	0	0
6.02651	0	1.31612	0	0
6.02718	0	1.33278	0	0
6.02737	0	1.33278	0	0
6.02718	0	1.39942	0	0
6.02657	0	1.26614	0	0
6.02638	0	1.38276	0	0
6.02733	0	1.38276	0	0
6.02696	0	1.33278	0	0
6.02699	0	1.29946	0	0
6.0284	0	1.54935	0	0
6.02802	0	1.46606	0	0
6.02716	0	1.31612	0	0
6.02637	0	1.16618	0	0
6.02732	0	1.34944	0	0
6.02726	0	1.26614	0	0
6.02634	0	1.41608	0	0
6.02749	0	1.16618	0	0
6.02681	0	1.23282	0	0
6.02791	0	1.33278	0	0
6.02787	0	1.2828	0	0
6.02666	0	1.26614	0	0
6.02756	0	1.38276	0	0
6.0273	0	1.26614	0	0
6.02537	0	1.26614	0	0
6.02572	0	1.23282	0	0
6.0267	0	1.38276	0	0
6.0269	0	1.34944	0	0
6.0265	0	1.09954	0	0
6.0261	0	1.53269	0	0
6.026	0	1.16618	0	0
6.02713	0	1.49938	0	0
6.02915	0	1.68263	0	0
6.02751	0	1.49938	0	0
6.02582	0	1.1995	0	0
6.0268	0	1.34944	0	0
6.02795	0	1.3661	0	0
6.02552	0	1.23282	0	0
6.02514	0	1.1995	0	0
6.02813	0	1.34944	0	0
6.02822	0	1.34944	0	0
6.02699	0	1.0329	0	0
6.02654	0	1.06622	0	0
6.02593	0	1.29946	0	0
6.02424	0	0.832986	0	0
6.02592	0	1.49938	0	0
6.02817	0	1.61599	0	0
6.02663	0	1.33278	0	0
6.02674	0	1.4494	0	0
6.02772	0	1.23282	0	0
6.02708	0	1.33278	0	0
6.02732	0	1.23282	0	0
6.02712	0	1.29946	0	0
6.02668	0	1.1162	0	0
6.02703	0	1.51603	0	0
6.02868	0	1.3661	0	0
6.02673	0	1.34944	0	0
6.02653	0	1.18284	0	0
6.02953	0	1.61599	0	0
6.02897	0	1.33278	0	0
6.02651	0	1.2828	0	0
6.02682	0	1.48272	0	0
6.02599	0	1.29946	0	0
6.02612	0	1.34944	0	0
6.02746	0	1.43274	0	0
6.02693	0	1.39942	0	0
6.02657	0	1.39942	0	0
6.02778	0	1.41608	0	0
6.02769	0	1.66597	0	0
6.02722	0	1.01624	0	0
6.02677	0	1.38276	0	0
6.02764	0	1.26614	0	0
6.02636	0	1.0329	0	0
6.02507	0	1.13286	0	0
6.02667	0	1.31612	0	0
6.02731	0	1.23282	0	0
6.02655	0	1.49938	0	0
6.02613	0	1.26614	0	0
6.02607	0	1.38276	0	0
6.02891	0	1.29946	0	0
6.02819	0	1.33278	0	0
6.02645	0	1.34944	0	0
6.02564	0	1.16618	0	0
6.02777	0	1.29946	0	0
6.02824	0	1.38276	0	0
6.0271	0	1.38276	0	0
6.027	0	1.26614	0	0
6.02772	0	1.38276	0	0
6.02716	0	1.33278	0	0
6.02758	0	1.3661	0	0
6.0273	0	1.21616	0	0
6.02749	0	1.49938	0	0
6.0285	0	1.58267	0	0
6.02671	0	1.13286	0	0
6.02776	0	1.39942	0	0
6.0281	0	1.33278	0	0
6.02598	0	1.24948	0	0
6.02535	0	1.2828	0	0
6.02769	0	1.33278	0	0
6.02751	0	1.34944	0	0
6.02657	0	1.26614	0	0
6.02715	0	1.16618	0	0
6.02555	0	1.33278	0	0
6.0267	0	1.38276	0	0
6.02781	0	1.24948	0	0
6.02773	0	1.49938	0	0
6.02618	0	1.06622	0	0
6.02694	0	1.64931	0	0
6.02831	0	1.38276	0	0
6.02689	0	1.4494	0	0
6.0272	0	1.14952	0	0
6.0274	0	1.54935	0	0
6.02586	0	1.06622	0	0
6.02608	0	1.21616	0	0
6.02785	0	1.3661	0	0
6.02582	0	1.04956	0	0
6.02661	0	1.54935	0	0
6.02876	0	1.54935	0	0
6.0257	0	1.1162	0	0
6.02589	0	1.08288	0	0
6.02773	0	1.24948	0	0
6.02668	0	1.08288	0	0
6.02723	0	1.46606	0	0
6.02756	0	1.24948	0	0
6.02557	0	1.04956	0	0
6.02671	0	1.39942	0	0
6.0275	0	1.23282	0	0
6.02731	0	1.41608	0	0
6.02661	0	1.48272	0	0
6.02733	0	1.3661	0	0
6.02602	0	1.31612	0	0
6.02611	0	1.34944	0	0
6.02852	0	1.48272	0	0
6.02891	0	1.49938	0	0
6.02568	0	1.34944	0	0
6.02684	0	1.33278	0	0
6.02712	0	1.2828	0	0
6.0272	0	1.24948	0	0
6.02808	0	1.24948	0	0
6.02657	0	1.49938	0	0
6.02602	0	1.08288	0	0
6.02658	0	1.38276	0	0
6.02618	0	1.41608	0	0
6.02725	0	1.34944	0	0
6.02715	0	1.26614	0	0
6.02562	0	1.08288	0	0
6.02512	0	1.13286	0	0
6.02817	0	1.59933	0	0
6.02924	0	1.26614	0	0
6.0274	0	1.24948	0	0
6.02659	0	1.34944	0	0
6.02713	0	1.14952	0	0
6.02684	0	1.51603	0	0
6.02686	0	1.1995	0	0
6.02664	0	1.33278	0	0
6.02758	0	1.4494	0	0
6.02647	0	1.06622	0	0
6.02617	0	1.31612	0	0
6.02749	0	1.43274	0	0
6.0276	0	1.1162	0	0
6.02569	0	1.2828	0	0
6.02594	0	1.1995	0	0
6.02607	0	0.999584	0	0
6.02761	0	1.31612	0	0
6.02821	0	1.34944	0	0
6.02761	0	1.4494	0	0
6.02676	0	1.18284	0	0
6.02707	0	1.1995	0	0
6.02637	0	1.41608	0	0
6.02566	0	0.982924	0	0
6.02767	0	1.68263	0	0
6.02806	0	1.59933	0	0
6.02558	0	1.1162	0	0
6.02625	0	1.21616	0	0
6.02716	0	1.46606	0	0
6.02527	0	1.26614	0	0
6.0259	0	1.21616	0	0
6.02882	0	1.46606	0	0
6.02839	0	1.43274	0	0
6.02558	0	1.08288	0	0
6.02439	0	0.982924	0	0
6.02709	0	1.2828	0	0
6.02603	0	1.16618	0	0
6.02697	0	1.43274	0	0
6.02918	0	1.29946	0	0
6.02733	0	1.21616	0	0
6.02592	0	1.41608	0	0
6.02799	0	1.16618	0	0
6.02713	0	1.29946	0	0
6.02579	0	1.01624	0	0
6.0267	0	1.24948	0	0
6.02648	0	1.13286	0	0
6.02501	0	1.01624	0	0
6.02589	0	1.49938	0	0
6.02756	0	1.3661	0	0
6.02651	0	1.13286	0	0
6.02628	0	1.31612	0	0
6.02819	0	1.1995	0	0
6.02727	0	1.54935	0	0
6.02679	0	1.33278	0	0
6.02648	0	1.23282	0	0
6.02776	0	1.24948	0	0
6.0277	0	1.41608	0	0
6.02655	0	1.2828	0	0
6.02631	0	1.33278	0	0
6.02886	0	1.58267	0	0
6.02864	0	1.48272	0	0
6.02824	0	1.29946	0	0
6.02728	0	1.38276	0	0
6.02559	0	0.982924	0	0
6.02665	0	1.1162	0	0
6.02755	0	1.1995	0	0
6.02696	0	1.38276	0	0
6.02753	0	1.23282	0	0
6.02665	0	1.1995	0	0
6.02701	0	0.949604	0	0
6.02791	0	1.56601	0	0
6.02783	0	1.51603	0	0
6.02765	0	1.33278	0	0
6.02613	0	1.34944	0	0
6.02657	0	1.54935	0	0
6.02643	0	1.1162	0	0
6.02578	0	1.38276	0	0
6.02725	0	1.24948	0	0
6.0268	0	1.33278	0	0
6.02759	0	1.43274	0	0
6.02853	0	1.34944	0	0
